"Day","Subject","Treat","Rep","Glucose","Galactose","Fructose","Xylose","Arabinose","Fucose","Rhamnose","GlcA","GalA","GlcNAc","GalNAc","Mannose","Allose","Ribose"
"d0","NoSub","ctl-m","A",9.3234137143861e-06,0,0,0,0,3.9453859372602e-06,0,0,0,0,0,5.48450992197675e-06,0,0
"d0","NoSub","ctl-m","B",3.09498802771514e-05,0,0,0,0,1.91247005306413e-06,0,0,0,0,0,0.000120880725077379,0,0
"d0","NoSub","ctl-m","C",2.74949742227322e-05,0,0,0,0,3.10210696876856e-06,0,0,0,0,0,3.42803442459337e-05,0,3.1690980600255e-06
"d1","NoSub","ctl-m","A",3.94332293898422e-05,0,0,0,0,0,0,0,0,0,0,5.4689300800348e-06,0,0
"d1","NoSub","ctl-m","B",2.53539361999592e-05,0,0,0,0,2.01498684355573e-06,9.50883690795955e-07,0,0,0,0,2.91421172223177e-05,0,4.44814429242176e-06
"d1","NoSub","ctl-m","C",4.07053262705548e-05,0,0,0,0,0,0,0,0,0,0,3.63962641494164e-06,0,0
"d2","NoSub","ctl-m","A",5.65983024186825e-05,0,0,0,0,0,0,0,0,0,0,6.58170151232505e-06,0,5.36789755978015e-06
"d2","NoSub","ctl-m","B",6.3866126571658e-05,0,0,0,0,0,0,0,0,0,0,7.79233959572305e-06,0,1.24110972566794e-05
"d2","NoSub","ctl-m","C",3.43161476807112e-05,0,0,0,0,0,0,0,0,0,0,0.0001261553229343,0,1.01921378455447e-05
"d3","NoSub","ctl-m","A",7.81247773808345e-05,0,0,0,0,0,0,0,0,0,0,2.61104119391765e-05,0,0.000451720757767701
"d3","NoSub","ctl-m","B",5.27135937687475e-05,0,0,0,0,0,0,0,0,0,0,4.99612808986995e-06,0,6.4168340414922e-06
"d3","NoSub","ctl-m","C",6.95923142575545e-05,0,0,0,0,0,0,0,0,0,0,4.01758055214674e-06,0,4.95340460683226e-06
"d0","NoSub","ctl-f","A",0.00377823796705766,0.00123204203746302,0.00150483179536246,0,0,4.32531370613326e-06,1.9776639001817e-06,0,0,0,0,0.000256185591624158,0,2.99844753456038e-05
"d0","NoSub","ctl-f","B",0.0036329716698507,0.00127783306025478,0.00146578204338103,0,0,5.91618227067515e-06,2.19975940830134e-06,0,0,0,0,0.000241555592020366,0,2.66588848757771e-05
"d0","NoSub","ctl-f","C",0.00559977340766745,0.00117174977266661,0.00148067402842204,0,0,3.55406924234615e-06,2.6311593351589e-06,0,0,0,0,0.000185821426403766,0,0.000135278874057166
"d1","NoSub","ctl-f","A",0.00272931972010427,0.00102957330015954,0.00088058256867133,0,0,0,7.07700698830585e-06,0,0,0,0,0.000215946752870671,0,2.98299565811925e-05
"d1","NoSub","ctl-f","B",0.00347474267332482,0.00149514525007691,0.00151056290060104,0,0,0,5.39394500459075e-06,0,0,0,0,0.000252262457806911,0,3.45446626072607e-05
"d1","NoSub","ctl-f","C",0.0055576351189754,0.00156342885297889,0.00142040578427695,0,0,0,2.68374599344338e-06,0,0,0,0,0.000178149976342514,0,5.3356109797591e-05
"d2","NoSub","ctl-f","A",0.0060618199059855,0.0019533164701226,0.00209199738608886,0,0,0,0,0,0,0,0,0.00033160780580393,0,4.87960002086279e-05
"d2","NoSub","ctl-f","B",0.0052624958352253,0.00205865544288553,0.00230504753399085,0,0,0,0,0,0,0,0,0.000401878753055562,0,5.0836525063642e-05
"d2","NoSub","ctl-f","C",0.00473377771500436,0.000928826560814365,0.000583581679762425,0,0,0,0,0,0,0,0,0.000110726115818919,0,5.2080437676333e-05
"d3","NoSub","ctl-f","A",0.0115621869180769,0.0015536995705441,0.00151819906755291,0,0,0,0,0,0,0,0,0.000255988085629833,0,0.000119552875202409
"d3","NoSub","ctl-f","B",0.00339339523116025,0.00122251838229683,0.0011439606030554,0,0,0,0,0,0,0,0,0.000225537128316088,0,4.51303823405225e-05
"d3","NoSub","ctl-f","C",0.022860498762906,0.00180499803518255,0.00172720823835233,0,0,0,0,0,0,0,0,0.000280878140466859,0,0.000120932896239142
"d0","Sub1","MSPrebio","A",0.203541234502137,0.0172300174484369,0.0144000271060045,0.00396385377123613,0.006522098692952,0.00202841733562811,0.000711817781153675,0,0.0086088954049426,0.0062858089444735,0,0.00108881544737807,0,0.0549823002729825
"d0","Sub1","MSPrebio","B",0.230087539455575,0.0180958644905953,0.0129231464230939,0.00357259275959686,0.00666969116278255,0.00210784994390736,0.00063009371482274,0,0.0079197397591362,0.0067805646813341,0,0.000993680330866025,0,0.050415306479907
"d0","Sub1","MSPrebio","C",0.150701734542606,0.0202707616702362,0.0115903981776319,0.00385118659599538,0.0060857436666445,0.00194137969263463,0.000719106051630375,0,0.0083028348975125,0.00720706775904375,0,0.00115354508232022,0,0.0616705219086665
"d1","Sub1","MSPrebio","A",1.0802760753348,0.00434075742893232,0.0070472752184877,0.0034632809017781,0.00220971029399891,0.0010669858413005,0.00062533022808889,0,0.000322142578265797,0.000735845136105875,0,0.000555842751437265,0,0.0167799435388665
"d1","Sub1","MSPrebio","B",1.11730283876727,0,0.00821592207765485,0.00355082697142798,0.00278999712371317,0.00146081271996242,0.00060962647712097,0,0.00036890967674827,0.00074829080253854,0,0.000702577669783725,0,0.0216119125528422
"d1","Sub1","MSPrebio","C",1.05987201200555,0.00540932085027905,0.00571382452692015,0.0033650713010511,0.00248773651972858,0.00126637170600364,0.00058693851954687,0,0.00030085043233173,0.00088409197419148,0,0.000473762984380581,0,0.0210525135731048
"d2","Sub1","MSPrebio","A",1.92774492000445,0,0.0137316607317629,0.00404684851224206,0.00410447683464935,0.00184288082091824,0.00090842000846222,0,0.000499766576592511,0.00119844677960945,0,0.0008396708644723,0,0.027849261666137
"d2","Sub1","MSPrebio","B",2.02333973401556,0,0.0133655053845933,0.00437032030170941,0.00412985129163022,0.00208483856524802,0.000817964971644335,0,0.000468535364185993,0.00174396910662169,0,0.00099055125811227,0,0.030024010099372
"d2","Sub1","MSPrebio","C",1.92541290947098,0,0.0108365050276047,0.00417747253170354,0.00414159157595268,0.00220395063196703,0.00083622083920456,0,0.00045506013123902,0.00191280106721828,0,0.00079963795757444,0,0.0345291729690568
"d3","Sub1","MSPrebio","A",2.45649880480264,0,0.01397315775591,0.00420934188265777,0,0.00146170601676348,0.00065190369964179,0,0.000384178855687352,0.00122235165418659,0,0.00076917702670533,0,0.0233537875539831
"d3","Sub1","MSPrebio","B",2.92615478635927,0,0.0179610438853753,0.00481762560592238,0,0.00194289935065429,0.000800567732739,0,0.00050849992685608,0.00216431964225841,0,0.00113711793639543,0,0.0315339176576921
"d3","Sub1","MSPrebio","C",2.06817788237156,0,0.0105370287795266,0.00423117277489176,0,0.00170528405238759,0.00066419320060943,0,0.000338382768635788,0.00185689506738685,0,0.000806291909388765,0,0.0287846010732089
"d0","Sub2","MSPrebio","A",0.463801418981546,0,0.00375891753984567,0.000821208458007175,0.00132366292587866,0.00117986237115358,0.000192049952595533,0,0.00072050663592742,0.00340875507106171,0,0.0006770108697047,0,0.042095259439898
"d0","Sub2","MSPrebio","B",0.356139203379129,0,0.00288259043209903,0.00089689382474985,0.00124488525614224,0.00119495701928101,0.000196807525552885,0,0.00061544581882459,0.00322929163676144,0,0.00065468620425883,0,0.0413830507451458
"d0","Sub2","MSPrebio","C",0.325908293435476,0,0.00354636779571247,0.000873068599583565,0.0013608047031129,0.0012048503323951,0.000200041325058463,0,0.00056345243701,0.00310850938959523,0,0.000606088098034535,0,0.041531620682213
"d1","Sub2","MSPrebio","A",0.0100156286701663,0,0.00106629796626865,0,0,0,8.65076088637505e-05,0,3.46973909830324e-05,0.000202294562157775,0,2.94984347789685e-05,0,0.00919991570032445
"d1","Sub2","MSPrebio","B",0.0106863871990574,0,0.00119710252003482,0,0,0,7.3131584135621e-05,0,3.1206750753546e-05,0,0,4.7702833998536e-05,0,0.00879290384486165
"d1","Sub2","MSPrebio","C",0.0112367345655591,0,0.00135309605708155,0,0,0,7.09223656570755e-05,0,4.79085702284072e-05,0,0,2.1788407877849e-05,0,0.0099011466066146
"d2","Sub2","MSPrebio","A",0.0433065448624008,0,0.00321979934482549,0,0,9.54384977173985e-05,0.000219655909732485,0,5.03426383021415e-05,0,0,6.6873191279824e-05,0,0.0130228846433185
"d2","Sub2","MSPrebio","B",0.0338944810947737,0,0.00225589190058983,0,0,8.97710095278645e-05,0.000172576027364879,0,6.1252262761626e-05,0.00151781125657938,0,7.99137580572835e-05,0,0.010570616245007
"d2","Sub2","MSPrebio","C",0.0385005647996869,0,0.00143338543236479,0,0,7.9648013240016e-05,0.000132325877269024,0,4.12428703175498e-05,0.00086690473123968,0,3.21540341894779e-05,0,0.00767402808039015
"d3","Sub2","MSPrebio","A",0.0106567624683765,0,0.00133925398082059,8.7254624848743e-05,0,8.3895564672061e-05,0.000391944291581123,0,0.000100280310276634,0,0,1.60118106699023e-05,0,0.00432887200519803
"d3","Sub2","MSPrebio","B",0.0072697331884438,0,0.00162552284734196,9.63213696293805e-05,0,0.000100418814317339,0.00026806978912728,0,0.000121623483736876,0,0,2.56843809808141e-05,0,0.00462034924783208
"d3","Sub2","MSPrebio","C",0.0107726492296162,0,0.00153113453036679,7.3737295637753e-05,0.000369576341535161,0.000105726670140264,0.000325422812267221,0,6.84892966841625e-05,0,0,1.31306476561207e-05,0,0.00329623376897163
"d0","Sub3","MSPrebio","A",0.993276460803385,0,0.00536405691881485,0.00084837136390587,0.00144467032104244,0.00127712029730018,0.000165379946027195,0,0.00181906860147963,0.00455483409500063,0,0.000649365384057855,0,0.029616801110926
"d0","Sub3","MSPrebio","B",0.59903287259571,0,0.00466182594707738,0.000988019519963005,0.00132385166178784,0.00138973790874602,0.000171462538151395,0,0.00201310812464974,0.00479050510122668,0,0.00061717709556848,0,0.0314132356792597
"d0","Sub3","MSPrebio","C",0.611265793610295,0,0.00367619733118046,0.000679870909348155,0.0012571912842114,0.00115403588177779,0.000162116966350943,0,0.00165387633467852,0.00390137157714865,0,0.000593017828622135,0,0.0259951252854776
"d1","Sub3","MSPrebio","A",0.0062817566382758,0,0.000952300950228465,9.7342664303173e-07,0,0.000478160566122623,4.05347563910453e-05,0,7.34719135596415e-05,0,0,4.7706577020802e-05,0,0.00346923583347933
"d1","Sub3","MSPrebio","B",0.0088995558767735,0,0.00108179813577487,0,0,0.000436528267674449,4.91664677098879e-05,0,8.3265964793539e-05,0,0,5.74743700967305e-05,0,0.00424184617798549
"d1","Sub3","MSPrebio","C",0.0126294647271554,0,0.00115505993635097,0,0,0.000256722512253138,3.89044957288841e-05,0,7.43954215654185e-05,0,0,5.5975543198071e-05,0,0.00460704969798426
"d2","Sub3","MSPrebio","A",0.00455855725395392,0.000476351920119192,0.00143172693263601,0,0.000259568643290419,0.00078024069209722,8.85398650197165e-05,0,0.000185722758122334,0,0,9.06260933211625e-05,0,0.00137504534294749
"d2","Sub3","MSPrebio","B",0.0050186502227196,0.000286295232268343,0.00129845110543645,0,0.000376927511374361,0.0005740006645992,7.4845740138127e-05,0,5.6775551207118e-05,0.000322674011302685,0,0.000147501225646547,0,0.00205936935326404
"d2","Sub3","MSPrebio","C",0.00660485027038915,0.000398511112206469,0.00120402138820368,0,0.00033197703895928,0.000344772942315461,6.8210886998939e-05,0,0.000123306575714381,0,0,9.11981092024285e-05,0,0.00336033865958537
"d3","Sub3","MSPrebio","A",0.00303595719595934,0.000343617484914854,0.0008289635995954,4.53209735244393e-05,0.000314245595089922,0.00064525873055798,0.000151201283047393,0,0.000163491460337363,0,0,5.91844291103025e-05,0,0.00094611346560698
"d3","Sub3","MSPrebio","B",0.00876266561333265,0.00021677627119273,0.00104157707821951,6.47530718932455e-05,0.000394586465988355,0.00056861378115056,0.000169540110226154,0,0.000130936596212954,0,0,6.11939978275675e-05,0,0.00201412480003137
"d3","Sub3","MSPrebio","C",0.0150413077230335,0.000214989792984199,0.00128850226397426,9.3255192176917e-05,0.0003426130553903,0.000376511521851679,0.000109024189457788,0,0.000126247018508968,0,0,7.13663104103415e-05,0,0.0038164372040126
"d0","Sub4","MSPrebio","A",0.489639093893946,0,0.00271067447093473,0.00171566753090479,4.20717040813546e-06,0.00105098668651907,0.00027722592487858,0,0.00321921180973505,0.00250927938566174,0,0.000984052184646525,0,0.0453630981767352
"d0","Sub4","MSPrebio","B",0.56567493680788,0,0.00316580087913975,0.00174004579141019,4.36318261082036e-06,0.00111988335558871,0.000255471478785828,0,0.00330139863051414,0.00312822241976618,0,0.00101579351315804,0,0.0470198280412574
"d0","Sub4","MSPrebio","C",0.5644044336934,0,0.00383041783907275,0.00175594169223328,0,0.00112237962579463,0.000271606896930953,0,0.00356738435529157,0.0033051667825327,0,0.00103832509352111,0,0.0487410677005854
"d1","Sub4","MSPrebio","A",0.00327066673511225,0.00029091164114808,0.000993914519500995,0,0,0,0.000112907486587288,0,0.000169483086891819,0,0,4.52013203359578e-05,0,0.00176422409155348
"d1","Sub4","MSPrebio","B",0.0054724041229326,0.000357952002020334,0.00155464563962772,0,0,0,0.000175273973550522,0,0.000259923422747555,0,0,6.00089449014395e-05,0,0.00235089792991772
"d1","Sub4","MSPrebio","C",0.00276952256467843,0.000237874424614516,0.000803027815023895,0,0,0,0.000122320292778256,0,0.000123056716449982,0,0,3.82715236862669e-05,0,0.00169929407058681
"d2","Sub4","MSPrebio","A",0.00208121275604876,0.000324586050939429,0.00062816966953671,5.27231510505585e-05,0,0,0.000158997798637151,0,0.00020217388286065,0,0,4.35264727813272e-05,0,0.00278315716967451
"d2","Sub4","MSPrebio","B",0.00332782280005877,0.000396597388750911,0.0011016451811395,5.79370422624645e-05,0,0,0.00016170919216895,0,0.000216907021427084,0,0,2.90047472016149e-05,0,0.0034161916120545
"d2","Sub4","MSPrebio","C",0.00323093663152391,0.000426593404536235,0.00077379638584313,5.8297293632766e-05,0,0,0.000187126857152177,0,0.000223180451900475,0.000187498231034009,0,4.48512721783135e-05,0,0.00428799920176712
"d3","Sub4","MSPrebio","A",0.00388223641078143,0.000496255073320491,0.000899098184793105,0.000100281498553167,0.000237261416795849,0,0.000201755377650023,0,0.00044457430254924,0,0,4.1051566266958e-05,0,0.0079070793258625
"d3","Sub4","MSPrebio","B",0.00349115438282252,0.000497479445670982,0.000572550496309475,6.07617411157815e-05,0.000232927541756927,0,0.000201005029487952,0,0.000511277702813965,0,0,3.65739469482643e-05,0,0.0108768020819074
"d3","Sub4","MSPrebio","C",0.00431627240120827,0.000467353961611286,0.00108924362712717,9.55643922352345e-05,0.000334190830439537,0,0.000203485430111984,0,0.000438407624469047,0,0,4.11233902997913e-05,0,0.0108496830170655
"d0","Sub5","MSPrebio","A",0.0503081069569545,0.0082887786537776,0.00207172146421735,0.000195722735422329,0.000525788552384215,0.00113750613491444,6.17437976887135e-05,0,0.00062734800775273,0.00356868835412593,0,0.00071923168683997,0,0.0258684452455398
"d0","Sub5","MSPrebio","B",0.0716869045825865,0.00979890039609355,0.00215739917076361,0.000237280865248749,0.00056128843115248,0.00126817906277804,7.6011582778374e-05,0,0.00057277568078905,0.00399208037953481,0,0.000793346727583225,0,0.029059552453847
"d0","Sub5","MSPrebio","C",0.0744516100865285,0.00864529274225645,0.00171945979504425,0.000164613523162578,0.000512421064462865,0.00118329350942114,6.9310198462593e-05,0,0.00055004252221839,0.00356044403506084,0,0.000739638324188005,0,0.0266089326966847
"d1","Sub5","MSPrebio","A",0.735220357358955,0,0.0095057390296697,0.00071509353764444,0.000958895339331795,0.00209061232725987,0,0,0,0.00149911956394699,0,0.00061700643312754,0,0.00876179680500295
"d1","Sub5","MSPrebio","B",0.882803614544985,0,0.0101751836671821,0.00095372890722774,0.00120313253946822,0.00213114478333902,0,0,0,0.00130869967323756,0,0.00051207941706345,0,0.00936858611771905
"d1","Sub5","MSPrebio","C",0.938195056707725,0,0.0112531705233294,0.00093329085410561,0.00169898099941946,0.00248513565664684,0,0,0,0.00128009436557059,0,0.00073117504756918,0,0.00948220748348775
"d2","Sub5","MSPrebio","A",1.13520277035298,0,0.010444296103357,0.00086152355145113,0,0.001738186683584,0,0,6.5320733167345e-05,0.00165352653457473,0,0.00059521797095146,0,0.0100057090283283
"d2","Sub5","MSPrebio","B",1.39175426277028,0,0.011319637806936,0.000956166410939015,0,0.00214440447027139,0,0,3.57030250456347e-05,0.0015671297252147,0,0.000639265353629035,0,0.0115940375791948
"d2","Sub5","MSPrebio","C",0.762357519498035,0,0.00938860080188085,0.000901684151303055,0,0.0017367027808945,0,0,3.1878344076744e-05,0.00103472212898225,0,0.000559791789949215,0,0.00812141977029925
"d3","Sub5","MSPrebio","A",1.82191593133148,0,0.0119733920493681,0.000707648898172465,0.00112887272080936,0.00173152606915058,0,0,6.74046265869845e-05,0.00298233599431097,0,0.00078544259998089,0,0.01391672887579
"d3","Sub5","MSPrebio","B",1.77448412033655,0,0.0113737014396465,0.00078981843804075,0.00113381131635574,0.00170594645775639,0,0,6.0090570622382e-05,0.00200130368333708,0,0.00071868142075005,0,0.0129424634085177
"d3","Sub5","MSPrebio","C",1.1098872615379,0,0.0114898859701617,0.000762506630258345,0.000991815154685995,0.0016765711749572,0,0,5.7062350298269e-05,0.00170862584650808,0,0.000800720184241775,0,0.0111217933845251
"d0","NoSub","ctl-m","A",7.60519737835475e-05,0,0,0,0,1.45587886130888e-05,6.22721750908865e-06,0,0,2.73309183479441e-05,0,0,0,6.6937409696769e-05
"d0","NoSub","ctl-m","B",8.22729936517265e-06,0,0,0,0,0,0,0,0,1.28209690624868e-05,0,0,0,0
"d0","NoSub","ctl-m","C",4.1291998558417e-05,0,0,0,0,0,0,0,0,1.86224050388636e-05,0,0,0,0
"d1","NoSub","ctl-m","A",0,0,0,0,0,0,0,0,0,0,0,0,0,0
"d1","NoSub","ctl-m","B",0,0,0,0,0,0,0,0,0,0,0,0,0,0
"d1","NoSub","ctl-m","C",0,0,0,0,0,0,0,0,0,0,0,0,0,0
"d2","NoSub","ctl-m","A",0,0,0,0,0,0,0,0,0,0,0,0,0,0
"d2","NoSub","ctl-m","B",0,0,0,0,4.1276345102922e-06,0,0,0,0,0,0,0,0,0
"d2","NoSub","ctl-m","C",0,0,0,0,2.38569656452244e-06,0,0,0,0,0,0,0,0,0
"d3","NoSub","ctl-m","A",0,0,0,0,1.35634038929979e-06,0,0,0,0,0,0,0,0,0
"d3","NoSub","ctl-m","B",0,0,0,0,1.74148401162575e-06,4.25286047401622e-05,0,0,0,0,0,0,0,0
"d3","NoSub","ctl-m","C",0,0,0,0,1.00633563840886e-06,0,0,0,8.2351616638626e-06,0,0,0,0,0
"d0","NoSub","ctl-f","A",0.00127957095420759,0.0181345571294108,0.00172955146486938,8.4070046704688e-05,0,0,0,0,1.06641585312357e-05,2.01180649869027e-05,0,0.00439579310146601,0,0
"d0","NoSub","ctl-f","B",0.00138829542253849,0.0182571035063347,0.00171343833954269,0,0,0,0,0,0,2.92223761157985e-05,0,0.0052997619838247,0,2.8252257532924e-05
"d0","NoSub","ctl-f","C",0.00122017134877266,0.0163445299160304,0.00139367470072306,0,0.000103099257947755,0,0,0,0,0,0,0.00473568525763065,0,0.000107153758946822
"d1","NoSub","ctl-f","A",0.00159683242361181,0.0218406309984363,0.00181074270016071,5.973128855208e-05,0.000324561166260205,0,0,0,0,0,1.70454257418815e-05,0.0053379033846896,0,0.00054098255932579
"d1","NoSub","ctl-f","B",0.0014604071727416,0.0172628347289107,0.00152650792404154,0,8.80272245752675e-06,0,0,0,0,1.25082746589332e-05,0,0.00471313872248964,0,3.95348088759934e-05
"d1","NoSub","ctl-f","C",0.00132351532674114,0.01967351053163,0.00150617708366105,7.70798374605775e-05,1.63974694173235e-05,0,0,0,0,0,0,0.0057332240923476,0,3.98016268975525e-05
"d2","NoSub","ctl-f","A",0.00117630069810637,0.0155770633245061,0.00134056390144311,0,1.00269556750067e-05,3.13487357138477e-05,0,0,0,0,0,0.00446890784154721,0,0
"d2","NoSub","ctl-f","B",0.000959823191455775,0.012328904531221,0.00096020822711461,0.000144164903859303,2.97194904287735e-05,2.43858401796969e-05,0,0,0,0,0,0.00377710605581262,0,0
"d2","NoSub","ctl-f","C",0.00119026486582144,0.0154397845231052,0.00151600475193007,0.000159760681472307,1.11042132662087e-05,0,0,0,0,4.94167380252799e-05,0,0.005059220138195,0,0
"d3","NoSub","ctl-f","A",0.00113475209579205,0.0159029592331975,0.00153982931403445,0,1.76993961357204e-05,0,0,0,6.0816363561622e-06,0,0,0.00425139676550146,0,2.65464483371628e-05
"d3","NoSub","ctl-f","B",0.000961062956267615,0.0171789878722161,0.00181361808913238,0,2.46874686168091e-05,0,0,0,0,0,0,0.00543824028050645,0,3.33883068986109e-05
"d3","NoSub","ctl-f","C",0.00121706334291045,0.0165749418813448,0.00134756298808234,0.000125342412526563,4.39156150616163e-05,0,0,0,0,0,0,0.0050247397249999,0,2.56590762036084e-05
"d0","Sub1","Sunfiber","A",0.0314363140660735,0.109157884774523,0.021485793207174,0,0.0069167759016226,0.00242948391687767,0.000496594637942461,0,0,0,0.000805397339318915,0.0088224589837419,0,0.0405231800652737
"d0","Sub1","Sunfiber","B",0.0288530094035236,0.098558504100139,0.0174448319871462,0,0.00577344144673665,0.00211037555163903,0.000464748561727589,0,0,0,6.9098216659008e-05,0.00783691846236785,0,0.034933840949326
"d0","Sub1","Sunfiber","C",0.0385984590461331,0.117279138116555,0.0215469549674762,0,0,0.00261862919383376,0.00062429333330787,0,0,0,0.000540838986319135,0.0105771162391315,0,0.0487936635008413
"d1","Sub1","Sunfiber","A",0.013217621864831,0.84565829248162,0.00767723092002135,0.0019902867853204,0.00330124339048224,0,0.000485977448854754,0.00011958975790079,0.000131367225400705,0,0.000778448808461695,0.0825297602504115,0,0.0073979902894926
"d1","Sub1","Sunfiber","B",0.0132741133764965,0.79933530291172,0.008018713732839,0.00167304669932885,0.00212293288352925,0,0.000461096691804315,0.000130102446250535,0.000167737593922538,0,0.00142788948990393,0.072917802176598,0,0.00782259028291795
"d1","Sub1","Sunfiber","C",0.0118019572405495,1.03247189948481,0.0112941138115702,0.00235570520837312,0.00353527956998184,0,0.000473706349150329,0,0.000169623895118761,0,0.00099981288271982,0.100433087683498,0,0.0085200773246403
"d2","Sub1","Sunfiber","A",0.0167369490972407,1.4461964746633,0.0102881487856231,5.6127149718032e-06,0.00392315956115743,0,0.000614503206296235,0,0,0.000541836303580175,0.00241505576259559,0.171871053200505,0,0.0094023594834039
"d2","Sub1","Sunfiber","B",0.0181144620055992,1.30998888490342,0.0111261103243102,0.00273612210624916,0.00319720547418321,0,0.000608295719617285,0,0,0,0.00214805592081501,0.145114888403346,0,0.0095236895879427
"d2","Sub1","Sunfiber","C",0.0149630275946722,1.55060465319985,0.0166975320457607,0,0.0041538986243503,0,0.000590996213725135,0,0,0,0.00218679223054508,0.197662756229987,0,0.0097356582848799
"d3","Sub1","Sunfiber","A",0.0179219294225928,1.68059949528327,0.0118879700694867,0,0.00394494659318319,0,0,0,0,0,0.000822561277037265,0.260621084497487,0,0.0104344503071251
"d3","Sub1","Sunfiber","B",0.0203707218517901,1.73642409178557,0.0147904498249774,0,0,0.00338912117137698,0,0,0,0,0.00123490954024293,0.216380089635369,0,0.0100119883071571
"d3","Sub1","Sunfiber","C",0.017928229635967,2.0369122802094,0.0249193784015381,0,0,0.00164676561848589,0,0.000170206647501843,0,0,0.00166931860422093,0.375368870959358,0,0.0122173987603188
"d0","Sub2","Sunfiber","A",0.0067289692926012,0.0519975086995295,0.0079958006412422,2.85041227007107e-05,0,0.00133354954391872,0.000147262960637319,0,0.00150018952809114,0.00157158243988199,0,0.0058826178285371,0,0.0156646834701962
"d0","Sub2","Sunfiber","B",0.00575172245740365,0.0419445337631866,0.00662297295515925,0.00207424245154813,0.00664021266305615,0.001324610441958,0.000123190021088168,0.000470920585223546,0.00140890276964587,0.00134194484566724,0,0.00484626343944881,0,0.0138470053962529
"d0","Sub2","Sunfiber","C",0.0070763618230656,0.055132095298632,0.00826263057312815,0.00288971548515016,0.0078605280806974,0.001449704764552,0.00015639471774096,0,0.00166309322520121,0,0.000251742884630283,0.0060460347507946,0,0.0174772687574026
"d1","Sub2","Sunfiber","A",0.00361544639859564,0.0289137018868022,0.0014188937353992,0.000488654783509297,0.00029994007177107,0.000229365431990504,0.000118216691430751,2.32408351159249e-05,3.3104701285215e-05,0,0,0.00252674518446913,0,0.0065532075882832
"d1","Sub2","Sunfiber","B",0.0043125791641496,0.0265408497208099,0.00137801865673338,0,0.000135887756358207,0,0.000128501180885454,0,2.60827260944182e-05,0,0,0.00252630290948348,0,0.00631912198882725
"d1","Sub2","Sunfiber","C",0.00373356714045229,0.0294986627179465,0.00161486443224226,0,0.000207213286799835,0,0.000130795473283776,0,1.13072490051935e-05,0.000106181646745353,4.92503510654322e-05,0.00277348763335407,0,0.0063485997741554
"d2","Sub2","Sunfiber","A",0.00365370964114401,0.11563580297001,0.00136182281226638,0,0.000514012940223825,0,0.000366344674232185,0,6.0127017979943e-05,0,0,0.0074739411639599,0,0.0089617397020109
"d2","Sub2","Sunfiber","B",0.00318694425630396,0.103058074460609,0.00107469314073317,0,0.000149462247874216,0.000261855267826527,0.000317790793339423,0,4.65495688023136e-05,0,0,0.00639667210302305,0,0.00900052915651315
"d2","Sub2","Sunfiber","C",0.00661013464782235,0.124140258137275,0.00177767939438495,0,0.000425724593928201,0,0.000459458164810318,0,0,0,0,0.0075874755338155,0,0.0126661087716459
"d3","Sub2","Sunfiber","A",0.00419061414799366,0.013963779803586,0.00155457443017697,0,0,0.000367970121752105,0.000687739959545865,0.000111803218034103,7.53664251563255e-05,0,2.25065122322345e-05,0.00633941425945835,0,0.0130915574804944
"d3","Sub2","Sunfiber","B",0.00471414160324672,0.00544392939696955,0.00125477391831774,0,0,0,0.000465601081028656,9.50045995723485e-05,0,0,0,0.00450844487814982,0,0.00935718783499035
"d3","Sub2","Sunfiber","C",0.00407624497573211,0.00539516393525385,0.00144726395391823,0.00115456437817964,0,0,0.000551543909405745,0,0,0,1.29253346009545e-05,0.00411155128911011,0,0.0111255129583679
"d0","Sub3","Sunfiber","A",0.0163527543395234,0.110410476091422,0.0115777924668839,0.00482714467985864,0.0045161260315902,0.00124985347692392,0.000163824186902563,0,0.00264706390284577,0,0.000154113476275139,0.006997423451717,0,0.0277777726922857
"d0","Sub3","Sunfiber","B",0.0149025534084104,0.093318806864065,0.0103997051550119,0.00562133731692135,0.00401721027479209,0.00118424957215618,0.00014279182768319,0,0,0,0.000102189851487319,0.0063091113141414,0,0.0262960598115053
"d0","Sub3","Sunfiber","C",0.0146178092868279,0.088960716760643,0.0117035077457635,0.00453114960151097,0.00364168263453686,0.00114216276457259,0.000172815401094711,0,0,0,9.3171325040714e-05,0.0058801015759014,0,0.0255233035362244
"d1","Sub3","Sunfiber","A",0.0012337362446123,0.0340484108984574,0.00279852997029276,0,5.15627813263015e-05,0,0,7.57234105331555e-05,3.335504157642e-05,0,2.32919425332963e-05,0.00434720744415224,0,0.00134750700698356
"d1","Sub3","Sunfiber","B",0.0010934124361509,0.0519137865101885,0.00444901536844095,0,0,0,0,0,8.05262302730055e-05,0,0.0010682892613207,0.00688859483505315,0,0.00324189379197377
"d1","Sub3","Sunfiber","C",0.00120147343444646,0.0305819752363196,0.00246784678289764,0,0,0,0,0,0,0,0.000583388003845305,0.00411724186148432,0,0.00172690433940269
"d2","Sub3","Sunfiber","A",0.00215237878670421,0.097124518511224,0.0071528496938034,0,0,0,0,0,0,0,0,0.0116934789299646,0,0.00334465138434557
"d2","Sub3","Sunfiber","B",0.0013524999968271,0.088530381033093,0.0103228237197135,0.00184509911077656,0,0,0,0,0,0,0,0.01191224929893,0,0.00397738952699721
"d2","Sub3","Sunfiber","C",0.00206029339215094,0.0913442756761995,0.00584860713166855,0.00152734754499361,0,0,0,0,0,0,0,0.0109536142860981,0,0.0036112155329198
"d3","Sub3","Sunfiber","A",0.0025433002233922,0.140805573334854,0.00933788728181115,0.00208417216771878,0.000365000845465121,0,0,0.000162858436912207,0,0,4.88368512111306e-05,0.0175056083838466,0,0.00408163634441364
"d3","Sub3","Sunfiber","B",0.00229014111398877,0.143723900525134,0.0181071375620336,0.000140686798985989,7.70716759332125e-05,0,0,0.000101135093664069,0,0,0,0.0219671844822871,0,0.00573414856372405
"d3","Sub3","Sunfiber","C",0.00206913424573738,0.113719548179695,0.00818159727324945,0,0,0,0,0,0,0,0,0.0151557924309865,0,0.00383254032790481
"d0","Sub4","Sunfiber","A",0.0119260641261654,0.066466075038134,0.0133785155959027,6.3258007980962e-06,0.0110313099123037,0.00129013831102046,0.000118262868415525,0,0,0,9.10181429726515e-05,0.0055603064325381,0,0.0144220336922889
"d0","Sub4","Sunfiber","B",0.0116146926271855,0.0626869419988905,0.0134580632344419,0,0.005936484323172,0,0.000145491575582192,0.000255149876639496,0,0.00265988191584705,0.000208420616474257,0.005993557586842,0,0.0149071340595299
"d0","Sub4","Sunfiber","C",0.0080515914715561,0.0453996006580321,0.00978401167758865,0,0.0053755995540475,0,9.7603703255469e-05,0.000196295058725767,0,0.00096231696071851,0.00036178546465543,0.00475264010016989,0,0.011984416461168
"d1","Sub4","Sunfiber","A",0.00219338179463766,0.013400436149812,0.00501329944751145,0.00012403809120479,0,0.00010660488282235,0.000127892624776259,0,0,0,4.13181576539757e-05,0.00239434348429955,0,0.00184024626603043
"d1","Sub4","Sunfiber","B",0.00123799985189432,0.0138174567227157,0.000771735997767925,6.74630543223835e-05,0,0.000131308432847777,0.000178362667912158,0,0,0,0,0.00203553085278422,0,0.00219428280402932
"d1","Sub4","Sunfiber","C",0.00117850680596212,0.0146786787667565,0.00076006932896817,0.000119210892592934,0,8.74233396000815e-05,0.000144562148024902,0,0,0.000188598371824512,2.31893660739505e-05,0.00205979612775197,0,0.00224723627373459
"d2","Sub4","Sunfiber","A",0.000670768918224595,0.0122710855449152,0.00090544895496803,0.000164612195920269,0,0,0.000331140863298897,0,0,0,0,0.00278883561833755,0,0.0110905253549657
"d2","Sub4","Sunfiber","B",0.000791604857682925,0.0235972754126722,0.00114372984201638,0.000471432229074057,0,0.000189101908112588,0.000351282320868999,0,0.000112323257082371,0,0,0.00557698725744715,0,0.011262351017509
"d2","Sub4","Sunfiber","C",0.000631102731452005,0.0122200955528483,0.000711419837406145,0.000557086122578375,0.000321331743505869,0,0.000398796709497897,0,9.24320541028035e-05,0,2.41479542410105e-05,0.00387893711552474,0,0.0111435689450278
"d3","Sub4","Sunfiber","A",0.000992869292328305,0.0190616188838658,0.00149693409625295,0,0,0.000246323499263967,0.000444460672743656,0,0,0,0,0.00979561706611485,0,0.014416477760769
"d3","Sub4","Sunfiber","B",0.00169655805398163,0.0638079993477195,0.00291456023186387,0,0,0,0.000394699532181733,0,0,0,0,0.0191938724339897,0,0.0147656441353361
"d3","Sub4","Sunfiber","C",0.000985450094396035,0.0196067704913075,0,0,0,0,0.000472074326495797,0,0,0,0,0.0103168460571004,0,0.0132632474893569
"d0","Sub5","Sunfiber","A",2.35959083184843e-05,0,0,0,0,0,0,0,0,1.1510256031196e-05,0,0,0,0
"d0","Sub5","Sunfiber","B",3.74706223908754e-05,0,0,0,0,0,0,0,0,0,0,0,0,0
"d0","Sub5","Sunfiber","C",1.80121203821634e-05,0,0,0,0,0,0,0,0,0,0,0,0,0
"d1","Sub5","Sunfiber","A",0.00044552122064677,0.0126196764889243,0.0022835065513369,2.79651998677368e-05,0.000679425276164225,0.00477437880291924,0,0,0,0,0.00141498377271899,0.00396658728449225,0,0.0011625040413148
"d1","Sub5","Sunfiber","B",0.00057831612474351,0.0212961482904565,0.00232599941063672,0,0.0006049383845247,0,0,0,0,0,0.000348586948711388,0.00516333222014395,0,0.0009049615099914
"d1","Sub5","Sunfiber","C",0.000674229685651805,0.12421692878387,0.00184554601696175,0,0.000555085418126285,0,0,0,0,0,1.25714809055598e-05,0.00914290607340265,0,0.00164851803308786
"d2","Sub5","Sunfiber","A",0.000426706205363941,0.00587937605147495,0.00139366505580858,0.000266568156477203,0.000460465605593286,0,0.000548243881049235,0,0,0,0.000281859809642494,0.00302930437208864,0,0.00125935065740943
"d2","Sub5","Sunfiber","B",0.000480224587534129,0.00846132863259415,0.00128041101530452,0,0.000519624422776905,0,0.000496131570200151,0,0,0,0.000504429990809185,0.00288827206485739,0,0.0011771616314514
"d2","Sub5","Sunfiber","C",0.00268735309371791,0.478745897728664,0.00422491431344727,0,0.00154002257423546,0,0.000499364059341602,0,0,0,0.000276550236640051,0.037560403983369,0,0.00463876833934595
"d3","Sub5","Sunfiber","A",0,0.013316955374637,0.00161568432190141,0,0,0,0,0,0,0,0,0.00373887418978718,0,0.00271316151265104
"d3","Sub5","Sunfiber","B",0,0.6388179688695,0.00476488794479495,0,0,0,0,0,0,0,0,0.0530716249155815,0,0.00484205339259429
"d3","Sub5","Sunfiber","C",0,0.00442439106721162,0.00138649127396163,0,0,0,0,0,0,0,0,0.00306928872744791,0,0.0005628625543343
"d0","NoSub","ctl-m","A",0.000120153735579104,7.65132696590145e-05,4.28839265852655e-05,0,1.75698834185328e-06,4.85662639246153e-06,0,0,0,1.59498486390124e-05,0,0,0,0
"d0","NoSub","ctl-m","B",0.000105496416705816,6.7228434150947e-05,4.42918649277727e-05,0,9.51712176243825e-07,3.50936456318954e-06,0,0,0,0,0,0,0,0
"d0","NoSub","ctl-m","C",9.80434546634855e-05,4.89717034422995e-05,4.14024856427338e-05,0,3.03595540417694e-06,2.00786619444298e-06,0,0,0,0,0,0,0,0
"d1","NoSub","ctl-m","A",8.761928736903e-05,3.76416369171367e-05,0,9.3675061247359e-07,0,2.89051662357449e-06,0,0,0,0,0,0,0,0
"d1","NoSub","ctl-m","B",8.166672622394e-05,5.4694385560503e-05,0,3.91101894457152e-07,0,2.30990095014011e-06,0,0,0,0,0,1.54189450901589e-05,0,0
"d1","NoSub","ctl-m","C",0.00010190368121094,9.2468226325356e-06,0,4.77125590455667e-06,0,2.38783805811187e-06,0,0,0,1.78435505334756e-05,0,0,0,0
"d2","NoSub","ctl-m","A",7.3092471730627e-05,0,0,1.76528836936353e-06,0,1.84380195545616e-06,0,0,0,0,0,0,0,0
"d2","NoSub","ctl-m","B",8.75625795387365e-05,0,0,4.10754475991192e-07,0,2.0028986803966e-06,0,0,0,0,0,0,0,0
"d2","NoSub","ctl-m","C",7.19594979773975e-05,0,0,4.45968122655161e-06,0,3.0243828561235e-06,0,0,0,0,0,0,0,0
"d3","NoSub","ctl-m","A",8.52067651113215e-05,5.1447300650917e-06,0,3.76027114926647e-06,1.02002215039116e-06,3.53426809844958e-07,0,0,0,0,0,0,0,0
"d3","NoSub","ctl-m","B",8.73857847388525e-05,1.10491383802919e-05,0,4.27236958255334e-06,1.93154545198676e-06,3.35943281499234e-07,0,0,0,0,0,0,0,0
"d3","NoSub","ctl-m","C",8.87832911455495e-05,1.48922334219984e-05,0,2.51412073494425e-06,4.73426608904414e-07,0,0,0,0,0,0,0,0,0
"d0","NoSub","ctl-f","A",0.00126577983889477,0.0114199262857049,0.00092618224830917,4.64549663629765e-06,2.56798424452376e-06,3.14619224485967e-06,1.4357891097361e-05,0,0,0,0,0,0,3.11248659156832e-05
"d0","NoSub","ctl-f","B",0.00230069610027665,0.0220177105037657,0.00225044257668109,9.5724228942337e-06,9.05960063352885e-05,2.04212431095572e-05,1.21753329256427e-05,0,0,0,0,6.9453412763804e-05,0,3.15042335148097e-05
"d0","NoSub","ctl-f","C",0.00238618014744875,0.0186245329824907,0.00218394624650484,1.09692023900807e-05,7.7469523387019e-05,1.86889086390208e-05,1.77106355560373e-05,0,0,0,0,6.3202742413593e-05,0,2.96621909293346e-05
"d1","NoSub","ctl-f","A",0.00191020702392046,0.0180992475760001,0.00195497408447479,1.02405914871827e-05,7.60482622004725e-05,8.04341444902225e-06,0,0,0,6.46373546760825e-06,0,5.419792149848e-05,0,3.12493506773958e-05
"d1","NoSub","ctl-f","B",0.00203608639458359,0.0211674408624997,0.00198144796384478,1.12301391358598e-05,8.9868188420115e-05,6.22977521684775e-06,0,0,0,1.40257680995076e-05,0,6.4580563633855e-05,0,3.16335000612912e-05
"d1","NoSub","ctl-f","C",0.00253704466392273,0.021022370034249,0.00272583227111615,1.02823712155486e-05,9.0395422668504e-05,5.57256808157815e-06,0,0,0,7.605122843709e-06,0,5.89643296586915e-05,0,3.30361379533857e-05
"d2","NoSub","ctl-f","A",0.00108131441420409,0.0121003073301887,0.000253021342941094,5.9382101652474e-05,5.6937128625111e-05,1.09926413742273e-05,2.03786400236269e-05,0,0,0,0,0.00012708535158142,0,4.55652843200047e-05
"d2","NoSub","ctl-f","B",0.0024345080368067,0.0241157339181341,0.00241631826020338,9.54203430853075e-05,9.03999015529765e-05,1.98122370044733e-05,1.82096871074426e-05,0,0,0,4.90502078792559e-06,6.92788938297215e-05,0,3.5016892276201e-05
"d2","NoSub","ctl-f","C",0.00198009920079594,0.0147259372487728,0.00223210444640973,7.34205275197045e-05,7.1635332660466e-05,1.52004604411336e-05,1.3339120327379e-05,0,0,4.21693398852027e-06,0,5.5226976854345e-05,0,3.14507778717738e-05
"d3","NoSub","ctl-f","A",0.00237986324752868,0.0219678056600799,0.00230434965120614,8.61712051209495e-05,8.51265560856515e-05,1.83095411509823e-05,0,0,0,0,0,0,0,3.92240918151455e-05
"d3","NoSub","ctl-f","B",0.002675961515738,0.0274498034011119,0.00234592328563379,0.000107631117247,0.000104308812857856,2.06989509877093e-05,0,0,0,0,0,8.6841401540249e-05,0,3.95738261969416e-05
"d3","NoSub","ctl-f","C",0.00301888954991684,0.0215416342265186,0.00216274677628423,9.8721636757175e-05,9.43621886069035e-05,1.48155786699393e-05,0,0,0,0,0,0.000185252356960874,0,8.0668194256503e-05
"d0","Sub1","CocoFlour","A",0.457487970330939,0.19724410026549,0.130293975860495,0.00235940021193521,0.0191345822295294,0.00178769143401009,0.0017145027293579,0,0,0.00078859214028681,0,0.0109021790577856,0,0.0628870544398265
"d0","Sub1","CocoFlour","B",0.519510767419265,0.226962465336236,0.125856373390824,0.00275409723223366,0.021151947127643,0.00204160476794894,0.00180457411529487,0,0,0.00079900346473956,0,0.0114794342374504,0,0.063417777447557
"d0","Sub1","CocoFlour","C",0.501571607258945,0.212793430617653,0.141044736689063,0.00294806966220028,0.0203345567607777,0.00211743259915423,0.00193849569704669,0,0,0.000784528005538455,0,0.0114966328309845,0,0.065441246563426
"d1","Sub1","CocoFlour","A",0.0106090281525943,0.0313989136219501,0.00156944166862698,0.00209475985144954,0.00193116271824094,0.000192908346886826,0.00120491002299508,0,0,0.000105138908042159,1.61869218176885e-06,0.00197476896286037,0,0.00242332754436522
"d1","Sub1","CocoFlour","B",0.0066199264134831,0.0273891179577851,0.000753491734252535,0.00194952249507111,0.00187419029923213,0.00018156493347765,0.00118219433041509,0,0,0.000119673439482213,1.8867818904918e-05,0.00159081819865431,0,0.00200506595211486
"d1","Sub1","CocoFlour","C",0.010714518985285,0.0558899518701405,0.000996520271519565,0.00526157365761965,0.00499730307412806,0.000338712026518379,0.0016757334882082,0,0,0.000116990313998448,4.1939037931059e-06,0.0185995187538198,0,0.00196268099219143
"d2","Sub1","CocoFlour","A",0.0060320530706313,0.0982546125742235,0.0015255745931968,0.00553066590846575,0.00520980430156575,0.000357224351398164,0.00161398883844701,0,0,7.145702534486e-05,2.32787144524676e-05,0.00186338659780236,0,0.0050869498931965
"d2","Sub1","CocoFlour","B",0.00287956601664968,0.095696529589526,0.00097793684773106,0.0064288203750609,0.0059952646920534,0.000357979896481384,0.00222236369036458,0,0,0.00011718720003538,0.000130292190424392,0.00141056769998609,0,0.0080590011869766
"d2","Sub1","CocoFlour","C",0.00458497727180081,0.0100381713716686,0.00067203919489949,0.000468231769308832,0.000449521455057805,0.000502695378042285,0.00051760436173107,0,0,5.24392934805095e-05,2.53671715539422e-05,0.00357666737535389,0,0.00096954564910551
"d3","Sub1","CocoFlour","A",0.00420385403544548,0.167173898083648,0.00123421422303508,0.0097664450787886,0.00907763563388645,0.00050025679893768,0.00255294520074098,0,0,0,7.00107384586495e-05,0.00172505806001594,0,0.0086041173256889
"d3","Sub1","CocoFlour","B",0.00180467714753304,0.154328643422446,0.000829877950304665,0.0096041804900375,0.009032986270604,0.0005987745173465,0.00375999605765005,0,0,0,6.3036731972232e-05,0.00133014170272953,0,0.0128596897248281
"d3","Sub1","CocoFlour","C",0.00287201843812148,0.0101734627739662,0.000709582593976475,0.00079334114335836,0.000727989844470645,0.00075639190159478,0.000871891095255095,0,0,0,3.35499167170307e-06,0.00182027063393511,0,0.000737446017446495
"d0","Sub2","CocoFlour","A",0.0256261322865979,0.0196545183349266,0.0134293124459435,0,0.00354869830936507,0.00012439386029301,0.000241912560942358,0,0,9.11682821552475e-05,0,0.00214471078164802,0,0.0057980104381662
"d0","Sub2","CocoFlour","B",0.23469499442424,0.218543658792211,0.101594751648709,0,0.0346650180615509,0.00143301780109074,0.00153107627653405,0,0,0,3.45000024018545e-05,0.0109032896746596,0,0.0318452121886242
"d0","Sub2","CocoFlour","C",0.254774002514402,0.215148757463481,0.101233111438438,0,0.0352823277051847,0.00132350810670684,0.00147691793522014,0,0,0,4.34632747785277e-05,0.010417163332998,0,0.0331909926525625
"d1","Sub2","CocoFlour","A",0.00684971169240915,0.0203491252957726,0.000669549287906435,0.00212160751108432,0.00201953783873833,0.000110406622081628,0.00137683486185623,0,0,4.34127721058395e-05,3.34506223873482e-05,0.000742708680733625,0,0.00185674416995995
"d1","Sub2","CocoFlour","B",0.0090974303838867,0.0197905526898058,0.00125810666357261,0.00173700205323517,0.00166320801228862,0.000119278842819513,0.00091286502261282,0,0,2.42672725347472e-05,5.0618583851796e-06,0.00200619160687616,0,0.00208788717275417
"d1","Sub2","CocoFlour","C",0.0109974602313676,0.0221636376138222,0.00118913005824886,0.00200364972979523,0.00191053266865866,0.000144487711764712,0.00102105180809857,0,0,0,2.35213748927366e-06,0.0022652443753965,0,0.00195647496988333
"d2","Sub2","CocoFlour","A",0.00348225925032944,0.0155062537391552,0.000669937935901215,0.00201538007358009,0.00189497619479946,0.000158442641094547,0.0025775237453254,0,0,0,3.90915057370731e-06,0.000708019965570275,0,0.00069453689949357
"d2","Sub2","CocoFlour","B",0.0102225637198016,0.0194413628197054,0.00064559558434749,0.00138140451646399,0.00130610335394628,0.000109755813973455,0.00075593203011967,0,0,0,2.14919524851252e-05,0.00082042821526025,0,0.00097318164018812
"d2","Sub2","CocoFlour","C",0.0117936347270985,0.0208686190415358,0.00063961336684896,0.00144275164011861,0.00136941179871903,0.000115065036121085,0.000891050740725455,0,0,0,0,0.00082764776366674,0,0.00106510562394181
"d3","Sub2","CocoFlour","A",0.00301433543521041,0.0144728372451084,0.000677294544441795,0.0016842059954592,0.00160049836501912,0.000179913857355761,0.00305706920760806,0,0,0,5.7312275822333e-06,0.00062014636598177,0,0.000539160822644955
"d3","Sub2","CocoFlour","B",0.00928535670968395,0.0130244322700377,0.000460637269275434,0.00082370554918169,0.0007625926732019,8.40541925596615e-05,0.000490350856195896,0,0,0,4.56906988859497e-06,0.000891411717584395,0,0.000804290245513135
"d3","Sub2","CocoFlour","C",0.0079748345190586,0.0125839652164696,0.000523679321175245,0.000734778589455205,0.000696556727594615,7.3884255203302e-05,0.000400041060010481,0,0,0,3.70964179693295e-06,0.00065138632982186,0,0.00057808303447184
"d0","Sub3","CocoFlour","A",0.222767629217895,0.122991282937654,0.103683998835424,0,0.0214175111199606,0.00128119100968197,0.000826266100444355,0,0,0,4.04115430819262e-05,0.0094723100779762,0,0.0271866717248773
"d0","Sub3","CocoFlour","B",0.218650704396626,0.131936181839535,0.107083128650031,0,0.0220490778129009,0.00120884785238989,0.00082198239160394,0,0,0,3.97967068726047e-05,0.0083922748355218,0,0.0236872894789374
"d0","Sub3","CocoFlour","C",0.21219504516194,0.118677672048512,0.10006615960409,0,0.0205271627431952,0.00118619674030446,0.00074750585401423,0,0,0,0,0.0085720877386817,0,0.0233366376116188
"d1","Sub3","CocoFlour","A",0.00388396230399677,0.0189512885583907,0.000860179436252105,0.00251954821322358,0.00233446622650971,0.000219558451621305,0.00147528819265971,0,0,0,3.42776094680302e-05,0.000769234886220075,0,0.00193698524361404
"d1","Sub3","CocoFlour","B",0.00497600325387912,0.0148316895661074,0.000871094196981315,0.00228995548347574,0.00215336780173021,0.000250050852598912,0.00168422469892308,0,0,0,3.49352927575676e-05,0.00071590416953732,0,0.00179408994125526
"d1","Sub3","CocoFlour","C",0.00320693361412405,0.012868945234437,0.000634809330622205,0.00197014830489066,0.00186956375631334,0.000168477141549573,0.00120742070644654,0,0,0,1.93042814290198e-05,0.000574635159393645,0,0.00171835032742395
"d2","Sub3","CocoFlour","A",0.00371212683136716,0.020564316116417,0.00090832588613963,0.000868927874006635,0.00081396689729005,0.00023260031257288,0.00695623223875985,0,0,0,6.64258480245895e-06,0.00068369304806407,0,0.00078391385960087
"d2","Sub3","CocoFlour","B",0.00276020580099261,0.0166403292296781,0.00066838495570697,0.00061083911817466,0.00058503854133877,0.000173858512693074,0.0067350338330879,0,0,0,0,0.00050975584458116,0,0.000528913777484
"d2","Sub3","CocoFlour","C",0.00339672704031414,0.0200523501002219,0.00072099978792994,0.00098550737789632,0.000912368619408325,0.000225632190411127,0.00432713104115156,0,0,0.000175120997901387,5.57105114773485e-06,0.00055153525027392,0,0.00065113895706389
"d3","Sub3","CocoFlour","A",0.00303497719776791,0.014847362181127,0.00083552697688957,0.00075732935652658,0.00072041810504721,0.000183560307757791,0.0063942243364431,0,0,0,1.60809169850694e-05,0.000482296172462241,0,0.000570046464918475
"d3","Sub3","CocoFlour","B",0.00303473516680325,0.0185787181045938,0.00081272997854339,0.00068434300179344,0.000666746914671285,0.000267410087542385,0.005106875046054,0,0,0,1.68107506319096e-05,0.000561679531439305,0,0.000600689453137
"d3","Sub3","CocoFlour","C",0.00329952375945457,0.0196897928866341,0.000853249226962395,0.00082493410796357,0.000770549984871265,0.000269181201065237,0.00811981952647625,0,0,0,4.20568547907454e-05,0.00062194487020384,0,0.000614036515516535
"d0","Sub4","CocoFlour","A",0.485660215471601,0.192088717806473,0.14105634414931,0.00187226687878382,0.0235048048234395,0.00114075088590078,0.0010457791037344,0,0,0.00057304589743911,0,0.0102746747924073,0,0.0481117362443295
"d0","Sub4","CocoFlour","B",0.52625751180247,0.212260098072352,0.12350235665696,0.0017989256719435,0.0253760191050536,0.00120311116834015,0.00111610993423767,0,0,0.00066186376501988,0,0.0101915149370326,0,0.0482061282083521
"d0","Sub4","CocoFlour","C",0.541548597834025,0.222575539985699,0.127337399137835,0.00206447480287247,0.027165144176756,0.00121819803382223,0.00129584716011752,0,0,0.000644016515626495,0,0.0116588191850284,0,0.053272914692491
"d1","Sub4","CocoFlour","A",0.00442537325593106,0.0212764489366116,0.00067287993552091,0.00339477867150264,0.00312415501984413,0.00124941251572911,0.00807482943008655,0,0,0,4.1523868727326e-06,0.00090702909135235,0,0.00336323072963995
"d1","Sub4","CocoFlour","B",0.00466113454841377,0.0197952980783138,0.000525121328269575,0.00312092333944252,0.00293285684956364,0.00115634155594244,0.0076681779325211,0,0,2.45062402736893e-05,3.99658727674811e-06,0.00103824362514855,0,0.00304286027373924
"d1","Sub4","CocoFlour","C",0.00363444311445799,0.0184755836590543,0.00070572372022343,0.00331822137286692,0.00308201426234318,0.00132670409709818,0.0084260611767411,0,0,1.87182813404438e-05,0,0.00075492748418768,0,0.00330997833730123
"d2","Sub4","CocoFlour","A",0.0039676914094617,0.0225656174361437,0.00118984494962938,0.00221212578201663,0.00203878370709167,0.000404137923840086,0.0166001371478568,0,0,1.64427792757933e-05,2.02604016485633e-06,0.00142227737774472,0,0.00141682111976561
"d2","Sub4","CocoFlour","B",0.00306976784311022,0.0183352069936041,0.000680938743538625,0.00237997546882253,0.00220483077572745,0.000411256788494642,0.0164976928220751,0,0,0,0,0.000789434671132,0,0.00137448490037341
"d2","Sub4","CocoFlour","C",0.00400677750963469,0.0230778820359286,0.00159553378530984,0.00227142598878464,0.00214284741329248,0.000294707244937526,0.019847967400148,0,0,0,8.035019722697e-06,0.00174563927941916,0,0.00163500855013437
"d3","Sub4","CocoFlour","A",0.0229138676506957,0.197924411631524,0.0086678706832392,0.010212246052181,0.00953938746113255,0.00258014426558256,0.0145382369731119,0,0,0,5.7107801729946e-05,0.0178661261156003,0,0.0172995774393562
"d3","Sub4","CocoFlour","B",0.0239735733218718,0.204637696759425,0.00638104724107125,0.0116094418989382,0.0107970428622383,0.00140305906590412,0.0128898080893234,0,0,0,4.31076241319779e-05,0.0152193067295301,0,0.0195870708321919
"d3","Sub4","CocoFlour","C",0.0244021733421053,0.203251811611834,0.0071502038257598,0.0117750311927412,0.0110422085457157,0.00153740096216716,0.0125322233286937,0,0,0,3.51511947687866e-05,0.0161745887757969,0,0.020272198951645
"d0","Sub5","CocoFlour","A",0.321706207523342,0.25156331420349,0.121022506192806,0,0.0299948157559938,0.00156078450968159,0.000676422395261375,0,0,0,0,0.00805010448166295,0,0.0222853134356064
"d0","Sub5","CocoFlour","B",0.322993158516501,0.25814770284,0.117146628378057,0,0.0307770316684894,0.00149989184164598,0.000786515575333405,0,0,0,0,0.0077641689453249,0,0.0208635882671433
"d0","Sub5","CocoFlour","C",0.301613790587934,0.226238912792764,0.117059402534188,0,0.0294933512011506,0.00143297181313599,0.00079156581739644,0,0,0,0,0.00781114957497135,0,0.0253792830985626
"d1","Sub5","CocoFlour","A",0.00733495421180465,0.096181160571627,0.00207753672180477,0.0055435804432637,0.0052380460075639,0.000992826947112855,0.0076384011590502,0,0,0.000149203589943619,0.000207683242476101,0.0033481948827737,0,0.0111299637995603
"d1","Sub5","CocoFlour","B",0.0077557526373901,0.101274888875128,0.00204261895088612,0.0059017499580145,0.00553855054950715,0.0012562774086559,0.00825226040025245,0,0,0.000211373874926265,1.24278512616593e-05,0.00384605687729281,0,0.012627013896898
"d1","Sub5","CocoFlour","C",0.0086065220628532,0.114396934144038,0.00205896573341598,0.00469206881647821,0.0044176040349627,0.00242504842188766,0.0110811822526324,0,0,0.000125149632621983,0.000200729732916498,0.00457176925050632,0,0.012495108413731
"d2","Sub5","CocoFlour","A",0.0157663708292886,0.165946403900579,0.0039641417161669,0.00879713690754475,0.00828957430699555,0.00108315903186135,0.0123749447987319,0,0,0,7.52956730930665e-05,0.0103043087361296,0,0.0195982215923398
"d2","Sub5","CocoFlour","B",0.0159962963831803,0.163408556829064,0.00396454569682667,0.00941901574682125,0.0088481134279222,0.0015919150850238,0.0110351142588539,0,0,0,5.4069617193118e-05,0.0102795222874398,0,0.0176245315164445
"d2","Sub5","CocoFlour","C",0.0152214652962495,0.173943836396315,0.00464245004526536,0.0080306837070234,0.007528573071292,0.00261256248022707,0.0139610150851552,0,0,0,2.82864013852975e-05,0.0119546977452219,0,0.0163124850198897
"d3","Sub5","CocoFlour","A",0.00302198644814223,0.0160534056132665,0.00099744209214481,0.00210337924367199,0.00194973197380427,0.000383830855427072,0.0215971661025687,0,0,0,6.9774098617293e-06,0.00160242974419632,0,0.000988358268080065
"d3","Sub5","CocoFlour","B",0.0025241109117423,0.0164084320355043,0.000955236484313845,0.00208167713660229,0.00193126122751012,0.000359096656154903,0.0188220256741399,0,0,0,3.60832484178089e-06,0.00133433069419458,0,0.00093276234111345
"d3","Sub5","CocoFlour","C",0.00326411624732374,0.0182778555647364,0.00128772572871664,0.00191292943862361,0.00180863349177165,0.000264366350500512,0.0236760393412531,0,0,0,3.21794522978917e-06,0.00198609764867649,0,0.00115154120312887
"d0","NoSub","ctl-m","A",0.000149402200308664,4.61311829881313e-05,0.000129671479432784,3.97303305598594e-06,1.22804432892018e-05,4.88112364943634e-06,2.47465122467676e-06,0,0,3.13238076006519e-05,1.97065936766202e-06,8.49589070496485e-05,0,8.28693272887445e-06
"d0","NoSub","ctl-m","B",7.48818662787365e-05,2.74644568579411e-05,0,4.73614028452028e-06,8.57472854263545e-06,2.78574613898909e-06,1.3804190170443e-06,0,3.41565078911999e-06,3.42809483125545e-05,2.92115244786146e-06,7.99238531491295e-05,0,6.96738037152625e-06
"d0","NoSub","ctl-m","C",0.000106109063110409,1.780825915949e-05,0.000107957737314887,6.40713028355205e-06,8.40683109812035e-06,2.40663263993675e-06,1.37641063755913e-06,0,0,2.19117735689569e-05,2.5763048422926e-06,8.25008035827285e-05,0,6.2496192853607e-06
"d1","NoSub","ctl-m","A",0.000107112549947758,3.37436865447364e-05,7.18399658340785e-05,0,9.54936535805635e-06,4.91771288709616e-06,2.9276509841488e-06,0,0,3.61259908412791e-05,2.96205487933289e-06,0,0,1.15442148077769e-05
"d1","NoSub","ctl-m","B",8.44101526269395e-05,1.68414373653537e-05,7.3412407474e-05,0,2.83605725043073e-06,3.49936285298855e-06,2.2382517632428e-06,0,0,1.63756172066378e-05,0,0,0,5.161617460516e-06
"d1","NoSub","ctl-m","C",6.0631903440179e-05,1.23248058154455e-05,5.90879716272655e-05,0,3.93588808709453e-06,2.35519836288621e-06,1.2336483440868e-06,0,2.82901303562552e-06,2.81757832771287e-05,3.59128047354655e-06,5.68987157853505e-06,0,4.33745054059229e-06
"d2","NoSub","ctl-m","A",0.000116471225625258,5.31613081060795e-05,2.6897614612721e-05,7.0896011659749e-05,2.80619265445655e-05,9.84351624942015e-06,6.55014885066665e-06,0,8.2172036260834e-06,2.82787568131824e-05,7.55202877518735e-06,0,0,1.67870286664693e-05
"d2","NoSub","ctl-m","B",9.16838397910105e-05,6.715655289198e-05,6.3696376635717e-05,8.56483430434605e-05,2.69009560629924e-05,1.13282423158648e-05,1.04684236647599e-05,0,1.04451425888397e-05,3.13758246169315e-05,1.17059787173477e-05,0,0,1.58501500204155e-05
"d2","NoSub","ctl-m","C",0.000158639544815828,0.000121016520107842,0.000113657818935871,9.28920653171525e-05,4.71187753277926e-05,1.67050973357508e-05,3.12310815053049e-05,0,2.14963818357586e-05,1.60954005313625e-05,2.20313773655698e-06,0,0,2.43090224658443e-05
"d3","NoSub","ctl-m","A",0.000977423812666145,0.000328808729759411,0.000138811975327323,1.86446279119354e-05,0.00033807241717342,3.01071729081233e-05,1.50350933335751e-05,0,2.89769903394576e-05,1.58026858465102e-05,1.16509983651162e-05,5.7419025006059e-05,0,8.3920348926751e-05
"d3","NoSub","ctl-m","B",0.00079451621682387,0.000114056775318239,4.69528786740691e-05,1.67602002487879e-05,0.000245838752626057,3.19916088705203e-05,1.26941424849979e-05,0,2.37848586098965e-05,2.77627848546036e-05,0,1.59435848425177e-05,0,6.76548265663565e-05
"d3","NoSub","ctl-m","C",0.000714774661822155,0.000110869218982861,6.7203241091505e-05,1.56931850414797e-05,0.00019494621053003,3.15170729307511e-05,1.14184965028718e-05,0,2.31386990200411e-05,5.9012137774984e-05,4.02183086025096e-06,1.51107366195046e-05,0,4.75532669298279e-05
"d0","NoSub","ctl-f","A",0.00425855227753953,0.0139100353059546,0.00282046882398593,0.000137647915576979,0.000272794610497,7.93154764087535e-05,2.71370985899587e-05,0,5.86052220451925e-06,7.0959238304778e-05,3.50510550715117e-05,0.000193482722381277,0,5.0998287238483e-05
"d0","NoSub","ctl-f","B",0.0039316143286494,0.0126392398405375,0.00311554739700416,0.000157276727931213,0.00033837367068768,8.491666203503e-05,2.32082490476526e-05,0,1.10522823328186e-05,6.76418506149905e-05,3.22728334906677e-05,0.000167240917302015,0,4.69699292798594e-05
"d0","NoSub","ctl-f","C",0.00445905706818117,0.015712080930864,0.00315523583999403,0.000151032216981122,0.00026904147263348,7.61322522380095e-05,2.49420392092684e-05,0,5.1424603610852e-06,6.8978180643252e-05,4.02380803314016e-05,0.000167355942011242,0,5.6298916179387e-05
"d1","NoSub","ctl-f","A",0.00565825371127965,0.0143351988769868,0.00271459820369135,0.000161901678727723,0.000361032515828742,8.7286981381448e-05,3.924782883876e-05,0,1.18728704389895e-05,7.6651041298531e-05,2.46168074344962e-05,0.000174370091370778,0,8.07228712260895e-05
"d1","NoSub","ctl-f","B",0.00520714427929135,0.014833062853073,0.00315621019869667,0.00015074213930174,0.000408836298361986,9.4439505035285e-05,4.62655580149009e-05,0,1.93444212758741e-05,7.58736736522605e-05,2.73281451063647e-05,0.00045503612394277,0,0.000117234332199096
"d1","NoSub","ctl-f","C",0.00912524043352765,0.0169978395728628,0.00246057754692539,0.00021541057733133,0.000281603635880834,7.7984722583616e-05,3.28538603778867e-05,0,7.03560420462685e-06,8.5877452426916e-05,2.06113854359619e-05,0.00020296781002301,0,9.38685472598075e-05
"d2","NoSub","ctl-f","A",0.00717305058308615,0.015436780421425,0.00233721402552069,0.000261574086800861,0.000397327099828655,9.65690756479155e-05,5.3015381033868e-05,0,3.3885405389028e-05,8.5491869936553e-05,1.74808750383215e-05,0.000191240551265349,0,0.000101971693622492
"d2","NoSub","ctl-f","B",0.00608267241840245,0.0148127126828395,0.00338132284310816,0.00022753702692058,0.00043212929013272,9.6704779838088e-05,5.68199915389415e-05,0,2.39460540249704e-05,7.98656286219195e-05,3.09480663421233e-05,0.000366851453030659,0,0.000110728010091074
"d2","NoSub","ctl-f","C",0.0119135233623694,0.0177751094936467,0.00210604289909698,0.000208101993256943,0.000307611929292352,8.7166564137166e-05,3.7780155894773e-05,0,1.36590373156871e-05,7.79781086569465e-05,2.81002063278057e-05,0.000217192341544858,0,9.369537199209e-05
"d3","NoSub","ctl-f","A",0.00963530623060635,0.0152870085396599,0.00243180366811327,0.000244227271732295,0.000444674201580808,0.00010659973480767,4.72135868046521e-05,0,2.43307573294856e-05,7.34700493278255e-05,1.03935158851364e-05,0.000220464282908725,0,0.000101475338740314
"d3","NoSub","ctl-f","B",0.0061029925916086,0.0138177835757286,0.00440800982941079,0.000200407708088004,0.000388836917496599,8.362168780929e-05,4.25112449215697e-05,0,1.32488256641408e-05,8.45518152918025e-05,2.25357388742366e-06,0.000389321910709446,0,0.000110893686957502
"d3","NoSub","ctl-f","C",0.0182085904225543,0.019243966675555,0.00255433194311034,0.000242404945752276,0.000319813569369856,4.25336415556458e-05,4.42075297320576e-05,0,2.13211002882887e-05,8.0749599271926e-05,1.21785242644034e-05,0.000259170138720356,0,0.000109076855630629
"d0","Sub1","13Bean","A",0.167224777250268,0.178806961131189,0.128798039223634,0.0186219519486693,0.055406599156667,0.0054222698690631,0.0047382917307719,0.00294679519871914,0.0250067817332837,0.0052690755361198,2.74338712168842e-05,0.00368784543203589,0,0.050362960398972
"d0","Sub1","13Bean","B",0.158223646111424,0.171578077740389,0.139728292894396,0.0178887633703303,0.0463372637125999,0.00492339218847403,0.0044677927392375,0.00293933003800018,0.0221793510141885,0.00485809306126508,2.06902701163262e-05,0.00379439468397206,0,0.0490710223696355
"d0","Sub1","13Bean","C",0.169235344872501,0.187444420836715,0.128727527407079,0.0208820016200716,0.04994722162617,0.00537635929847685,0.00488734065206548,0.00286832453200032,0.0268310181582727,0.00539639968741725,0.000563054473802875,0.00371374451655439,0,0.0532879049048395
"d1","Sub1","13Bean","A",0.234276894995896,0.0596550845853595,0.00445936316542503,0.000566989340491555,0.0979889771933685,0.0279266017843467,0.0060909219094751,0.00114229860874757,0.0091604142043902,0.00232810645810629,0.000748052957607925,0.005261703697649,0,0.0316764080640181
"d1","Sub1","13Bean","B",0.274766595990018,0.0704899114171035,0.0051658515311702,0.00072304140926573,0.109608433812403,0.0305488572725643,0.00667109063365985,0.00205391123342048,0.00882762732856335,0.00259044688584874,0.00105651047463864,0.00647642547638535,0,0.0397423042177834
"d1","Sub1","13Bean","C",0.272032356616112,0.063406613701776,0.00545440699070095,0.00057080400341818,0.112225055808421,0.0300055466493999,0.0072827435893151,0.00098267923223672,0.0090499615024114,0.00261273930695814,0.00083808316449,0.00666247449847615,0,0.0371429522061278
"d2","Sub1","13Bean","A",0.412514086744078,0.076766710970735,0.0082930009777149,0.000730438816853845,0.166210956806954,0.0351531203055793,0.0074339572948926,0.00122973406436938,0.016153190973393,0.00391613451387963,0.0016625857930828,0.0111855909483764,0,0.0431952150484914
"d2","Sub1","13Bean","B",0.45825786054341,0.074566741685339,0.00782366926362785,0.000650603473108835,0.150210548035537,0.0318431123197636,0.00613200288746055,0.00221197041650875,0.0119020378978059,0.00378697459122126,0.00127514559162175,0.0110319174139134,0,0.0390942207057296
"d2","Sub1","13Bean","C",0.535847445854935,0.077664462088551,0.00923403998986605,0.00069543608851176,0.162959429405147,0.0361853919541936,0.00736861940175075,0.0012805513767612,0.0150470200894925,0.00437559224478101,0.00152930742462529,0.0141106650896844,0,0.0435179872379779
"d3","Sub1","13Bean","A",0.56312146260894,0.0871918309844635,0.0113622570537077,0.00071048423626583,0.191179277576983,0.0380364807893168,0.00711268397436385,0.00084793784803685,0.0215562304451274,0.00481596006530025,0.00161773674451921,0.0135851721148279,0,0.0424613692947434
"d3","Sub1","13Bean","B",0.591315563554955,0.087034990283132,0.0117693650609445,0.000470046757170763,0.185708017896906,0.0364158716419921,0.00673342110577655,0.00233745997738511,0.0183030358272953,0.00519952273249165,0.00167430087953976,0.0182653789559503,0,0.0423473212389789
"d3","Sub1","13Bean","C",0.616199883184155,0.08377307788526,0.0136456757957416,0.000699492037310875,0.185190051170705,0.0360904605420371,0.00754302796736215,0.0013404169510341,0.0206675686352757,0.00511624925601895,0.00178058767211329,0.0212395564327378,0,0.0481942391881969
"d0","Sub2","13Bean","A",0.197271818730603,0.143002301449562,0.0271961548640337,0.000470134395470727,0.104808055937325,0.00345989185009583,0.00386215752622655,0.0031618291513195,0.0243827345980101,0.00233703510174405,0.000880000344992005,0.00464594052602276,0,0.0285930700622648
"d0","Sub2","13Bean","B",0.0518452408393215,0.0265472463990305,0.00710730175213615,8.49983515269815e-05,0.0207610645839456,0.000587897667848345,0.00089421352223385,0.00075903789391605,0.00498044655634909,0.000407301467330767,0.000179121239162919,0.00178732227272414,0,0.00760358276415835
"d0","Sub2","13Bean","C",0.054076382488249,0.0314758906929144,0.00749548524069595,0.000161334923434346,0.0232422181923372,0.000709613664737315,0.000990685117031605,0.000939279279400625,0.00564742462297165,0.000498115321716464,0.000178177896243552,0.00209278340749674,0,0.0085796065306289
"d1","Sub2","13Bean","A",0.0111088841583034,0.00325759201849648,0.00130247301251768,4.92219154378902e-05,0.00454422492203458,0.000200073106023888,0.000202688965646705,2.8230060403624e-05,0.000545369363782825,0.000240570978096363,5.1659550764394e-06,0.000132169969109567,0,0.00344758068045348
"d1","Sub2","13Bean","B",0.0106139098104016,0.00288453827820744,0.00146432615837925,0,0.00314595805339212,0.000148392252416509,0.000254781671090925,0,0.000529129327892485,0.000225566152667458,3.35569966050936e-06,0.00014097321871439,0,0.00350430835553074
"d1","Sub2","13Bean","C",0.01347670697359,0.00372158341839293,0.00147351763875024,0.00089982573207498,0.00355446197063825,0.000208119691603139,0.000191695536810117,3.7332941748463e-05,0.000576245063216445,0.000282333966067798,1.05226804757446e-05,0.000130719076150987,0,0.00375217557000779
"d2","Sub2","13Bean","A",0.01697719943421,0.00359553030441498,0.00151113435100628,0,0.00492085682688531,0.000713103239689765,0.00029009811048073,0.000164392838067443,0.00077558563421981,0.000230999395205988,1.01277342637059e-05,0.000377605434844249,0,0.00237429028187405
"d2","Sub2","13Bean","B",0.0079589365720589,0.0137187960693812,0.00159578269907787,0,0.0371814653978755,0.00329915137156967,0.003368653564195,0.000296533676634733,0.0066140455846392,0.000201577062965194,0.000176736887673494,0.00016713584301504,0,0.0209117507231091
"d2","Sub2","13Bean","C",0.00764038989408705,0.00267153410530487,0.00130620069647044,0,0.00160254839370009,0.000229783910451799,0.000198316164601393,0.000137661436416057,0.000534421865872615,0.000168939149040817,3.1868114128692e-06,0.000179346920124861,0,0.00143243112881883
"d3","Sub2","13Bean","A",0.00763920803415265,0.00177780560531469,0.0011239312852591,0.00178589354441824,0.00077712503432682,0.000191459468410788,0.000241883983380607,0.000274540286904415,0.000406804733260038,0.000177793054508506,8.89675072752305e-06,0.000321184617081082,0,0.00339364993835496
"d3","Sub2","13Bean","B",0.00595138651517455,0.0056651638434888,0.00175687390342075,0.0317019633918048,0.0113420237594976,0.00463212553014063,0.0056258108545717,0.000902896347269575,0.0113370892669074,0.000227938800186317,0.000241915321071944,0.000153322349353944,0,0.0204592197003411
"d3","Sub2","13Bean","C",0.0075148688222026,0.00227332715276085,0.00126907933807213,0.00212829997664092,0.0010364187490895,0.000237739571664966,0.000298439429256456,0.000324948729013571,0.00053365314934485,0.00014938584503113,3.59807047886182e-05,0.000356166739514669,0,0.0022589332485096
"d0","Sub3","13Bean","A",0.258636176063951,0.124153512408411,0.0268219051611051,7.0649497569687e-06,0.0424181234282953,0.00250209606635428,0.00514107007526675,0.00297760743777251,0.0053327784362454,0.00422028955069079,0.00141674121578449,0.00452829710636408,0,0.0294147701392858
"d0","Sub3","13Bean","B",0.266434507267391,0.117675238649052,0.0255145046428065,8.3588850837536e-05,0.0423612003503732,0.00249238436430774,0.00509145833989815,0.00299662642885743,0.00523864627833815,0.00386554774408515,0.000215596391051561,0.00407680855308807,0,0.031798731121562
"d0","Sub3","13Bean","C",0.287549025742578,0.071892871840321,0.0254582854344108,8.5573562956456e-05,0.0421156169754906,0.00259977862708797,0.0052876968730755,0.00327520797877416,0.00578180855905435,0.00413375801812066,0.00127247643888232,0.00475291250826263,0,0.0336435864018087
"d1","Sub3","13Bean","A",0.0139510781446342,0.0080437283210514,0.00296695751576309,0.000100542913193835,0.0072832555297489,0.00128014106285052,0.0024263798053492,0.000385633953906723,0.0011890535729194,0.000268059618908048,2.47649522410666e-05,0.000419066693161362,0,0.00167295742117085
"d1","Sub3","13Bean","B",0.0100778639603428,0.00625134772729965,0.00227324267462129,9.09663410411465e-05,0.00634131298877195,0.00064649559160156,0.00155599633863118,0.000522123910750285,0.0009737885177204,0.000200972242355916,2.4720289117847e-05,0.00028574121428926,0,0.00165019457262891
"d1","Sub3","13Bean","C",0.0102527627672139,0.00417217709629373,0.00168795444428663,4.27058781006445e-05,0.00513643656383025,0.000187964611339708,0.000338948391037968,0.000115377243855722,0.00052091849146679,0.000169548587949401,5.23981222509435e-06,0.000136710729466303,0,0.00160618634892532
"d2","Sub3","13Bean","A",0.0213917560255001,0.00784066955218625,0.00404853192322335,0.000131517972481037,0.0057730774427904,0.00264032143773859,0.00453059214458574,0.000431000098916205,0.0057411458405652,0.000861289715057305,0.000100276653752125,0.0007071746644384,0,0.00123681776030232
"d2","Sub3","13Bean","B",0.0081268946611083,0.0068290833371597,0.00372637687798915,0.000152666064557358,0.00163727991557432,0.00155847748697245,0.00475526556626263,0.000342393317965072,0.0060248971968165,0.000568405003706935,5.71356947455845e-05,0.000502377492407015,0,0.00114747577508169
"d2","Sub3","13Bean","C",0.0079315937905184,0.00792242866681105,0.00298372056536298,0.000369562265553831,0.0137889502689219,0.00195170497271325,0.00544579463698645,0.000388388339181068,0.00342677235702949,0.0002321515017201,4.40032431255633e-05,0.000324676704869984,0,0.00197988096551809
"d3","Sub3","13Bean","A",0.0126252640503269,0.012399467131795,0.0050491632865523,0.00362972375599373,0.0150887403927371,0.00473418652531003,0.0126955071058295,0.00141366692989942,0.0152665845638904,0.0017532348993162,6.67914089687835e-05,0.00119626538630235,0,0.00184004701124078
"d3","Sub3","13Bean","B",0.0084626958599235,0.011974788516554,0.00457122701024449,0.00361489916335516,0.0143668257575639,0.00286450564999666,0.0136077176586417,0.000876312242942785,0.0184165870293631,0.00067230686321839,0.000355086537099901,0.000815422450533755,0,0.00234373282973961
"d3","Sub3","13Bean","C",0.00782009241491715,0.0139242032387509,0.00255641589636701,0.00382745357394378,0.0179900646327503,0.00331582559347432,0.00760951232383535,0.00100841534786123,0.0146123377595683,0.000287698851936918,5.3151517437551e-06,0.000414122098719964,0,0.00446315050272709
"d0","Sub4","13Bean","A",0.288870781068202,0.187298229227604,0.084175631066093,0.000460843154449134,0.0586660037909825,0.0057122814356977,0.00372852499735182,0.00220852644257499,0.0191900308638689,0.00245944060374274,0.000535543185653,0.00620035231250035,0,0.0539097780366325
"d0","Sub4","13Bean","B",0.284770872902746,0.18169450676827,0.079135030883173,0.000514159908458745,0.057858972156658,0.0052676975321196,0.00368528577400921,0.00291684335367668,0.0183497979182952,0.00240720095844485,0.00051433954683834,0.0054081930837398,0,0.0542253306831085
"d0","Sub4","13Bean","C",0.284817488089216,0.19506474690577,0.081942876760493,0.000407747445360886,0.069632993197556,0.0059895615374955,0.00364001833523614,0.00282485926645591,0.0189560540730404,0.00251099695244778,0.000478871517244642,0.0055300702159256,0,0.055366492715593
"d1","Sub4","13Bean","A",0.0104924035168609,0.00531509164838095,0.000920681637438875,3.81863774241628e-05,0.0123583099239437,0,0.000200667331233031,0.00024402824127757,0.000694800020958595,0.000291419911649593,5.70189297516465e-06,0.000182662593486202,0,0.00368204375256421
"d1","Sub4","13Bean","B",0.0075821077351594,0.00382824572189193,0.000786048111330845,4.188527331025e-05,0.0100864417306085,0,0.000223483608721013,0.000189113683912879,0.00060444787477184,0.000240440925273145,4.74486900835722e-06,0.000138846187832285,0,0.00278809141363688
"d1","Sub4","13Bean","C",0.0079426282981684,0.00436036287534825,0.00104842213635055,3.93074152478497e-05,0.0115003175300171,0,0.000209592133934512,0.000575325118599925,0.00070148167155027,0.000267055662611478,0,0.000111858197300916,0,0.00360227280122893
"d2","Sub4","13Bean","A",0.012561648038097,0.0104878704494424,0.00204545159089372,0.0167174701688019,0.0217237163436856,0.00129803223783889,0.00523548177779,0.00073801432276243,0.0205766937182376,0.000376907787593279,1.33736905079568e-05,0.000368107959893841,0,0.0309718729409507
"d2","Sub4","13Bean","B",0.005775794968913,0.0136552720729116,0.00172944257931064,0.00925926702562715,0.0112234347877491,0.00165086727088745,0.00494810216434967,0.00068602019123117,0.0249624174977016,0.000450056087271333,3.91250494132367e-05,0.000541609643288335,0,0.0392122397210265
"d2","Sub4","13Bean","C",0.0076604892014524,0.0136990251195435,0.00187215836291221,0.0175379950701959,0.0214982080295405,0.00175213739918592,0.00407870793808622,0.000738479768001185,0.01760047935667,0.00055957140063661,3.47742924229428e-05,0.00041870415938281,0,0.0389436632147818
"d3","Sub4","13Bean","A",0.0060575073717758,0.0113623610934306,0.00143366853337416,0.0333868104427235,0.0725230503395395,0.00386435997536174,0.0140706639106201,0.000905445981975715,0.050965049261691,0.000119990573819141,0.000264623634266539,0.000230301448477346,0,0.0473435213159932
"d3","Sub4","13Bean","B",0.00536362104611075,0.0300005253683125,0.0013057213307761,0.0326607539866284,0.0772970434767055,0.00385491727725171,0.011911313337748,0.0008085525468695,0.0414066483485214,0.000313365197966793,0.000127461988902019,0.000234948901471327,0,0.0594906191495425
"d3","Sub4","13Bean","C",0.0051239410840213,0.00349597190825702,0.0012252546466776,0.0129075903815874,0.0167109366377519,0.00348716360566895,0.0129572566883598,0.00156127766792546,0.052968480752451,0.000162199637646661,0.000280302149202496,0.000214790702587465,0,0.051645054649074
"d0","Sub5","13Bean","A",0.154023966152173,0.155425341651387,0.055939388137305,0.000377234166213137,0.0997240356347905,0.00284750897782382,0.00282924373285392,0.00142742453064959,0.0140877511564643,0.00463850367401602,0.000845395687306325,0.00546470756940105,0,0.0260715699537849
"d0","Sub5","13Bean","B",0.159921979262546,0.154543278516134,0.0564945259015815,0.000426861960254566,0.109217059761081,0.00290725629904625,0.0028700667108113,0.00144159450820465,0.0143503961773151,0.00485757482038336,0.00082285045188113,0.0053256304833076,0,0.0277522153093616
"d0","Sub5","13Bean","C",0.128211727519201,0.16040673438497,0.057801202635323,0.000469801767404132,0.111638249873993,0.00335363912068188,0.00279399641708542,0.00135968935400255,0.0182956705113137,0.00487745317586192,0.00109590800167931,0.00562763049753915,0,0.0253623967067083
"d1","Sub5","13Bean","A",0.188693402085582,0.178627306700383,0.0053519356356089,0.000794622866939315,0.117142897025639,0.0068860217513712,0.0103814006694613,0.0062692560996587,0.0075854755344795,0.00243643776649368,6.0598665122986e-05,0.0118311856571439,0,0.0138274388571539
"d1","Sub5","13Bean","B",0.227276437785651,0.171568317679435,0.00520172465269045,0.000693988567993175,0.0830963630278515,0.00772202005707745,0.0105182748685017,0.0068036321460111,0.00793379231141745,0.00242378952636619,0.000376034169935622,0.011389884979487,0,0.0119574920552969
"d1","Sub5","13Bean","C",0.239246688176497,0.16384441271484,0.00497070457229247,0.00074271298236582,0.102793210582766,0.0082944107832354,0.0102000576682842,0.0070603881855155,0.00777463406464885,0.0023931466421875,5.48166385468385e-05,0.0110155669646371,0,0.0127479877785263
"d2","Sub5","13Bean","A",0.296269069940549,0.186486233768529,0.00745992188891165,0.00048814455342231,0.206068865985928,0.00747945402374885,0.0114621787589038,0.0067721088106463,0.00977012277414965,0.0033781396163416,0.000623002824697745,0.0218373757349056,0,0.0324545387210001
"d2","Sub5","13Bean","B",0.387814266814581,0.186800518422494,0.00788903322677415,0.000747209122786665,0.188937234570353,0.0074819811870998,0.01099138478647,0.0068265179639097,0.00942393266438415,0.00331408533592198,0.000273337421478637,0.0186952954835429,0,0.0293137697219766
"d2","Sub5","13Bean","C",0.393791066155813,0.173867698474639,0.0075475991204911,0.00086592399433763,0.200186533832645,0.0078866669539779,0.0129755147271227,0.00757037342847445,0.0107082735148712,0.00352051727281186,0.000135134266369203,0.0194620762981667,0,0.0267315958251904
"d3","Sub5","13Bean","A",0.50163652233344,0.204433599927879,0.0104751268964459,0.00058071323027013,0.25886240806645,0.0092685457222078,0.015332251151307,0.00786114912317915,0.0126659865157875,0.00459685344426713,0.00076794011324971,0.0285020741328373,0,0.0486854979618671
"d3","Sub5","13Bean","B",0.420088545026917,0.186374049406766,0.008704303685024,0.00054153107162426,0.242517298651894,0.0071667565982862,0.0120962389356989,0.0070273361301293,0.00906852387693495,0.00384833496358492,0.000833851956340145,0.026215194137158,0,0.0452581851471651
"d3","Sub5","13Bean","C",0.50756945223611,0.193632240740465,0.0093348045759757,0.000875002153848795,0.255018036434021,0.00894456207420665,0.0155926047250507,0.0082357487865665,0.0131725835451166,0.00445585029848392,0.000299310743210488,0.0240313410646846,0,0.0484397897508385
"d0","NoSub","ctl-m","A",0.000106989405406792,5.5404200052394e-05,0,0,2.82133098367497e-05,7.1849810767582e-06,1.66050971556628e-06,0,0,4.47000139374061e-05,0,8.09323528545775e-06,0,1.61639966824261e-05
"d0","NoSub","ctl-m","B",9.77094922007725e-05,4.12785861511378e-05,0,0,3.48373940343067e-05,7.41703701502265e-06,1.12892854745031e-06,0,4.10972196608923e-06,3.01318356085292e-05,0,4.15398102236192e-06,0,8.33233365387065e-06
"d0","NoSub","ctl-m","C",0.000133278004194007,2.67016228972453e-05,0,0,2.44504730375878e-05,4.2664010556128e-06,2.97276664686685e-06,0,2.30293592911626e-06,3.45449711006377e-05,0,5.68732059322905e-06,0,8.39449528447505e-06
"d1","NoSub","ctl-m","A",0.000129962981306185,3.74409369312431e-05,0,0,3.21873103233272e-05,7.8767683060359e-06,2.45945806505926e-06,0,8.358979008354e-06,2.89912134648825e-05,0,6.104900052228e-06,0,0.000292112354512116
"d1","NoSub","ctl-m","B",0.000108195678194133,3.72721728864721e-05,0,0,3.12510638362969e-05,3.56516829957954e-06,1.89202339897242e-06,0,0,4.2744680937962e-05,0,6.5185459449456e-06,0,0.000100742328708759
"d1","NoSub","ctl-m","C",7.87424003182645e-05,3.0509104862201e-05,0,0,2.71236441745619e-05,4.09109683796325e-06,1.02078866945982e-06,0,0,3.45758084909314e-05,0,4.54668928653261e-06,0,0.000102970778347571
"d2","NoSub","ctl-m","A",2.17825856602584e-05,9.3266335688689e-06,0,0,1.23873542273876e-05,0,3.1492594043555e-06,0,1.89070983440363e-06,1.50531150141255e-05,0,6.9846608444515e-06,0,1.10526116309095e-05
"d2","NoSub","ctl-m","B",7.46807484962155e-05,3.26581180500135e-05,0,0,3.59616372239423e-05,0,2.92634458038872e-06,0,0,2.83831192195046e-05,0,6.15662078604615e-06,0,9.9960516155184e-06
"d2","NoSub","ctl-m","C",8.44256707576225e-05,4.89792936476609e-05,0,0,3.44995189834978e-05,0,0,0,2.37891447333087e-06,3.69010554449531e-05,0,2.53685046951306e-06,0,6.7996917575023e-06
"d3","NoSub","ctl-m","A",9.85362658571705e-05,0.000146271518254451,0.000116381879870214,0,3.26270071332605e-05,2.2807342258419e-05,1.59479570812372e-05,0,3.25801965401922e-05,4.13725801772342e-05,0,4.95804168452118e-06,0,0.00055600249872453
"d3","NoSub","ctl-m","B",8.29075916381505e-05,9.2764403740634e-05,8.2749606492032e-05,0,2.76226775701029e-05,5.08778726235765e-06,7.5761343720906e-06,0,3.74004992107913e-06,3.14329914024392e-05,0,7.15334051656975e-06,0,0.000167058801812958
"d3","NoSub","ctl-m","C",9.12927441157775e-05,8.42214519845055e-05,5.8656469223688e-05,0,2.89174762396447e-05,1.16201806785324e-05,7.8190931683426e-06,0,6.46764936472255e-06,5.0882042200886e-05,0,7.4077875307829e-06,0,0.000127290370312912
"d0","NoSub","ctl-f","A",0.0094698334853945,0.062242457361722,0.00215462392882157,0.000447816832873917,0.000311949589942048,0.000176014810351661,3.87635325731272e-05,0,4.79351270660351e-05,8.0251250057166e-05,0,0.000156408644958043,0,0.000373552054140359
"d0","NoSub","ctl-f","B",0.0132477477642028,0.092696455597268,0.00283092646789587,0.00056639049686388,0.000443187434126174,0.000227224422620958,5.5021663154467e-05,0,8.2710151041975e-05,0.000109351412037632,0,0.000200969591095297,0,0.00062038647699368
"d0","NoSub","ctl-f","C",0.012086014151066,0.080422649863225,0.00213633026663599,0.000478896325541924,0.000351441807953878,0.000186351517087254,4.8539214675534e-05,0,5.5490467316304e-05,8.8527182089478e-05,0,0.000156214782649775,0,0.000459116295622777
"d1","NoSub","ctl-f","A",0.0146588885616355,0.0649132466794885,0.00228538360693273,0.000449051374826515,0.000383756031950996,0.000190922093424182,7.25006430403995e-05,0,5.3259475059139e-05,8.79457266456405e-05,0,0.000174003544099095,0,0.00148570418368908
"d1","NoSub","ctl-f","B",0.015245449469541,0.0726195200247415,0.00259079308812949,0.000437204590462893,0.000369234403908775,0.000194746547935499,4.32972790710852e-05,0,6.2277239541401e-05,0.0001003468228875,0,0.000149673950236496,0,0.00195184396984009
"d1","NoSub","ctl-f","C",0.0145279628113862,0.074601246066056,0.00221377904472134,0.000346648868691193,0.000325479516805055,0.000185689364223477,3.95280435210694e-05,0,4.05458251662105e-05,9.4366388002789e-05,0,0.000191699682530558,0,0.00290649411359589
"d2","NoSub","ctl-f","A",0.0131878019278433,0.0557495558269635,0.00266017581861332,0.00033082910261925,0.000321617120225395,0.000159493450760327,3.97137541548687e-05,0,5.2094379888235e-05,9.02615146908345e-05,0,0.000206990244108996,0,0.00222580261211945
"d2","NoSub","ctl-f","B",0.0156852937618117,0.0755723958088855,0.00321458243722991,0.000434186517517973,0.000399654253396724,0.000203025550888513,4.79823363225537e-05,0,5.2173383417868e-05,7.94151179493395e-05,0,0.000224384139864891,0,0.00322861682329235
"d2","NoSub","ctl-f","C",0.0161427978961203,0.076978541408265,0.00300217003618214,0.000367493948817576,0.000365822432456582,0.000206294195494791,4.78974978094818e-05,0,4.01464891633286e-05,6.1050246271453e-05,0,0.000206364646776684,0,0.00484249082187881
"d3","NoSub","ctl-f","A",0.0161066471371034,0.0741145916708505,0.00306963153130644,0.000380445640014533,0.000330134494394657,0.000215948179758022,7.03946092978945e-05,0,6.00312512189895e-05,4.46446688698386e-05,0,0.000213681679080689,0,0.00334079555879247
"d3","NoSub","ctl-f","B",0.0155149032491697,0.0700029339295685,0.00314574703025522,0.000379385618236826,0.000320098796329636,0.000203114128519757,5.30356923879265e-05,0,5.438328713229e-05,2.49449179498925e-05,0,0.000241988386033753,0,0.00371492818328342
"d3","NoSub","ctl-f","C",0.0187677201786023,0.0832531332070095,0.00308017050060545,0.000300517841339409,0.000332059025134631,0.00023671460487987,8.3055229748787e-05,0,6.44407084380315e-05,7.80479626154135e-05,0,0.000280590908773909,0,0.00616729733814215
"d0","Sub1","Flax","A",0.233906445600374,0.195740651529138,0.186878111606845,0.0122625744281027,0.0289165046744865,0.00515767579596455,0.00432218838557109,0.00226263387074741,0.0240868908173403,0.004218146664553,0,0.0024514050486703,0,0.0415911993396298
"d0","Sub1","Flax","B",0.233389068761764,0.179841893702885,0.246966756963633,0.0141718965044292,0.0326271360190803,0.00534279092477615,0.0052583421544204,0,0.0350918919698447,0.004471861596637,0,0.00274699463305129,0,0.0480947265912975
"d0","Sub1","Flax","C",0.284128790407049,0.222874848389134,0.230963641414414,0.0227440597193299,0.048939171955554,0.0068792169940547,0.00816459755922045,0,0.0484323600230558,0.00634499081139195,0,0.00541679671346115,0,0.0808679028370475
"d1","Sub1","Flax","A",0.0132448790520661,0.082005582656242,0.00187854526731358,0.005462641958366,0.0221123485065745,0.00113570426099405,0.00153057058674664,0,0.0239714859650061,0.000448197371166938,0,0.000488676183050469,0,0.00147462086670149
"d1","Sub1","Flax","B",0.0493521132518413,0.105856797783018,0.00225200176601796,0.0235461491174081,0.0402753911732758,0.00312000448835586,0.00350640948058358,0,0.035990468609018,0.0019789089501474,0,0.00118608264715804,0,0.00228868650798505
"d1","Sub1","Flax","C",0.0355266730611751,0.084215066301582,0.0018527965719641,0.0114579376494832,0.0317034221594758,0.00148255743845784,0.00210220841988731,0,0.0370745279615162,0.00166251047177645,0,0.00148020360698725,0,0.00136626155182578
"d2","Sub1","Flax","A",0.0172117478550398,0.0415153166127569,0.00156003930547151,0.0162223552322921,0.0062789125857048,0.00200908984833362,0.00507322606259045,0,0.00533844517085355,0.000319381292504016,0,0.000355918747962305,0,0.00154372395509145
"d2","Sub1","Flax","B",0.00595737954714305,0.053619981603867,0.00123864786006237,0.0897151506806485,0.0211036763393823,0.0079487036824804,0.0150295745012218,0,0.0791105767000765,0.000277959190603067,0,0.000267511271156574,0,0.0070957762338634
"d2","Sub1","Flax","C",0.00581641041955955,0.0492285369181287,0.00153827609293981,0.034838677437323,0.00686492301690365,0.00474214417254492,0.00872763235215455,0,0.00388847316870097,0.000257789085389763,0,0.000276062989745469,0,0.00164845428940465
"d3","Sub1","Flax","A",0.0074158922698793,0.0503484053569445,0.00179619108779066,0.0068657421433496,0.00606693981462975,0.00174523218573247,0.0051045487313055,0,0.00218777613731101,0.000179942976105115,0,0.000297192250089954,0,0.00173654120173025
"d3","Sub1","Flax","B",0.00453634273597664,0.0459291238630714,0.00133375959107747,0.147901416872457,0,0.0103590679790845,0.0256446813678246,0,0.0051926956061877,0.000191826287221975,0,0.000266859042555534,0,0.00670236884056605
"d3","Sub1","Flax","C",0.0052171328469128,0.0476784391122586,0.00157250354877063,0.00384239113378994,0.00290994691120302,0.000766166104505795,0.00259440398457295,0,0.00190373571898449,0.000148718878745711,0,0.000314466795247472,0,0.00176944906190377
"d0","Sub2","Flax","A",0.143315291298066,0.186555191984722,0.177946930544418,0.0105642620205805,0.08766561065717,0.00416424943932745,0.0041964423280897,0,0.0434065963476263,0.00827304656789265,0,0.0167356263055851,0,0.0325974416510321
"d0","Sub2","Flax","B",0.14095136155238,0.191634916382922,0.193750648811859,0.0119757352008175,0.088032392820809,0.00393712363600229,0.00405134457369765,0,0.0446109872945416,0.00718165232421535,0,0.0140917012697985,0,0.0296420401223678
"d0","Sub2","Flax","C",0.131515062315383,0.165785602929794,0.151958559483888,0.0123258278781372,0.0824797370595525,0.00391758247942416,0.00410192810076144,0,0.0322849030327655,0.00760671874717595,0,0.0123636752157399,0,0.0332478496234956
"d1","Sub2","Flax","A",0.0166147916950991,0.0445639529985292,0.00240830889599846,0.0081817409784093,0.0205942821382969,0.00135443701645523,0.00102053649298631,0,0.00330458243495004,0.000355229467602363,0,0.00050384594472682,0,0.00323840780296732
"d1","Sub2","Flax","B",0.016938720925917,0.0396755753677462,0.00271168970638849,0.00759824114024165,0.0189343992225211,0.00121218570341692,0.00086470067301258,0,0.00333451400049029,0.000392851987389201,0,0.0005210722988387,0,0.00291196011180802
"d1","Sub2","Flax","C",0.0189721146854555,0.0459503261130112,0.00267748393883244,0.0077670557916113,0.0212275370974813,0.00139126824375598,0.00105573984036733,0,0.00335025581461264,0.000382467164408841,0,0.000519539065151445,0,0.00285602059685064
"d2","Sub2","Flax","A",0.0261950012590526,0.0552546269546155,0.00194420870423676,0.00407366742087076,0.00924644504059845,0.00182264885601687,0.00072736193573128,0,0.00147607170084606,0.000124876733021036,0,0.00031230694695761,0,0.00215789969248308
"d2","Sub2","Flax","B",0.0102449654659481,0.0353015203564265,0.00209356148706595,0.00490740757761741,0.0089316286105038,0.0013851981023919,0.00068832048009292,0,0.00137500895332449,0.000155572945722239,0,0.00026412277658573,0,0.00212609847539063
"d2","Sub2","Flax","C",0.00903708869182165,0.0388572183658171,0.00193915030886488,0.00492633160466106,0.009874671488676,0.00138085312252797,0.00064410511972449,0,0.0021046145570538,0.00015505672603017,0,0.000221772686789927,0,0.00206630395298287
"d3","Sub2","Flax","A",0.00820764827604765,0.0826344838590785,0.00123913244239348,0.00252424605772174,0.0053626373780308,0.00639567016981795,0.00161269119576896,0,0.00840621776366965,0.00020289141599437,0,0.000264376988020174,0,0.0019082902070107
"d3","Sub2","Flax","B",0.00570402313482195,0.0381228834743754,0.00138516699604907,0.00206919574993062,0.0038391593769476,0.00305311555803368,0.00142444250973138,0,0.00391176732013919,0.000110979001541047,0,0.000224148497362291,0,0.00212829510399334
"d3","Sub2","Flax","C",0.00270318452842724,0.0271203509923134,0.00065125810292265,0.00182637760860747,0.0032175801004591,0.00305038206016472,0.00133457952966044,0,0.00402764936237669,7.2827390055534e-05,0,0.000142646811378189,0,0.00115350737541024
"d0","Sub3","Flax","A",0.110693656716914,0.18422569735069,0.16904462320026,0.00348653161329688,0.0459535689883558,0.00278469358881054,0.00130440265511639,0,0.00698801178614335,0.0050529718744927,0,0.0128292935473948,0,0.0407459211697195
"d0","Sub3","Flax","B",0.102639108914673,0.169952918026852,0.173290026172278,0.00338766504833552,0.0392682494124671,0.00248272429800053,0.00136003408778608,0,0.005092318812011,0.00483952961872935,0,0.0106630124154507,0,0.0352810721228524
"d0","Sub3","Flax","C",0.103552368486372,0.165104730193091,0.1464615554711,0.00335783858506109,0.0419411912692243,0.00271767370918301,0.00145214568076436,0,0.00556518001973245,0.0050056727016965,0,0.0104689718853264,0,0.0375761544240052
"d1","Sub3","Flax","A",0.0251925704537584,0.0376092090046325,0.00211942387670226,0.00526084256945245,0.00871750534699645,0.00102791430477633,0.0108314739126611,0,0.00210153995873489,0.000424053310409623,0,0.000515141480768855,0,0.0027414739912183
"d1","Sub3","Flax","B",0.0271364674271479,0.0403254750588473,0.00215538633584275,0.00489092343167832,0.010361155450778,0.000893230531841505,0.00156351897158864,0,0.0016075310166541,0.000446641715599512,0,0.00045891650109666,0,0.00383814077607214
"d1","Sub3","Flax","C",0.0244417608603014,0.0375189673105588,0.00208384555651381,0.00565036447316495,0.0137141872372945,0.00084420109065045,0.0012496118268681,0,0.00153672198418321,0.000423628395737674,0,0.000469976120571542,0,0.00423860948262845
"d2","Sub3","Flax","A",0.00900111713933265,0.0374844140750616,0.00160807309728101,0.00198075676776465,0.00495492393778426,0.0021734363317446,0.00422456644089644,0,0.00128087584400246,0.000234618842978807,0,0.000303348390022958,0,0.00178354752156587
"d2","Sub3","Flax","B",0.0070263232286707,0.0378146317068887,0.00169946702386005,0.00231032157269519,0.00487689050484902,0.00281693106324294,0.00178619524476865,0,0.000999148674468725,0.000130913567589176,0,0.000280727604283847,0,0.00191284614323033
"d2","Sub3","Flax","C",0.00862272457216545,0.0358399568499439,0.00190277925999288,0.00240586704309229,0.0093741153496069,0.00294375119645093,0.00319405260498942,0,0.00132185497948165,0.000193003754246053,0,0.000306345582426364,0,0.00215634947961917
"d3","Sub3","Flax","A",0.00776539007233645,0.0394183555149925,0.00164504153110705,0.00260906178102625,0.00477760152166977,0.00344074206226254,0.00376604442427233,0,0.00129376934961469,0.000149381320934546,0,0.000284009399588922,0,0.00185843087805584
"d3","Sub3","Flax","B",0.00556310385912865,0.0269187187115898,0.0009127590984897,0.00254980365293083,0.00492743044287812,0.00322546943927211,0.00183755187542646,0,0.00108758943586996,9.68800353034365e-05,0,0.000165257084009173,0,0.00161817894748055
"d3","Sub3","Flax","C",0.0063517487533209,0.0296124197383031,0.00152760325535166,0.00264764787052701,0.00542899562068345,0.00262961642959606,0.00280133548404919,0,0.00094821951285633,0.000135885945408658,0,0.000200738223509959,0,0.0017719726890981
"d0","Sub4","Flax","A",0.197296721589397,0.192228378832824,0.172191852818286,0.0137308810001165,0.0522268883804135,0.00538965398663875,0.00396654759355863,0,0.0333599371513677,0.00464328611648046,0,0.00874122666274845,0,0.074949522377669
"d0","Sub4","Flax","B",0.162809898463432,0.161442102191549,0.189350868346115,0.0107333741226175,0.0364778012443786,0.00428309736279006,0.00274712126576805,0,0.0201506992137076,0.00372121039517258,0,0.00612673701873505,0,0.053101662487514
"d0","Sub4","Flax","C",0.190170917573204,0.173145727844952,0.213216614060762,0.0126710171864978,0.0445361605873617,0.00486464521987741,0.00362630346210394,0,0.0263364317845202,0.00448533031863944,0,0.0057696224742853,0,0.0670945827585095
"d1","Sub4","Flax","A",0.0143346255440997,0.055688057944866,0.00101389476559296,0.101658715260671,0,0.0208330113440517,0.0204748229389189,0,0.00199123541978654,0.000205369191334586,0,0.000277440797009469,0,0.0108973648661966
"d1","Sub4","Flax","B",0.0134140245007184,0.062886014010651,0.00141141895957474,0.142850994694519,0,0.0226280905126018,0.019926865181095,0,0.00186005583723001,0.000180169475674407,0,0.000225681716746597,0,0.011066162049495
"d1","Sub4","Flax","C",0.0094149532899457,0.053210643562808,0.00110110347089321,0.11338644428504,0,0.0148693570767345,0.0163251465304147,0,0.00151959986712028,0.000171339549144799,0,0.000207157429176889,0,0.0049052159651768
"d2","Sub4","Flax","A",0.0103253142241455,0.077225150986364,0.00121445505883702,0.00585150858368925,0.00692397089008255,0.0049815084183671,0.00208298190300598,0,0.00212678829374062,0.000144349500468076,0,0.000262335703631346,0,0.00257848787959469
"d2","Sub4","Flax","B",0.00793572973676645,0.0245391713589916,0.00148382722127365,0.00453086333804236,0.0060721670617955,0.00111851083015386,0.00139015741433894,0,0.0016091972668355,0.000148937238966853,0,0.000211034284059981,0,0.00219011304680592
"d2","Sub4","Flax","C",0.00910290998468995,0.066104334698379,0.00104952922438898,0.0056867315806613,0.0059958048985333,0.00584563742008995,0.00339229996588735,0,0.00179753304652541,0.000135260301014483,0,0.000231486404732806,0,0.00230884793169908
"d3","Sub4","Flax","A",0.0096777583246669,0.0237962764803547,0.00142976411132404,0.0118321999629044,0,0.00101939491996359,0.00122068641340223,0,0.00186264607918657,0.000163152182928593,0,0.000250738305009987,0,0.00253752045467149
"d3","Sub4","Flax","B",0.00992049029205495,0.0258532235133645,0.00151727294378063,0.0145398706083721,0,0.0012664749846626,0.00145927496761946,0,0.00185827841835876,4.92358532093164e-05,0,0.000247929007659976,0,0.00244260826834094
"d3","Sub4","Flax","C",0.00807003692001575,0.0248884316291903,0.00138511854946563,0.00963218203772735,0,0.00094191241588134,0.00124412957264734,0,0.0013179333403313,0.000135342861279563,0,0.000234411902296842,0,0.00245166755773025
"d0","Sub5","Flax","A",0.129418124728644,0.172025295603541,0.18156463744096,0.00493421375971408,0.0499542353806606,0.00394395731996841,0.00147431456373455,0,0.0146132404205162,0.00557250800236945,0,0.00616595165768905,0,0.0185614086116459
"d0","Sub5","Flax","B",0.135031252941508,0.187909022574578,0.172400270745343,0.00492144707694642,0.054656743300823,0.00385914182320528,0.0015666374870071,0,0.0170267225292899,0.00557782390504415,0,0.0061808281586202,0,0.0169918832895131
"d0","Sub5","Flax","C",0.140734970265849,0.184043705285499,0.189342922854612,0.006066147365532,0.0574788469985225,0.00433342217477512,0.00201861582722609,0,0.0193646878149004,0.0065971421911772,0,0.00694160939811505,0,0.0202392952871765
"d1","Sub5","Flax","A",0.031511664597131,0.0941676788646925,0.00144621947978372,0.0707281902984455,0.03732820952469,0.00121448752348574,0.0069191139397312,0,0.0069238883157189,0.00086405555379459,0,0.000779366189661625,0,0.00103921751133402
"d1","Sub5","Flax","B",0.061429355682423,0.079795915317374,0.00228218179395718,0.05527395235635,0.0415860127558628,0.00140837494793311,0.0055563516914485,0,0.00560870144292365,0.00217666348018748,0,0.00123394853969167,0,0.00388349151353714
"d1","Sub5","Flax","C",0.087759983895581,0.116257642651662,0.002525168192828,0.0754674801451555,0.0530107472913405,0.00186364203784966,0.0077861496711363,0,0.007731861589113,0.00288971785655219,0,0.00198059367138426,0,0.007471747666372
"d2","Sub5","Flax","A",0.0086666717457279,0.0273642162806383,0.00108951276210303,0.108430350273745,4.54758432803654e-05,0.00443341599181628,0.0215132439321191,0,0.00457850382713152,0.000281020100402464,0,0.00029134865771696,0,0.00127496804649982
"d2","Sub5","Flax","B",0.0061060833879356,0.0272500449659856,0.00128577043645274,0.0945778197414225,0,0.00356392992839694,0.0100242457495461,0,0.0016372461259248,0.000278352813593221,0,0.000255261148434166,0,0.00252707019597474
"d2","Sub5","Flax","C",0.00452612041946127,0.0212425096770343,0.00147247650019461,0.0951965494344645,0,0.00331606579596389,0.0094505807893063,0,0.001017140417739,0.000245778967387244,0,0.000200763440197666,0,0.00485534952193275
"d3","Sub5","Flax","A",0.00419270046110893,0.0288455089386162,0.00114608259723122,0.0289904434821041,6.94047063953905e-06,0.00531884697560695,0.0269433261127054,0,0.00279668784823126,0.000145375365719556,0,0.000279100535502034,0,0.00149270077095932
"d3","Sub5","Flax","B",0.00497644191683767,0.0248449991464821,0.00116075529480655,0.0389440709959697,0,0.00392889771552352,0.0104163001292359,0,0.00245452545292334,0.000227509238591564,0,0.000251333351671072,0,0.00169791050997095
"d3","Sub5","Flax","C",0.0060991571875332,0.0247478386564948,0.0013742442217902,0.150195089437903,0,0.0052833441400847,0.0154893808696081,0,0.0105630184569356,0.000246566159908923,0,0.000320435602358832,0,0.00834129538087125
"d0","NoSub","ctl-m","A",0.000225473750159505,0.000250905917160763,4.57893792183032e-05,1.57654516563867e-05,0.000148045942638423,2.84237398330044e-05,8.25540222200295e-06,6.98429503600205e-06,0.000190552746430193,5.8862462829093e-05,0,1.64661856388085e-05,0,0.000126436500775942
"d0","NoSub","ctl-m","B",0.000193833859680585,0.00020433283018424,2.76132864689006e-05,1.51219680021551e-05,0.000113936414983284,2.12903005333195e-05,5.290106718758e-06,8.9736475383928e-06,0.000172953588589468,4.10829454321115e-05,0,1.52594040533583e-05,0,0.000107770981580689
"d0","NoSub","ctl-m","C",0.000222344475183943,0.000240884071280396,3.27775452173822e-05,1.45478055925307e-05,0.000149540571273109,1.7738167476921e-05,5.7271577745511e-06,1.16207877860584e-05,0.000206557948098178,3.95655722991479e-05,0,1.1382581381776e-05,0,0.000102198536381094
"d1","NoSub","ctl-m","A",9.1853324405882e-05,3.12599282811958e-05,0,1.76251191198342e-06,2.48755766582257e-05,1.14431702676938e-05,1.87000249858723e-06,3.55437264036326e-06,1.51336558890064e-05,4.00751240628579e-05,0,2.78269961557725e-06,0,1.05513405458027e-05
"d1","NoSub","ctl-m","B",9.3258249571582e-05,3.53257254226535e-05,0,6.4264431134098e-06,1.97594976383797e-05,1.14907673490822e-05,1.65191620966549e-06,6.29632044975675e-06,1.53389210300475e-05,3.33356373982777e-05,0,4.76874112831171e-06,0,9.09508302126995e-06
"d1","NoSub","ctl-m","C",0.000155926723538359,0.000149123280590474,0,9.65223861550625e-06,5.37479201681115e-05,1.64881406335771e-05,4.17321532994575e-06,0,9.8170243948037e-05,3.77062690709416e-05,0,1.49126155780303e-05,0,3.25162530793436e-05
"d2","NoSub","ctl-m","A",7.21990325674615e-05,5.7654129292279e-05,1.33965449852689e-05,1.95256998986471e-05,1.46962617352777e-05,2.117304900312e-05,4.56006325067469e-06,7.4334089718916e-06,2.29452051002751e-05,3.24874811061964e-05,0,7.8126022700767e-06,0,1.44445587243668e-05
"d2","NoSub","ctl-m","B",0.000110259345420047,7.27779774635505e-05,3.6327572145315e-05,1.69637305929785e-05,1.32787987721514e-05,2.30516167916173e-05,7.0301508811252e-06,1.05347246725777e-05,2.56015744490185e-05,3.81197256413041e-05,0,7.44148115672335e-06,0,1.89182654480737e-05
"d2","NoSub","ctl-m","C",9.5581860292816e-05,5.63007551332155e-05,2.87149126653656e-05,1.18214611916493e-05,1.60471908455041e-05,1.73475838087065e-05,5.16910430297455e-06,8.9475229886047e-06,1.96186842311537e-05,3.40876276536481e-05,0,7.4687828721751e-06,0,1.39084403131898e-05
"d3","NoSub","ctl-m","A",0.000125701762256537,0.000275260507013978,0,4.55441047725235e-05,0.000155750696980091,0.00011870862506848,2.78221084730497e-05,8.3418126359425e-06,0.000289095275044003,3.31736671181477e-05,0,3.01835292787947e-05,0,0.000188156413182772
"d3","NoSub","ctl-m","B",0.000142084413964047,0.000283176952894591,0,5.59577893449745e-05,0.000183482402899486,6.6435708567291e-05,2.79149535206362e-05,1.27284292563492e-05,0.000199930996694664,5.40951313614365e-05,0,2.40817631114131e-05,0,0.000151522062882614
"d3","NoSub","ctl-m","C",0.000135429290331999,0.000253583871229437,0,5.08596359529e-05,0.000175165733272424,6.5691741581691e-05,3.00382827896366e-05,2.22600377133318e-05,0.000170247960636273,5.8265360938273e-05,0,1.70635000614812e-05,0,0.000140905674572611
"d0","NoSub","ctl-f","A",0.00322235709010918,0.0251453362209897,0.000656599454375285,7.55543571110155e-05,0.000330714017982365,0.000127335850113541,2.76252503180703e-05,2.02968329659192e-05,0.000199633218679221,8.72865282285505e-05,0,0.000141858930285127,0,0.000212339936163502
"d0","NoSub","ctl-f","B",0.0044471049471004,0.033508545788144,0.00095635999172747,0.000102845940339073,0.000303626395248152,0.000164157550511148,2.87948960893721e-05,5.8617446786629e-05,0.000144305536260967,0.000135135627379696,0,0.000197707951432355,0,0.000187890998430468
"d0","NoSub","ctl-f","C",0.00583956987931415,0.0394475961031124,0.00092073701951602,0.000131803964221606,0.000432834632480155,0.000217704194313822,4.04244504012631e-05,5.36610304270295e-05,0.0001755180544215,0.000144155272239674,0,0.000233515459857235,0,0.000218515785826695
"d1","NoSub","ctl-f","A",0.00470565604405124,0.0334578554657794,0.00114146183128807,0.000105715007689459,0.000288997170294238,0.000187389270313555,3.50672128712288e-05,8.4028944431807e-05,0.000145576194676603,0.000125928120663359,0,0.000219929116804209,0,0.00022453427367111
"d1","NoSub","ctl-f","B",0.005938561747706,0.0401962364704591,0.00092470578856501,0.000149294127968417,0.00036768987438444,0.000291414526330206,4.52782312066038e-05,5.9888619227233e-05,0.000124824401762826,0.000149047967892329,0,0.000241881796981443,0,0.00021443601661033
"d1","NoSub","ctl-f","C",0.00605582194717315,0.0424884243798227,0.00101818917626529,0.000146655182691833,0.000377159147843469,0.00028957614068142,4.63199688430728e-05,6.16172601121195e-05,0.000118992814171365,0.000146753330953876,0,0.000242304828836899,0,0.000200493754607568
"d2","NoSub","ctl-f","A",0.0069177393495498,0.0435727450685442,0.000751214998402025,0.000137468556102457,0.000343579922954365,0.000308000420337275,4.50816123116526e-05,7.6004957063677e-05,0.000115888755948719,0.000135603453737134,0,0.000212949596188576,0,0.000205294479744679
"d2","NoSub","ctl-f","B",0.00681974215610935,0.0458941423445845,0.000767239864250925,0.00017505773183184,0.000385350545221813,0.000386041437395369,5.2339282600929e-05,9.09413353109285e-05,7.9424842193556e-05,0.000168385487233022,0,0.000235505132654383,0,0.000221536272247087
"d2","NoSub","ctl-f","C",0.00712136673762745,0.0453569420212447,0.00112809728552567,0.000195487048839653,0.000411149201680294,0.000317384979547835,6.0000478271203e-05,8.84970594616435e-05,9.71239607619e-05,0.000168854244137183,0,0.000255793425879636,0,0.00023897394675165
"d3","NoSub","ctl-f","A",0.00411474677700588,0.0270371057850373,0.00072118861972185,0.000120118951139474,0.000293613184809486,0.000222821163762599,3.68936504855308e-05,4.29164581833919e-05,0.000195282241978385,7.52630129693825e-05,0,0.000167301095640103,0,0.000227149308382842
"d3","NoSub","ctl-f","B",0.0077484012022143,0.0508178538886905,0.0014687958168652,0.000221032525464463,0.000517699107169945,0.000380469843957106,7.2180377787107e-05,0.000114020517267814,0.000217490217328634,0.00016604394092101,0,0.000329433986537475,0,0.000350212389765137
"d3","NoSub","ctl-f","C",0.0074097516855135,0.050835880453273,0.000993530533699285,0.000236576201772056,0.00061195755738473,0.000432305462385486,8.30502862726325e-05,0.000104225989147246,0.000277687438692622,0.00015344957244237,0,0.00031494089041928,0,0.000397649687844433
"d0","Sub1","Kale","A",0.11574811282803,0.151061244010399,0.0112408631801807,0.00730853772252615,0.06422643966379,0.00617225599680125,0.00277323699509637,0.00340677575674615,0.121262643792104,0.00944229081058255,0,0.00316698149981248,0,0.0941173664035545
"d0","Sub1","Kale","B",0.117026261998547,0.155714767750615,0.0110389099592057,0.00880538535274145,0.061798351894815,0.0061586678732932,0.00245073310871656,0.00370984958393216,0.097515900963729,0.0095768450192028,0,0.00277721860114659,0,0.0849507342479135
"d0","Sub1","Kale","C",0.124867059892206,0.170911148622083,0.0127567887371992,0.0092371807751314,0.069298018765072,0.0068542290633602,0.00288168975696542,0.00415159724869835,0.123259184244875,0.0100475612840025,0,0.0032822386906992,0,0.0911031426333375
"d1","Sub1","Kale","A",0.0102532048357075,0.068768249707926,0.002220858360221,0.0067430987235261,0.0369605487553984,0.00504202630967745,0.00655760711399495,0.00044699397192803,0.0487146516755736,0.00156892908729805,0,0.00142342638471747,0,0.0601074977028025
"d1","Sub1","Kale","B",0.0125658391107847,0.085290179863617,0.00219895007230949,0.005812085585951,0.0350957990407869,0.009956118728876,0.0059427443015933,0.000514590668677245,0.125278726562491,0.00233809868159487,0,0.00195165678406643,0,0.0453184575453595
"d1","Sub1","Kale","C",0.0108631601506092,0.0702254999446495,0.0021914446038213,0.00622842938469025,0.0329173153740218,0.0055375781316641,0.0052467911616023,0.000341041547382566,0.0401871596248236,0.00184796678828367,0,0.00145282269624248,0,0.0282660103191986
"d2","Sub1","Kale","A",0.0240548858271495,0.107445238511888,0.00328799128795278,0.014564781545414,0.061966366596682,0.00967187463132655,0.00777982920385785,0.00055532063919938,0.087341663420105,0.00320418179149585,0,0.00364853509398434,0,0.077418422178932
"d2","Sub1","Kale","B",0.0260392922450483,0.113279156317357,0.00308201253045799,0.0105813799218887,0.05224939114521,0.0145000043731485,0.00613367278634095,0.000581945704845295,0.172125140350475,0.00398739542048166,0,0.00412272646478985,0,0.0635200247299375
"d2","Sub1","Kale","C",0.054079068224324,0.0901772570095755,0.00265771879983996,0.0118961583332456,0.049117046570348,0.0100692150149328,0.00615300173196955,0.00050496944285148,0.0644092003807675,0.00345166157282591,0,0.00342565137653981,0,0.0484350380882401
"d3","Sub1","Kale","A",0.0420534110277112,0.117796305064664,0.00362833242028518,0.024679818601965,0.0883186504226905,0.0141064448942872,0.00998616611198905,0.00064864693667642,0.115474056046426,0.0048147388557663,0,0.0054070459051461,0,0.0986297454820195
"d3","Sub1","Kale","B",0.0332293679357315,0.132298709771542,0.00364861866946792,0.0139307339440845,0.066704984429134,0.0163796334581242,0.0072104138599464,0.00059227974375133,0.234374645332023,0.00535290783104345,0,0.0070578853084069,0,0.0782686480738055
"d3","Sub1","Kale","C",0.0401663185827483,0.125943265765347,0.00351441358092918,0.0186354799114797,0.074748684885722,0.01307847910677,0.008484496641658,0.00061681971310052,0.0978075276802025,0.00509343994009215,0,0.0061214326644474,0,0.067510641543396
"d0","Sub2","Kale","A",0.083967092692399,0.117780305078358,0.00504289176739625,1.20373887546877e-05,0.122517086972315,0.00686274704048625,0.00200229198049132,0.00373619733723665,0.24835539623098,0.00589155184720315,0,0.0037321661436194,0,0.0396507104141009
"d0","Sub2","Kale","B",0.0922789973399825,0.136967143128781,0.00521715908149695,1.19466276035599e-05,0.131091258868997,0.0068757571675608,0.00213917800627504,0.00365306453665193,0.249527728974546,0.00568845081771515,0,0.00405095937431257,0,0.0404673529031648
"d0","Sub2","Kale","C",0.090480476304334,0.13837768914494,0.004994766900616,0.00584385459816915,0.131283372903872,0.0074254050899636,0.00213011258788768,0.00362756615049408,0.248346181880938,0.00578955928383325,0,0.00361800970966006,0,0.0418151369571686
"d1","Sub2","Kale","A",0.0056205805028901,0.0066558450029858,0.00074192110533505,0.00152067205931477,0.00150945925189931,0.00116774394698584,0.000381362113914188,6.70514143018375e-05,0.00294022300388094,0.000237771349699533,0,0.000231780062884933,0,0.00375685777402942
"d1","Sub2","Kale","B",0.00553270251709105,0.0070671339504493,0.000943872282122405,0.00124158004566239,0.00161298082298551,0.00102967536799399,0.000378991021352037,2.81111353319133e-05,0.00262566337641837,0.000270990236435549,0,0.000265366822927564,0,0.00373256673954263
"d1","Sub2","Kale","C",0.0050414417347711,0.0062420856335078,0.000944630743882765,0.00144867518435635,0.00147255923038481,0.00113112939720215,0.000308420365811857,1.9458731515068e-05,0.00248565174218706,0.000242241323273482,0,0.000274139992339765,0,0.00353932654472678
"d2","Sub2","Kale","A",0.0063532239280845,0.0125420630615352,0.00138201568194061,0.0089824256515939,0.00262721645694926,0.00344945556322246,0.000581711323804995,0.000152389656686922,0.00551526949732855,0.000186800653240919,0,0.000623239315906575,0,0.00210106756418914
"d2","Sub2","Kale","B",0.00714315999132585,0.0173970306751235,0.00156095621179675,0.0115164565592742,0.00340586821975021,0.00422592262334608,0.000611186148437625,0.000233397097789226,0.0054308460682208,0.000196986467833393,0,0.000575726906279575,0,0.00165690230576517
"d2","Sub2","Kale","C",0.0052006554359741,0.0130322127480105,0.00124631860245074,0.0084419315254155,0.00259458385042077,0.00328718746375798,0.000441103404706895,0.000121182690726735,0.00479591994820689,0.000156090990683868,0,0.000424868711222162,0,0.00139741184663408
"d3","Sub2","Kale","A",0.00277151040224503,0.0062968339843046,0.00132272504701998,0.0197412506024383,0.00420217279997673,0.00565550547581465,0.00110852340674396,0.000473209003378625,0.0073807768666309,0.000152979274041722,0,0.000252474209184216,0,0.00371705078443756
"d3","Sub2","Kale","B",0.00316326865928361,0.00744208622846725,0.00101242614051771,0.0299984354469919,0.00585206418611565,0.00839205018275425,0.00152376322290241,0.000401580196490938,0.0100851694609343,0.000115638723258041,0,0.000286780917893028,0,0.00358244935002815
"d3","Sub2","Kale","C",0.00304404744010544,0.0061166818819841,0.00125239751340119,0.0176379982367226,0.0036220693811384,0.00649218163864795,0.000904187024764405,0.000297833385533811,0.0072056635026003,0.000158370087078808,0,0.000185926743164469,0,0.00140919684156046
"d0","Sub3","Kale","A",0.0649212359377445,0.088236161085923,0.0051492969755192,0.00225011502893327,0.0510124959729495,0.00339153103495307,0.000621175920195535,0.00347843216886678,0.0129710909848596,0.0069610104096731,0,0.00220267870185498,0,0.0439025890262154
"d0","Sub3","Kale","B",0.0647752813839165,0.093827137359616,0.0058910961475932,1.01545950416537e-05,0.0580990218379695,0.00392867355616058,0.000703060068930855,0.00354169689393555,0.0147697511263093,0.00804587291855945,0,0.00253816837370894,0,0.0409573152390813
"d0","Sub3","Kale","C",0.0697772925209185,0.0916661013695965,0.00540630977658605,0.00240914959150439,0.055681101749848,0.00379486381386705,0.000645717609593875,0.00369120534525671,0.0143763986299866,0.0082821075718173,0,0.0023345081933619,0,0.0439910169303684
"d1","Sub3","Kale","A",0.0078231819153803,0.0136922217193806,0.00134245961864842,0.00158745823747737,0.00607090214022075,0.00183025963487696,0.00131105388507782,0.000414870559729164,0.00986591913167635,0.000269844534792058,0,0.000215098767521533,0,0.0031506737127247
"d1","Sub3","Kale","B",0.00424532252757815,0.0238119703747303,0.00142407537691341,0.0017343884215848,0.00652586998951265,0.0018050060489499,0.00180845252008785,0.000410497003210835,0.0114874366264397,0.000272816937621962,0,0.000187923548227694,0,0.00301157386580332
"d1","Sub3","Kale","C",0.0054225641472957,0.016546302307996,0.00120797472899737,0.00054628637342929,0.005743356876172,0.00129534180142446,0.000457259135863409,0.000390954399845718,0.00333831619689603,0.000369098196045858,0,0.000223533124532507,0,0.00491100230481135
"d2","Sub3","Kale","A",0.00233435545895775,0.00870590554011015,0.00148179131491419,0.000634014100418655,0.00159870813768948,0.00300849273524868,0.00216130185378844,0.000199990619422059,0.00239934296917429,0.000169657533759988,0,0.000264164597977792,0,0.00163296436334483
"d2","Sub3","Kale","B",0.00380123525109361,0.0307189652980888,0.00172858707321778,0.0018942658378151,0.00371607400754659,0.0055570989509558,0.00367315062385036,0.00051612371631626,0.037932498720885,0.000302291419448792,0,0.000384068650098399,0,0.00170788472355672
"d2","Sub3","Kale","C",0.00247508627195378,0.0075182434061738,0.00110777252285761,0.000384745120101241,0.0012713473263836,0.00085521200701946,0.000362148707236256,0.000380062381820151,0.0034762491059733,0.000229340659693128,0,0.000233414875700451,0,0.00131092225651711
"d3","Sub3","Kale","A",0.00176054180149622,0.00472554283113176,0.00169848614415777,0.00037528831799517,0.000926180329435365,0.0010724559701964,0.000238014278435673,0.000194526064929028,0.00220952106409437,0.000131022271406264,0,0.000209019118485337,0,0.00132167835023669
"d3","Sub3","Kale","B",0.00257226220542497,0.00645459700468695,0.00209011698664215,0.00153804632442761,0.00267690978712511,0.00492881784193099,0.00426039280841703,0.000208148884619502,0.00207495699362404,0.000168876638727364,0,0.000228305276706637,0,0.00155983643124393
"d3","Sub3","Kale","C",0.00235618349691614,0.00605637450692,0.000632366763943045,0.000427867351203973,0.00113482695893842,0.00128421347842229,0.000293530443846597,0.00061263364132458,0.0024363685406397,0.000250589678047438,0,0.000209758951614004,0,0.00117690217187431
"d0","Sub4","Kale","A",0.061856856278869,0.108336885175012,0.00255401808308874,0.00497793673262421,0.0719416068608935,0.00358795616843042,0.00168867881482819,0.00300064491797992,0.092753545559321,0.00427566480616238,0,0.00312755555196743,0,0.0750515187904795
"d0","Sub4","Kale","B",0.079300499578318,0.116475001060579,0.0031269631897318,0.0063336851899388,0.080638778137224,0.00426674065189415,0.00190372673054775,0.00338699065288408,0.098963772902524,0.00489016286409103,0,0.0037597239155786,0,0.080715911212537
"d0","Sub4","Kale","C",0.086688502952019,0.137983644179877,0.00298337044926189,0.0058468309174208,0.0866747599496595,0.00425141072295465,0.00203827781948019,0.0036146917358676,0.116061532082488,0.0052064255659591,0,0.00406808058104107,0,0.088570768788941
"d1","Sub4","Kale","A",0.00650468967917715,0.0075621069823752,0.00390944354825225,0.000765126381916965,0.00262083935945999,0.00183440236119198,0.000674551096862345,0.000196933074912351,0.00422020637688575,0.000221455162349764,0,0.000269543013807826,0,0.00323958189745358
"d1","Sub4","Kale","B",0.00438257812899829,0.0089752830985938,0.00133382658105826,0.00067844543726379,0.00155210331434173,0.00196685521912922,0.000468825893245269,0.000189992058195291,0.00313865742655883,0.000221861518560574,0,0.000235174919015104,0,0.0035434239427928
"d1","Sub4","Kale","C",0.00478795714921786,0.0103457574525291,0.00221483086276023,0.00069010665252547,0.00221248325743025,0.00135549914928771,0.000593754914040605,0.000232874697392492,0.00370094168707673,0.000242977253563035,0,0.00024916124297297,0,0.00376177885397153
"d2","Sub4","Kale","A",0.0052431676104794,0.020900924538858,0.00087687206888295,0.00588298664157675,0.00925830476196105,0.00539301375807575,0.00189890709316081,0.000246087828764492,0.0090070049978569,0.000193389993103443,7.5128147958751e-05,0.000277727790305725,0,0.0040211952164527
"d2","Sub4","Kale","B",0.00405312486488944,0.0210045410773784,0.00072511762936189,0.00562168937074355,0.00730629080831005,0.00465290080821357,0.00163682137871805,0.000228143528399981,0.00567760873603875,0.000156589958720927,0,0.000310796652765151,0,0.00296208682113269
"d2","Sub4","Kale","C",0.00429809066963647,0.0204730607093009,0.00099741972543907,0.00383924725886981,0.00675845489840395,0.00495650223905216,0.00162138260738819,0.00025825843101964,0.00398442198129898,0.000128220001905744,0,0.000295851857611206,0,0.00124534236099163
"d3","Sub4","Kale","A",0.00337123310460688,0.0049177765195958,0.00088933161054411,0.0102533794348124,0.0067439970947404,0.00753429968115505,0.0026551369433731,0.000113360229723987,0.00192428207960952,0.000133503061510887,0,0.000249237294457959,0,0.00811818607471725
"d3","Sub4","Kale","B",0.00227113310193471,0.00444718456501385,0.000889954299778555,0.0105992422420787,0.007674518066779,0.00704842068240965,0.00219541324219096,0.0002617730132485,0.0048658464300807,0.000134772790224685,0,0.000251858365595433,0,0.005431372556342
"d3","Sub4","Kale","C",0.00441970648518022,0.00531896125594965,0.001146019024394,0.0100749023584961,0.0076503885617206,0.00797308335801425,0.00229199365565856,0.000111383955139577,0.00191506228283384,0.000135754092748066,0,0.000278453606289404,0,0.0044947242030824
"d0","Sub5","Kale","A",0.07239378489391,0.128860685479192,0.00479141731069227,1.84254465440847e-06,0.0728119622221965,0.00452836464679918,0.000636015347880965,0.00264389109935355,0.071645612715758,0.0099369957225782,0,0.00352892721461365,0,0.0280085288410498
"d0","Sub5","Kale","B",0.077429526817365,0.137138508179703,0.0059747810749222,1.15636651110389e-06,0.085254647175855,0.00452543567147907,0.00081148488585568,0.00273953602752508,0.087599834777509,0.0102861246354472,0,0.00413325951767644,0,0.0306128341753091
"d0","Sub5","Kale","C",0.060094045038139,0.106751804342723,0.0052725688905418,0.00186401329883498,0.068707071736593,0.00429014128637325,0.000698855679832135,0.00211877736151153,0.07853501495379,0.00905075201383215,0,0.0038259184120893,0,0.0317251102619003
"d1","Sub5","Kale","A",0.0172052267558648,0.067422746567587,0.00180245576947225,0.00669179291500205,0.0424688825069957,0.0111505068699952,0.0084842095974377,0.00108546024783877,0.0627211413788875,0.00216918613883472,0,0.00222392055550672,0,0.0177940737288748
"d1","Sub5","Kale","B",0.0170742872093229,0.072188401802435,0.00228514798428474,0.0073897780168931,0.0446009909033878,0.0129286466691028,0.00920038866515015,0.00112010133297314,0.053962147417564,0.00236269030872685,0,0.0024391580040512,0,0.0144257420880638
"d1","Sub5","Kale","C",0.0191229518088131,0.0787972506574375,0.00198604251577373,0.00727353026999325,0.0474711519148761,0.0125937510132226,0.010399513589629,0.00123450738675162,0.059235153448069,0.00253195794504898,0,0.002596163617738,0,0.0169327732776499
"d2","Sub5","Kale","A",0.025377791358055,0.094760373488873,0.00241926970050494,0.0126864053825986,0.0783737796882305,0.0125958941825501,0.0102486173770026,0.00144833055266212,0.076871864981044,0.00342064113837243,0,0.0044760311853007,0,0.0425282287190977
"d2","Sub5","Kale","B",0.0292280301169302,0.101981080612973,0.00282165204586583,0.0150160379288835,0.0898636048451405,0.0142293730129181,0.0122490934031006,0.00129268540384481,0.0661511464635235,0.00373603318881688,0,0.00516091376342965,0,0.0359268101395939
"d2","Sub5","Kale","C",0.0291421474420255,0.108600235622172,0.00235145798376042,0.0142032419271001,0.102561145240828,0.0142762947168754,0.0127780701287826,0.00139416186755847,0.071481660672129,0.00410753871449347,0,0.00492952214460396,0,0.0419065329293479
"d3","Sub5","Kale","A",0.0297263465534629,0.102517456686951,0.00274696228698821,0.0166403093183761,0.0975654063082145,0.0136860570107099,0.012809166827997,0.0014314164235956,0.081153629920304,0.00398832283543809,0,0.0056866356890567,0,0.0519971702393695
"d3","Sub5","Kale","B",0.0336234938463002,0.108707968416248,0.00257824027904007,0.0201162048307377,0.105274582726131,0.0154927322272419,0.0130785076578138,0.00131857488400891,0.062538516634982,0.00412514367611858,0,0.0063997219314608,0,0.043102571975096
"d3","Sub5","Kale","C",0.0391882739000943,0.129858765103714,0.00252502354968729,0.021742792220246,0.135265743017349,0.0182443134791745,0.0148349284876818,0.00154763525507246,0.078802145096728,0.00502153024992885,0,0.00594554558075325,0,0.052859971435703
"d0","NoSub","ctl-m","A",0.0001340714259964,0.000145874820480331,0,7.80744967606455e-06,8.4989979121191e-05,2.07344388870739e-05,2.74388488597036e-06,0,6.07589784359295e-05,1.36470377706817e-05,6.87550774691125e-06,4.868344854792e-06,0,4.56561951097615e-05
"d0","NoSub","ctl-m","B",8.96139474773435e-05,5.06343879698205e-05,0,3.23506159511606e-06,3.21308083477427e-05,8.6866258071744e-06,0,0,2.04035264855932e-05,3.07710850803392e-05,0,6.4572123458719e-06,0,2.50089916575881e-05
"d0","NoSub","ctl-m","C",5.684487656085e-05,4.30363791773835e-05,0,3.91060772386858e-06,2.01334375563991e-05,6.14865078533795e-06,2.31983238023352e-06,0,1.89857653538931e-05,2.19685072620396e-05,0,3.42394681297721e-06,0,1.85073692632512e-05
"d1","NoSub","ctl-m","A",0.0011003853232847,0.00077633918775668,0.000125572893041944,3.92230874030958e-05,0.000375515437561273,6.3411903787819e-05,1.89977782742141e-05,3.73575922422986e-05,0.000303063339884896,0.000122933755662568,1.87454737249477e-05,4.41314831270361e-05,0,0.000393459976505086
"d1","NoSub","ctl-m","B",7.94258948459155e-05,8.3780105812155e-05,0,8.52766506610475e-06,4.7362642724214e-05,7.89817157046835e-06,4.67477162582614e-06,0,3.97779698967007e-05,2.70438418223354e-05,4.62401018428132e-06,3.29034882970258e-06,0,9.98762149006085e-05
"d1","NoSub","ctl-m","C",0.0025863001996053,0.00140643283767885,0.000245664024303044,8.35313945269845e-05,0.00069633495839395,0.00012296430261977,3.6971494057944e-05,7.39349896763355e-05,0.000427166869382301,0.000238988752300685,1.90089675385285e-05,0.000103583298539858,0,0.000738150793557435
"d2","NoSub","ctl-m","A",0.000320642497522907,0.000104957072757898,0,2.50448574268056e-05,6.109927081033e-05,2.86055879154463e-05,1.16312881138666e-05,7.51655038959255e-06,7.2128037707795e-05,1.66773696134341e-05,0,1.96394409476548e-05,0,0.000284572751274072
"d2","NoSub","ctl-m","B",0.000101154946989379,0.0001386593438554,0,2.40472625913131e-05,7.7295268689673e-05,3.00146044084791e-05,9.8550921936805e-06,0,6.00283428682695e-05,2.32032853862881e-05,3.09800289275498e-06,4.92319659645682e-06,0,0.000101334736067109
"d2","NoSub","ctl-m","C",7.9305213482905e-05,0.000141622739212323,0,2.49829487945436e-05,9.19033705152075e-05,2.42364289117311e-05,1.06792429212405e-05,0,7.4886605910357e-05,3.05880209326012e-05,1.18484262146075e-05,0,0,8.0022166444845e-05
"d3","NoSub","ctl-m","A",0.000140643506008802,0.000120766955879132,0,3.7767230013218e-05,8.39210919416585e-05,4.24402222733456e-05,1.75674288194212e-05,1.83678446523631e-05,7.44179769734585e-05,2.79694244585357e-05,0,1.11488908208308e-05,0,0.000189271502046652
"d3","NoSub","ctl-m","B",5.8792523126847e-05,5.4106602130283e-05,0,3.2550126475392e-05,5.14400252545495e-05,2.58598880378762e-05,1.46625464534282e-05,0,5.85522470515695e-05,2.37621140501276e-05,0,6.8157776039129e-06,0,0.000109183419889668
"d3","NoSub","ctl-m","C",0.000144605428869131,0.000159351060209306,0,0.000111649283188689,0.000130848559600574,0.000105756100783972,3.03090435652351e-05,1.79975198122466e-05,0.000132597737384741,1.96775437197853e-05,0,8.9295651707051e-06,0,0.000143584196727714
"d0","NoSub","ctl-f","A",0.00079437998491971,0.0052570863319384,0.00152224327518697,0.000161027677769574,8.3291054775277e-05,0.000166096580132679,1.54613532315323e-05,0,3.22039569665628e-05,0.000120074995375405,1.16014509109906e-05,9.5208609231299e-05,0,8.6432636527373e-05
"d0","NoSub","ctl-f","B",0.00179938689227931,0.007716267462903,0.00182566836022575,0.000246644533057941,0.000299004453711414,0.000218835164187879,2.53470844579318e-05,6.2963250331963e-05,0.000140220755769522,0.000196727711017576,5.23872515197185e-05,0.00015927177216449,0,0.00051116796625141
"d0","NoSub","ctl-f","C",0.00143459291145532,0.0067581321672141,0.00167241377569353,0.000207278419364462,0.00031289861027061,0.00020640693660678,2.02102498587858e-05,4.06243691416563e-05,9.79689821119455e-05,0.000171848220696167,3.40733101236971e-05,0.000192085782254778,0,0.000305747191867825
"d1","NoSub","ctl-f","A",0.00131486168846213,0.006793426692386,0.00193310414034976,0.000209377421754612,0.000170757780073345,0.000201492111592001,2.15162390597635e-05,3.26117885510315e-05,1.85476552616661e-05,0.000137197991336472,3.72933923920003e-05,0.000135040711367826,0,0.00010730262757892
"d1","NoSub","ctl-f","B",0.00151860760743092,0.00810713006491655,0.00216553920402926,0.000222018985819928,0.000159210774624627,0.000205450942457435,1.96495024331017e-05,3.84034782227762e-05,1.32141993284636e-05,0.000139891607699184,3.6446256290954e-05,0.000160881766416726,0,0.000118061949510941
"d1","NoSub","ctl-f","C",0.00167589462511088,0.00856600039044495,0.00255384749955219,0.000233406154922158,0.000174985350605677,0.000234505758352661,1.8747949327245e-05,0,2.00096778093837e-05,0.000140527525462268,3.11229140996375e-05,0.000150400566357661,0,0.000110163824777977
"d2","NoSub","ctl-f","A",0.00159290607463882,0.00709373511682005,0.00197385364773412,0.000227225587242441,0.000220605342682658,0.000242209390041737,2.69542043244701e-05,3.4689814525421e-05,5.68423430155095e-05,0.000144672375410281,3.72072498564629e-05,0.000198070211688651,0,0.000157214857739876
"d2","NoSub","ctl-f","B",0.00194734356564454,0.0075976779058075,0.00238388756658934,0.000229856052686447,0.00022060638707721,0.000239599980050467,2.83464359165791e-05,3.98727898638727e-05,9.1405550217948e-05,0.000139994642781301,5.71397728475055e-05,0.000174020042102273,0,0.000251491173105639
"d2","NoSub","ctl-f","C",0.00220494325127977,0.0082833959112179,0.00228751885728704,0.000335610871189001,0.000269672491753421,0.000430376628159085,5.51732194618865e-05,0,0.000211555345700958,0.000133378722862262,0,0.000148266357144654,0,0.000389699659775561
"d3","NoSub","ctl-f","A",0.0020085396593504,0.0076491812564468,0.00209630420603335,0.000288873687078703,0.000224980360715375,0.000274010547275348,3.5746994345961e-05,5.4321433482626e-05,6.0518745587051e-05,0.000123645822749301,3.88506806089312e-05,0.000146463294122425,0,0.000195712717367794
"d3","NoSub","ctl-f","B",0.00296760506121269,0.00918547336837295,0.00248602372939813,0.000312403643874208,0.000247370367315418,0.000325687493164232,3.62072215424192e-05,3.24373209741033e-05,8.80979098625445e-05,9.8901324466013e-05,2.95387061682211e-05,0.000147804522050788,0,0.000197581021288295
"d3","NoSub","ctl-f","C",0.00224869780818736,0.0070831317844088,0.00193970835580647,0.000246170550691931,0.000227104677167626,0.000250166462948244,3.32663513780824e-05,4.68397418462686e-05,7.7119207798239e-05,0.000106580631181145,2.86009063216884e-05,0.000156710686398202,0,0.000145424973232033
"d0","Sub1","Banana","A",0.0688619424965115,0.0452093837750256,0.0188468231467245,0.00657027617318025,0.0127232519366388,0.0050602973013391,0.000846869542743985,0.0023623674709059,0.0122453700178165,0.0090237842773321,0.00092153701548371,0.00334140552181817,0,0.0583384549871865
"d0","Sub1","Banana","B",0.0859365899416175,0.053267196532831,0.0218988248651524,0.00810929655473045,0.0139102749292422,0.0063301931298742,0.000981322338843,0.00291817109724412,0.0174574404244985,0.0110029645079204,0.0011482227536988,0.00367389886994217,0,0.060850278566225
"d0","Sub1","Banana","C",0.0849624787255575,0.0556776823722255,0.0226962102114368,0.00751511037455725,0.0151908796184479,0.0058904185660776,0.00100407386034756,0.00267758004067814,0.0116761568772542,0.0105031186666466,0.00103264908651247,0.00396597775248273,0,0.063096040271583
"d1","Sub1","Banana","A",0.901162398866375,0.0443465769954617,0.0092501948388587,0.0052038591458267,0.01301509756018,0.0115103555204866,0.00297885084752193,0.00070443913813648,0.0455577357342514,0.0103887421489454,0.00221925254193891,0.0046049791828651,0,0.0338905677081032
"d1","Sub1","Banana","B",0.891477068638905,0.0473378420545865,0.00812970266119205,0.0070587004062803,0.0131822393351613,0.0137200170525113,0.00311816716873244,0.00075944544355976,0.0992848806893555,0.0104248767240691,0.00249031051975137,0.00436688031471425,0,0.0328078023168881
"d1","Sub1","Banana","C",0.87645431938972,0.0445421282273714,0.00880437980640645,0.00589687690144645,0.0123632800688828,0.0127297104792044,0.00269635730096315,0.000698424767370475,0.0551483128013225,0.00946304093924615,0.00213855130612142,0.00455764250544815,0,0.0321402007707464
"d2","Sub1","Banana","A",1.09890454218878,0.0310134249860195,0.0249329376085307,0.00910279853680445,0.0117521356630724,0.0130491061064509,0.0027876575761884,0.0008006139505453,0.024562033460983,0.0147156447107184,0.00373030475965619,0.0068078328352895,0,0.0360708457323229
"d2","Sub1","Banana","B",1.07353325276264,0.000838317524322185,0.0176734759065172,0.0140229982418693,0.00372871800978284,0.0177221982935425,0.00360197561856746,0.00158561336934737,0.00328278315392795,0.0160834367288601,0.00415696267184547,0.0074743972670554,0,0.0339879414989025
"d2","Sub1","Banana","C",0.661002043092435,0.00193247416372528,0.00645309812822725,0.0109495649338191,0.00262890076749024,0.0147133635787407,0.00292043486045586,0.00258283435514282,0.00347311520661379,0.000721935408590965,0.00427599929456006,0.0066985564949568,0,0.0074877800397335
"d3","Sub1","Banana","A",0.00208137840403281,0.00217202521334187,0.00121613104494542,0.0155760642582509,0.00330306864286918,0.0148905194524745,0.00341475252766806,0.00406461384340507,0.0103146769802209,0.000107658535752325,8.36760241430135e-05,0.000170053764365463,0,0.00428312925578511
"d3","Sub1","Banana","B",0.00119275765076014,0.00221983452340508,0.0012961089037263,0.0227160989836572,0.00459311355100442,0.0186330351244089,0.00387768668600149,0.00819366528017715,0.0271686281678378,0.000116268764429894,2.45838043081402e-05,0.000147842201303412,0,0.00945596279098805
"d3","Sub1","Banana","C",0.00097528164610964,0.0016762002490656,0.000785190198016905,0.0126901258425807,0.00383353501102089,0.0137862295165198,0.00230067336195421,0.00455008708059674,0.0189650601715471,0.000138078662864739,3.36797086729895e-05,7.82302855501635e-05,0,0.00599074961749385
"d0","Sub2","Banana","A",0.0950720711877325,0.0516334300742005,0.0110380558593968,0.00261961108475154,0.0260085954225062,0.00409684958046009,0.00068778263706743,0.00259843985225321,0.0170359001176019,0.0084004426323499,0.00150881930636681,0.0038014023027371,0,0.0248179782784798
"d0","Sub2","Banana","B",0.0771426432310955,0.0509212254685665,0.0108466752646872,0.00245775315212416,0.0256350006301562,0.00375087316845706,0.000671795943069005,0.00220942271849022,0.015183105612201,0.00858009291122385,0.00134108228205961,0.00348143085933076,0,0.0247664045563421
"d0","Sub2","Banana","C",0.0827268418957045,0.0472647432818515,0.0106924563301207,0.00228465424058854,0.0252575951606858,0.00341777278140549,0.000602264748128285,0.00233704526743271,0.0134623732268988,0.0086894314409896,0.00114761963582755,0.00328792817819046,0,0.0218648587405112
"d1","Sub2","Banana","A",0.0032296216861529,0.00247688208720955,0.000919614300817845,0.00273055756500331,0.00134657705804632,0.000426762280486465,0.000266425933154645,0.000198421695218255,0.00652348039590005,0.000262621724360532,3.16083135946639e-05,0.000186169521365339,0,0.00454357248611951
"d1","Sub2","Banana","B",0.00268624800323755,0.0027932927805611,0.00107102545182407,0.00094708543280162,0.00121037542978562,0.000348334447184935,0.000129197631749149,0.000129949006111295,0.00130734009142531,0.000373849690414226,2.44877963959255e-05,0.00018132922988086,0,0.00388838961357273
"d1","Sub2","Banana","C",0.00290052905655299,0.00296814547831022,0.00100754911379323,0.00095778862431736,0.00141320088576144,0.000436295909139971,0.000172243278790532,4.33577563746578e-05,0.00108328216136462,0.000365474139133777,7.33902646032425e-05,0.000179967920288242,0,0.00342035589365858
"d2","Sub2","Banana","A",0.00435908308564272,0.00165259058262432,0.00100593779716624,0.000451331500487147,0.000518724989450415,0.000327860461838175,6.7868835734731e-05,0,0.00072229419598777,0.000196095197425004,0,0.00014716510494628,0,0.00146806774481399
"d2","Sub2","Banana","B",0.00144745608997462,0.0010470783193718,0.000422986363483956,0.000358959801998841,0.000394596404594415,0.000143166029875926,5.6324025117359e-05,0,0.000568669555120035,0.000110629092807373,8.4141901086208e-06,0.000134858810385067,0,0.00134951058017665
"d2","Sub2","Banana","C",0.00315555688016554,0.00155143625231003,0.0024587936150662,0.000411049556129342,0.000416290231868931,0.000226867267380672,6.11792839291265e-05,2.84247620452179e-05,0.0006083255802076,0.000137626056531966,1.66003493657257e-05,0.000123108328163726,0,0.00114474715856316
"d3","Sub2","Banana","A",0.00153073254132634,0.00102022575234344,0.00036632464157332,0.000493472610686289,0.0005304176466039,0.000275044592320331,0.000180084071127175,0,0.000459958775134793,0.000111949238782623,9.91934012717745e-06,0.000135917545878887,0,0.0016573687464157
"d3","Sub2","Banana","B",0.00244685211639957,0.00134627255310414,0.000951308374118205,0.000438965501105071,0.000433106976960854,0.000259205818133594,9.0823307956348e-05,0,0.00050609038935397,0.000146747612858909,1.35616481262842e-05,0.000105356968985853,0,0.00160475152374177
"d3","Sub2","Banana","C",0.00326549430039938,0.001298225513047,0.00096730000104938,0.000428064702555991,0.000390389971311576,0.000255003264326901,9.1765799961978e-05,2.43550756443129e-05,0.000480939282133802,0.000128127672019028,3.39600981419888e-05,0.000104912480163913,0,0.00179887148546544
"d0","Sub3","Banana","A",0.104946952015345,0.0265679938243015,0.00939865932920105,0.00159263975568128,0.0138266200643415,0.00226485183004393,0.000300896454042384,0.00215936508861658,0.00222664132304534,0.00680790988329065,0.00104058211190212,0.00191824457066163,0,0.0283988883553548
"d0","Sub3","Banana","B",0.107879291314051,0.0274325682491074,0.00980993824974855,0.0017733330239524,0.0144527744811794,0.00256780831118463,0.00034429864117175,0.0021613904803988,0.00274907092985024,0.00730040991614735,0.00108951332350191,0.00203713824826957,0,0.0309710073889186
"d0","Sub3","Banana","C",0.114005532170618,0.0346599061394762,0.00995000156445145,0.00188565053456186,0.0165134906220755,0.00281565827584571,0.000357675047484032,0.00228428851622745,0.00300295337399589,0.00737805609519935,0.0012143523210657,0.00185911627873276,0,0.0306502523283649
"d1","Sub3","Banana","A",0.00236605212886443,0.00440004851494398,0.00127298823383244,0.0017886719265446,0.00128448978709357,0.0051098888563673,0.00265227160589116,0.000148114056301878,0.00310363086672199,0.000344899199608954,3.78745068091425e-05,0.00023011748525742,0,0.0012202703784463
"d1","Sub3","Banana","B",0.112200516460898,0.00787562900228575,0.00298811651567246,0.00093669655634492,0.00120247942441639,0.00113541733562665,0.00292284637766729,0.000345187639567158,0.00229726607297523,0.0008319911909768,0.00025407777677163,0.000434296907140318,0,0.00146348251458855
"d1","Sub3","Banana","C",0.00572221719871495,0.0035979521300036,0.00134823535409034,0.000987901760589695,0.00121524586190545,0.00064365363297216,0.00151448543403005,0.000113134936002231,0.00083574988167731,0.000305277169914917,4.81662700668674e-05,0.00021904822257535,0,0.0018802220868387
"d2","Sub3","Banana","A",0.00108573808891754,0.00232080106888081,0.00103730154419712,0.000642925414826585,0.00053132973226526,0.000417051816467825,0.00157208898347659,7.3885628484541e-05,0.00052652346559917,0.000219007173290571,2.83158639894862e-05,0.000119674453045323,0,0.00077566662654942
"d2","Sub3","Banana","B",0.114814865818673,0.00765349972426515,0.00432486868599071,0.000915734029862485,0.0011666535504169,0.00173708215939527,0.00284705434951778,0.000406715808291247,0.0062892844283791,0.00249320790616794,0.000782816857783845,0.000592574005809985,0,0.00138725861634389
"d2","Sub3","Banana","C",0.00326999721991121,0.00272136858738354,0.0010637414349532,0.00111784630798843,0.00094936251550205,0.00067182986014879,0.000178614614718194,0.000114678568605487,0.000765658938894355,0.000240600275204096,3.28643296980855e-05,0.000140744583559192,0,0.00132046360800378
"d3","Sub3","Banana","A",0.00359540717243605,0.002130613914515,0.0055046920241218,0.000942935200248675,0.00066299555091557,0.000469105346349481,0.000111764320524511,3.89002380674327e-05,0.00055518420319033,0.000220455942363906,1.64874461428661e-05,0.000112134037035971,0,0.00135579116295171
"d3","Sub3","Banana","B",0.00349981095315865,0.0056553398132885,0.0042901794655994,0.00124616109764212,0.0012372174754476,0.00246466173183942,0.00345381165758896,0.00076600603526521,0.0119864816785997,0.00150010416182203,0.0013665058316236,0.000415514116629307,0,0.00139411412984576
"d3","Sub3","Banana","C",0.000776429537537995,0.001345608917532,0.00051542250078441,0.00050346096901339,0.00059748291779248,0.00061885791010523,9.8508186167629e-05,0,0.000436498630065046,0.000136513806187132,1.43908367481008e-05,6.3384978421548e-05,0,0.000770783407785755
"d0","Sub4","Banana","A",0.0686178487190755,0.0269955844931072,0.00284308278514168,0.00375827548581375,0.00630676245535035,0.00216309804251926,0.000492259791656898,0.00185121286270546,0.00881715400729865,0.00402525295295326,0.0005085129921056,0.00451508132137064,0,0.0503270612284345
"d0","Sub4","Banana","B",0.129532184665528,0.0406783031467483,0.0100476051121466,0.0052267609883555,0.0112514538065199,0.00345291742679542,0.0007377085268239,0.00252562188712318,0.0180203551033911,0.00677867484340165,0.00082815649574528,0.0051152950597034,0,0.0540339810162375
"d0","Sub4","Banana","C",0.128316526277912,0.0398592563493895,0.0078456537306447,0.00494880542306223,0.0105354707023686,0.00322941584666475,0.000745364660587755,0.00244090043782776,0.0143409834685429,0.0066533821107692,0.00065035594013189,0.0053032061512366,0,0.051209955036025
"d1","Sub4","Banana","A",0.00244992502160753,0.00332916378799995,0.00125882831923699,0.000669830819901055,0.00171369188949132,0.000211848687337109,0.000423240654413654,0.000563827021692515,0.00162299025735535,0.000267926560416402,2.17696713081899e-05,0.000191148496085365,0,0.0194177062441463
"d1","Sub4","Banana","B",0.00285613134630046,0.00314508102061228,0.000992818272336725,0.000518727466028215,0.00138385261751019,0.000224091844805192,0.000361298877297814,0.000451980897668926,0.00146361718212834,0.000347490457580195,3.94342277481597e-05,0.000244305970504459,0,0.009936740147164
"d1","Sub4","Banana","C",0.00254506290657855,0.00321850107714801,0.0012929242913032,0.00077098225683421,0.00140927844605891,0.000229165807949788,0.000403641336851468,0.000470281717178037,0.00166589075420858,0.000277568552817235,0,0.000180367976718857,0,0.0197166289845422
"d2","Sub4","Banana","A",0.0009664749362115,0.00281608214870259,0.00128753805710485,0.00172230051735872,0.00447645233443974,0.00208898393260153,0.000241554688373959,0.000571879316019595,0.00140305489456383,0.000181497001280171,0,0.000136834968967616,0,0.0272640240747345
"d2","Sub4","Banana","B",0.00101941663322959,0.0094086902378224,0.00123139007611873,0.00399038486139769,0.00378431457832454,0.0011529076947469,0.00223508201449983,0.00067522889195238,0.00273900794292902,0.000225030717494524,6.7475120974586e-05,0.00018111559165258,0,0.0192966250960593
"d2","Sub4","Banana","C",0.00119651562183935,0.00632793292621185,0.00155688184083298,0.00343729650538875,0.00554874018506465,0.00139509704304059,0.00092040988511073,0.000590359398411955,0.00301151509602535,0.000105322654793232,8.4584809919703e-05,0.000142561106848005,0,0.0170329289225041
"d3","Sub4","Banana","A",0.00056767073021954,0.00437254061057269,0.00030693352367563,0.00316437348468019,0.00591990929374485,0.000433576766491767,0.00103313077448239,0.000331764733560755,0.00102559624402653,0.000106717368629769,9.64633088760035e-06,0.000115154331455528,0,0.0350487786299826
"d3","Sub4","Banana","B",0.000953752610096845,0.00199634067347575,0.0011764864406686,0.0072144733705833,0.0060749127875978,0.00234028770472875,0.00372545908990504,0.000643541449589075,0.00337657552020034,0.000185289203668595,5.0849118641245e-05,0.000174733229533056,0,0.0320192802382792
"d3","Sub4","Banana","C",0.00117106566736434,0.01150577906495,0.00129016181008859,0.0067674387023159,0.00970407832327905,0.00172798818194366,0.00177415341807102,0.00052869983429341,0.0025616329572812,8.69174260724675e-05,2.7103309524023e-06,0.000184771540163817,0,0.0343650324430912
"d0","Sub5","Banana","A",0.056207654849281,0.050214202661621,0.0104681155862725,0.00172530945893744,0.0189163335990125,0.00372257523894648,0.000324410977015652,0.00177534355079257,0.008092487923647,0.00981403639631755,0.00128788634386231,0.0038453953645311,0,0.0182168118449195
"d0","Sub5","Banana","B",0.0266219880597808,0.0410422114326339,0.0077016283358221,0.00125936880230081,0.0165749130202592,0.00335607419389211,0.000268823034808341,0.00143896464716286,0.00484376293937955,0.0079222915511756,0.00133838361653979,0.00291343221707083,0,0.0166468313183431
"d0","Sub5","Banana","C",0.0361292215383407,0.0493608670388771,0.0097323036065242,0.00157731017888603,0.0188898067346695,0.00364010809260383,0.000311177306452721,0.00167969640548616,0.0053504223893605,0.0092295193266665,0.00141226958033404,0.00347007002377315,0,0.0176411577456565
"d1","Sub5","Banana","A",0.00400585239752202,0.00396843958882626,0.00139136424327686,0.00172637396164273,0.00166555921167921,0.0089168025064092,0.0027605785026659,0.0014848754621128,0.0105847824568963,0.000531653535743405,8.01930450843715e-05,0.000913652611859955,0,0.00842277496306575
"d1","Sub5","Banana","B",0.0035717005399389,0.003763467422977,0.00126790172769392,0.00103757830433879,0.00131130321048815,0.00127814039565236,0.00293467059050222,0.000177153193678793,0.00167961459668238,0.000350708365412956,1.43245132939103e-05,0.000215657221387361,0,0.00303989293167632
"d1","Sub5","Banana","C",0.538711432007955,0.0426239896623154,0.0081329760987062,0.00155310179973411,0.00187184064965737,0.0121624053555527,0.00300829435499616,0.00168807152279287,0.0111866717965829,0.00395054784748781,0.000246162992478389,0.0092328824453341,0,0.0230627043863166
"d2","Sub5","Banana","A",0.00159639308206049,0.00938579011325465,0.00240751338991423,0.0059272234857487,0.00250917784681717,0.0115805807204348,0.00406744087671938,0.0024113401834588,0.0205548585971281,0.000776355476767325,0.000293238984286415,0.00279433965931846,0,0.0355036726172692
"d2","Sub5","Banana","B",0.00109164642221272,0.00254430900607592,0.0013823802828207,0.0023812986879249,0.00111547343230621,0.000650723720592825,0.00148583963475264,0.00086385560775702,0.0084263338425818,0.000216773214290315,0,0.000143399122292745,0,0.0117843236747535
"d2","Sub5","Banana","C",0.924966142577215,0.000148125662251583,0.0062083366730425,0.00236579747545921,0.0022829015871357,0.0141146253722556,0.0053592593303277,0.00211307254452918,0.0162274058713519,0.00048232900444943,0.00108641070669707,0.0133134131391801,0,0.0310003292883529
"d3","Sub5","Banana","A",0.00183866446812802,0.00221738835059522,0.00190508192819813,0.00738595976292245,0.00219199229355659,0.0110269210014376,0.00394680896076027,0.00224053361197804,0.0206989866389643,0.000965921546063275,0.000337594592882508,0.00458174570312189,0,0.0459291243110658
"d3","Sub5","Banana","B",0.00070723467541293,0.00261270588452624,0.00100289712793617,0.00471854103500914,0.0011499228524882,0.000558370969883885,0.00092020804892854,0.0010936930773118,0.0121599575216189,7.38537737156935e-05,1.48672826851655e-05,0.000141017220894936,0,0.0281798044701431
"d3","Sub5","Banana","C",0.00180979310396922,0.00302541548847987,0.00187845708844188,0.00779414028742925,0.00704962334669225,0.0144368614946425,0.00610414026078205,0.00276529153897284,0.0229765351710435,0.000391640047762459,0.00161315951249047,0.000395031395981557,0,0.0304156664091075
