"Day","Subject","Treat","Rep","Acetic Acid","Propionic Acid","Butyric Acid","Lactic Acid","Isobutyric Acid","Valeric Acid","IsoValeric Acid","2-MethylButyric Acid","Caproic Acid","2,2-DimethylButyric Acid","2-MethylValeric Acid","3-MethylValeric Acid","4-MethylValeric Acid","Succinic Acid","Indole-3-Propionic Acid","Indole-3-Butyric Acid","indole-3-Acetic Acid","Indole-3-Lactic Acid"
"d0","NoSub","ctl-m","A",0,0.341684775696006,1.20489745494734,5.87622531238894,0,0.0138045712053678,0,0,0,0,0,0,0,0,0,0,0,0.0365010538245322
"d0","NoSub","ctl-m","B",12.9657426266741,0.331887633126835,1.33902788731576,10.9902938597788,0.0495042178222484,0.175230178851472,0.0593003604882854,0.0211075227517221,0.495130425624047,0,0,0,0,1.31552585150569,0,0,0.00407841109671492,0.238023166276176
"d0","NoSub","ctl-m","C",0,0,0.463887829122791,4.32983148594678,0,0.035601382996741,0.00674051762855188,0,0.0614906159601838,0,0,0,0,0.123086164887767,0,0,0.00215456420815551,0.0587037210078724
"d1","NoSub","ctl-m","A",21.940847966286,0.869334505489123,5.67700673103655,6.06822464304543,0.0155664255727925,0.0893485415822303,0.0231953024753721,0.00628011069667312,0,0,0,0,0,0,0,0,0,0.28080817841785
"d1","NoSub","ctl-m","B",31.9226193460766,0.701856756612236,4.18039169999398,7.0969142361846,0.033846708779856,0.127310686100625,0.0337812711151048,0.0109658466254054,0.201014346827465,0,0,0,0,0.558759396777816,0,0,0.00385184635772857,0.159614900687405
"d1","NoSub","ctl-m","C",26.1803583822318,0.451836656080191,3.08676014537381,13.9690761213234,0.040899097255247,0.154803925254235,0.0407525126223362,0.0152051968551473,0.298507335649951,0.00516216417436631,0,0,0,0.980962495929992,0,0,0.00309948883042025,0.346967480293444
"d2","NoSub","ctl-m","A",23.4761045446034,0.521242125005634,5.30891702665035,7.21737093757985,0.0128889854849937,0.0404881534847881,0.017067372218504,0.00519749316413056,0,0,0,0,0,0,0,0,0,0.145000934810496
"d2","NoSub","ctl-m","B",10.1254723332063,0.803128922357237,5.89474674152889,3.90580179461455,0,0.00807825241719385,0,0,0,0,0,0,0,0,0,0,0,0.0545428232674351
"d2","NoSub","ctl-m","C",2.6558256742314,0,2.65283381286894,4.93292711716305,0,0.0330177552296512,0,0,0,0,0,0,0,0,0,0,0,0.0632263922135433
"d3","NoSub","ctl-m","A",12.779912013453,0.479649558010477,3.56331696846578,4.09880602715199,0,0.00992158168548759,0,0,0,0,0,0,0,0,0,0,0,0.040412583379242
"d3","NoSub","ctl-m","B",22.6226768472685,1.97740717316879,10.2296535482474,4.93793973179484,0,0.0094944401565112,0.00746950895427004,0,0,0,0,0,0,0,0,0,0,0.0303893937369131
"d3","NoSub","ctl-m","C",18.6247673761502,1.99834030792337,11.5832885354995,3.61878108228044,0,0.0107506215209672,0,0,0,0,0,0,0,0,0,0,0,0.0354567622371073
"d0","NoSub","MSPrebio","A",0,0,0.433122524055188,3.1737691998844,0,0,0,0,0,0,0,0,0,0,0,0,0.00233408187822081,0.0307816076521685
"d0","NoSub","MSPrebio","B",4.27144179589218,0.261559399056321,1.54242214702208,2.85838802932216,0,0.0102243232072473,0,0,0,0,0,0,0,0,0,0,0.0020135986557488,0.00772673803700057
"d0","NoSub","MSPrebio","C",5.02018365112489,0.372789822215508,1.16455999059221,3.2934875383507,0,0,0,0,0,0,0,0,0,0,0,0,0.00238587835380995,0.0086680230389118
"d1","NoSub","MSPrebio","A",0,0.69925762235707,2.21747157462495,3.92728875593892,0,0.0056507439581358,0,0,0,0,0,0,0,0,0,0,0.00265724001938185,0.0419274976294193
"d1","NoSub","MSPrebio","B",2.75422768169597,0.584600058369832,2.89172840516973,3.64887474616273,0,0,0,0,0,0,0,0,0,0,0,0,0.00297203825202514,1.22201345303315
"d1","NoSub","MSPrebio","C",9.6528478775989,0.71361953178274,3.50736726931429,4.65413872187515,0,0.00801234222471628,0.00679761981451832,0,0,0,0,0,0,0,0,0,0.0026346372243538,0.078856718768928
"d2","NoSub","MSPrebio","A",0,0,1.64017678445459,3.50866740389651,0,0,0,0,0,0,0,0,0,0,0,0,0.0036115137079457,0.0681553784011393
"d2","NoSub","MSPrebio","B",11.8628245091494,0.351133469971453,2.91068271769377,5.87589946025639,0,0.0404132830064706,0.0238093741561447,0.0119290265770521,0,0,0,0,0,0.760541471572441,0,0,0.00413608629495616,0.0859696141756111
"d2","NoSub","MSPrebio","C",1.88005780550283,0.12036569762741,2.4804805910179,8.03874687063595,0,0.0125401295756594,0.00856321587753165,0,0,0,0,0,0,0.307256499646686,0,0,0.00367675180686265,0.127630700799293
"d3","NoSub","MSPrebio","A",14.2869045428806,1.42567321477387,9.22485188335432,4.64128322670778,0,0.0105943414750392,0,0,0,0,0,0,0,0,0,0,0.00278782239458215,0.027750819538464
"d3","NoSub","MSPrebio","B",11.3949776112515,1.14767140597758,7.5428041365215,3.73527698078162,0,0,0,0,0,0,0,0,0,0,0,0,0.0021037797230204,0.0292577402878422
"d3","NoSub","MSPrebio","C",14.8139574000169,0.775874734379876,5.51056897924188,4.15213478164579,0,0.00684819554534753,0,0,0,0,0,0,0,0,0,0,0.00356155844787899,0.224724712227521
"d0","Sub1","MSPrebio","A",69.5022300351797,103.504591360537,43.7097978418169,6.25318628511022,0.589172610155442,2.5345798685167,0.811081978137228,0.271858251684766,0,0,0,0,0,3.52545802353725,0.0140887451194842,0,0.0101252416432858,0.238251785401699
"d0","Sub1","MSPrebio","B",91.692191261054,131.450220377653,60.2917332107413,9.21930722351214,0.725514915081334,3.27182106726632,1.10264389459037,0.365811565587827,0,0,0,0,0,3.6625172633918,0.0161493654419252,0,0.0110862439234742,0.146447766821858
"d0","Sub1","MSPrebio","C",62.1298208186695,97.283739174043,40.1311163490337,5.39868452383482,0.44514223242786,2.05720009020333,0.655025295189958,0.226213072329036,0,0,0,0,0,2.72029302612372,0.0112372845220137,0,0.00810866289997304,0.397911880459174
"d1","Sub1","MSPrebio","A",1584.95196173207,420.401710475868,353.684132951552,704.120370908299,0.530082224835327,2.28745520498059,0.890329228487845,0.398614094340274,0,0,0,0,0,93.967432275687,0.0100788795521719,0,0.00460685715577145,0.671448660076238
"d1","Sub1","MSPrebio","B",2121.63225501299,561.202862220168,570.329838387485,802.85514550594,0.586786842893948,2.59280783998061,0.964762968193286,0.459791228995089,0,0,0,0,0,118.839850119456,0.0109470302488687,0,0.00578057268839919,0.859507975643512
"d1","Sub1","MSPrebio","C",1260.85583599618,412.252824808387,377.814237410068,475.243489894322,0.543601669418602,2.4372926751397,0.933959305103471,0.422861466397544,0,0,0,0,0,95.8081134342555,0.0104316814800259,0,0.00543766556755272,0.589934063202538
"d2","Sub1","MSPrebio","A",1739.21402903325,373.902040720668,317.969399838775,609.280372802691,0.646232911983951,2.66467755139542,1.14016271203668,0.486172422140829,0,0,0,0,0,107.458738693963,0.00850247758788665,0,0.00520937276424224,0.405728701489769
"d2","Sub1","MSPrebio","B",1908.29331725195,428.59276988294,426.658069221402,800.006467113387,0.545144816079235,2.47321885101603,1.03544908418392,0.430626848475146,0,0,0,0,0,94.4832114725719,0.00726072866872215,0,0.00556746531768324,0.470637526688158
"d2","Sub1","MSPrebio","C",1910.49354510651,453.963428371195,427.673430845044,598.863687063416,0.700907667611037,2.6942913762485,1.32086100864835,0.547664689403766,0,0,0,0,0,99.7980179331024,0.0108161945198932,0,0.00739213404324509,0.41399121417427
"d3","Sub1","MSPrebio","A",2245.40344247441,772.557803679546,780.682090091511,952.778557822072,0.754612864748795,2.94946442860697,1.26728560796516,0.582895002682217,0,0,0,0,0,99.1120052230976,0.00991288506690283,0,0.00538392674294143,0.286357485447215
"d3","Sub1","MSPrebio","B",1771.92720429338,485.142544607747,522.134338092789,787.589289906365,0.504902661781546,2.04698315009442,0.870704563495672,0.383501104238711,0,0,0,0,0,74.5758362018728,0.00667467169310957,0,0.00475767922197468,0.370205943000307
"d3","Sub1","MSPrebio","C",1678.29657830106,535.344064225048,547.732254360115,651.49222655887,0.618473718833559,2.53695081379726,1.15037908030368,0.516717458138131,0,0,0,0,0,73.8953328478808,0.00841966587175605,0,0.00625062836071361,0.188744001511584
"d0","Sub2","MSPrebio","A",42.8218060647307,31.0239534545666,31.8459685140927,5.15836720156605,1.03477505162398,3.00196802921005,1.18785036323111,0.828160909956803,2.43881798978508,0,0,0,0,7.36165414970641,0.00624087414062574,0,0.0133499079417235,0.0614727713624214
"d0","Sub2","MSPrebio","B",39.8312364730475,28.062642856216,27.7480316379512,4.14919397350847,0.827788502410411,2.66196458423002,1.02561259232639,0.685389800286021,2.15696694802809,0,0,0,0,5.84445277311126,0.00538012818163349,0,0.0113882907893302,0.0570421990760013
"d0","Sub2","MSPrebio","C",55.6516374281729,43.8824006764582,43.3834390999405,6.87182513399789,1.3673335166967,4.11944723101101,1.72068620810602,1.12331734257677,3.45139692116991,0,0,0,0,9.35151877748608,0.00943672286528183,0.00345412565303315,0.0171894158024044,0.116247825750488
"d1","Sub2","MSPrebio","A",12209.2313167259,3225.92682087222,13497.434423694,8390.13680267385,35.7561435187499,123.80408301568,23.4888960573307,15.3637888459145,70.1810498949167,0.0247667165227233,0.00889049154238547,0,0.146955828227984,2436.56240743777,0.0234149139894966,0,0.157075493486457,35.0905095318699
"d1","Sub2","MSPrebio","B",4888.36550662745,2026.73428051342,4965.74703775775,3194.58558368668,23.0876412778981,75.0910333114389,12.5476507353767,8.49043431228376,36.458223176353,0.00918079165251408,0.00544920530601302,0,0.114264910652203,1479.69753902479,0.00837940503790313,0,0.0598033693440382,6.28967544582258
"d1","Sub2","MSPrebio","C",6600.83610114391,2540.13480709337,7297.58992449643,4588.73565929498,21.6951853835936,93.5255345920206,14.0749443401981,9.56216626425622,46.5469734831727,0.0137887130496153,0.00804237221322385,0,0.149315097415765,1558.06454492414,0.0127882293195367,0,0.0930975034376931,13.9925176852799
"d2","Sub2","MSPrebio","A",5288.56305150406,1304.46914431151,6168.1984855494,3426.92815644346,26.4974844086999,91.1619775647308,19.255011275473,12.7116707213035,53.5177034437393,0.0120341979007057,0.00787152050373613,0,0.104710895092538,2196.25398215687,0.0110129770797577,0,0.0580250098783144,13.3237323027767
"d2","Sub2","MSPrebio","B",14297.4574726713,4387.03751454434,12292.2449844174,8154.58895674443,64.5280597791401,210.866286715199,31.7079808673402,22.8056354404652,96.8523267658516,0.0410192403773925,0.0259583729612029,0.0105430136046185,0.320430241718792,2550.11699246493,0.0227940267402576,0.00217259005728771,0.210608012094164,28.617711228056
"d2","Sub2","MSPrebio","C",8879.83198660039,2676.03550722816,8527.79851260866,4619.07654861561,46.1020451997206,170.345078181825,25.2572483350506,16.583272112482,82.6660727529055,0.025755913634449,0.0190787052387656,0.00898601126840977,0.256976262680391,2094.74861451193,0.0153779133593147,0,0.141509395938087,19.0485938988933
"d3","Sub2","MSPrebio","A",4240.33303492768,1387.75814539647,6057.28616335846,3811.30594572511,25.1727106270617,68.9955972663379,16.3115307280666,11.3323189430127,45.7465123468923,0.0119561418640481,0,0,0.084504114818918,2460.47630248618,0.00938844781089274,0,0.0506959067908142,11.8215470499553
"d3","Sub2","MSPrebio","B",5043.92109719256,2050.70277244737,5329.15808629806,3370.61548237439,33.7146975539424,99.3416273545459,17.6317032214569,12.3548606944831,49.5751143267255,0.0190659499784933,0.00918395306822052,0,0.143152026382755,1921.32106301254,0.00771500762409026,0,0.047056625785171,6.17862237019789
"d3","Sub2","MSPrebio","C",4761.429814466,1853.25512249989,5728.9021110208,3209.40790182259,26.8744642203819,98.5643175499301,16.0777088727884,10.8603117288388,48.9070011241581,0.0106438262382563,0,0,0.14958469461168,1734.11476983877,0.00929850972379569,0,0.0480699472612218,7.79810147393813
"d0","Sub3","MSPrebio","A",58.5278205120331,44.7830072176296,31.6272157175908,8.46823759785136,1.12337735285417,3.12641881815475,1.43727457963264,0.872290778344725,1.9082215127896,0,0,0,0.00618933163256244,4.63686051007496,0.00347634592812078,0,0.0246553798659632,0.126252788383012
"d0","Sub3","MSPrebio","B",97.7115819816616,62.1936629951335,48.6483588464785,14.5060379977331,1.52181355720763,4.52447208644521,2.10220350680973,1.30431245069011,2.68788501555245,0,0,0,0.00927933402495362,6.43955076040856,0.00479703966321582,0,0.0356131186860273,0.765440802877064
"d0","Sub3","MSPrebio","C",38.7322929129465,32.5234786949349,21.7213276753965,6.69494435194823,0.7589990353558,2.20720827702049,0.934036176669454,0.600371761382259,1.24840835992051,0,0,0,0,3.07762020782326,0.00225475739237927,0,0.0154822357867597,0.0814969110017343
"d1","Sub3","MSPrebio","A",7035.70139904906,512.238508994904,937.6162665969,3651.15235478124,9.35203572407188,28.0908661358531,9.46369980944746,3.78724489290099,18.8346177907804,0.00830666987332077,0,0,0.158762058912521,453.991967918116,0.00341095272352629,0,0.047709850884556,12.1869977104102
"d1","Sub3","MSPrebio","B",13657.5410566035,1022.00166300596,4160.15434694744,5662.55292815513,19.8377496643931,58.6891635235239,19.491730732916,8.12546804165336,37.9592028894401,0.0217240145461806,0.0100812992667063,0,0.640721680711706,886.467020966284,0.0093327840316612,0,0.108810146926276,25.414710485133
"d1","Sub3","MSPrebio","C",11577.5176782571,728.105441268035,3655.57789505378,5377.51780759489,18.6049930067017,57.9840859114848,20.3730546229433,9.20567468947781,39.7432837668264,0.0157997273627555,0.00704209870662008,0.00802607545524058,0.520265953396154,906.456341787778,0.00770340008899044,0,0.0830250452267553,23.1775055207881
"d2","Sub3","MSPrebio","A",9829.1695933823,542.223811065948,1084.28363973164,4730.94872753166,16.9101512007852,51.013329904026,19.0882958261363,7.75001790774227,36.2640948238778,0.0156973481063296,0.00675586414319607,0.00550450061075036,0.311799635582106,690.67418153752,0.0041923553362011,0,0.0685561233922994,18.7917145542919
"d2","Sub3","MSPrebio","B",6832.85614440541,384.679075443758,1742.41275806972,2302.27849185511,13.6688851157079,42.6976951805854,15.121902441104,6.27909401004449,27.9595872018971,0.00893205401675617,0.00713332841027093,0,0.462347969567462,905.35024814391,0.00326606324430273,0,0.0379891914703008,8.01413770568723
"d2","Sub3","MSPrebio","C",6793.90965741116,377.499346273925,1994.41235733304,2840.25828009139,18.7384054349754,60.1178560931375,19.9575823495028,7.70612624611675,40.6766625565916,0.00779529329605583,0.0128120151194336,0.00540504814143894,0.539648056112804,1177.6901107374,0.00354275326827724,0,0.0444758047365145,9.69406366885839
"d3","Sub3","MSPrebio","A",8373.72938595574,532.811942678237,1074.10512836068,4074.55325287382,17.0882784672609,58.1244464452408,17.8047621929707,7.16182301163005,40.5560534286853,0.0183859181117222,0.013186078402483,0,0.340691392924591,914.312994556283,0.00374281288935841,0,0.0521374249833806,10.5195091323863
"d3","Sub3","MSPrebio","B",6631.33734787166,506.015327527601,2322.37326481491,2890.42270442573,18.7219168145906,52.7695233631133,17.7110767953376,6.89238665822756,36.6804679883545,0.0165169505011253,0.0117686986365755,0.00568167125888302,0.573529562627188,1086.19693339325,0.00349522468130632,0,0.0381034910161277,9.01812009941873
"d3","Sub3","MSPrebio","C",7180.04420922059,535.4197260391,2873.83110042488,3817.02501324159,16.3318231359192,47.7708254691362,16.0388123672936,6.5160768032609,34.0250679525452,0.0162181296790151,0.00849684613061494,0,0.452264658390936,713.901265739343,0.00348781988222515,0,0.0464766550274049,11.6529738874349
"d0","Sub4","MSPrebio","A",66.8773415370334,77.5122638925591,59.4824857317019,8.31351480832003,0.904182233791242,3.42191023151587,1.28993093422012,0.782067154156252,0,0,0,0,0,14.3200679756777,0.0154152978126088,0,0.0316189205842378,0.549420631843567
"d0","Sub4","MSPrebio","B",74.0870182403802,73.8754544939613,57.7902284372714,7.5772782130981,0.86735141501923,3.41799099830914,1.31773467339655,0.766172874952002,0.103156989902462,0,0,0,0,12.6325453131279,0.0157242057337182,0,0.0360549977225192,0.264498484423684
"d0","Sub4","MSPrebio","C",68.94352570948,71.845832055913,53.9274403426953,7.07310429134852,0.881153236121568,3.08557723422556,1.33933181119895,0.707229686880659,0,0,0,0,0,12.9469550882576,0.0149260835584054,0,0.0358011661051277,0.101744967976883
"d1","Sub4","MSPrebio","A",7140.91580976415,657.730889088643,3532.90015762706,5645.75022014241,14.8034468221788,47.9101266952296,24.9115674433293,6.51062164422542,5.79752875222717,0.0170023267226126,0.00550303203091719,0,0.0491627346476853,820.763601911832,0.0176902431434676,0,0.218990456027786,19.1379136958438
"d1","Sub4","MSPrebio","B",5400.73189539438,448.659620772494,2585.19877787358,4080.55708224771,9.5076394473985,32.6525007959014,18.7258035743655,3.8632095245507,3.82003899045187,0.00746777002661935,0,0,0.0333747430430577,905.627761845252,0.0118223850849797,0,0.110261690587552,11.2697329259455
"d1","Sub4","MSPrebio","C",6076.26378399801,527.175648133485,3164.48340957775,4249.20048801788,11.0087824470393,42.8514429386899,19.9017221797954,4.66954916258029,5.62632935028503,0.0120041871626145,0,0,0.0420018675484616,996.822527616665,0.0147569432735183,0,0.161223904139056,13.2419789122848
"d2","Sub4","MSPrebio","A",6683.95782465292,550.694202482433,3178.93967031035,4774.34971925328,17.1838430839261,62.4099190221477,29.2458888253142,7.48608063219721,7.5908560065398,0.0149719001183344,0.00757234399988245,0,0.0580199969781249,1604.10564865449,0.0146599204513556,0,0.195070015050325,13.8191860554035
"d2","Sub4","MSPrebio","B",5032.24960729185,442.172432992066,2531.40301335482,3540.25441531343,10.2001696001567,32.8491598547874,19.8562279532726,4.27922749877052,4.5271468284008,0.010972127733463,0,0,0.0356924480627454,1032.71565376617,0.0094968063422824,0,0.0952687035378181,7.34325415058341
"d2","Sub4","MSPrebio","C",5529.98319564816,510.153589846503,2931.53333423454,4373.2394887871,15.0872258602216,53.7730315239674,25.1709759173409,5.61302130701774,7.92609625651728,0.0158799896873098,0.00948716273855673,0,0.0559109428652259,1318.49177919435,0.0128314808000221,0,0.14980881456773,11.90668754154
"d3","Sub4","MSPrebio","A",6067.90502295904,690.168625247197,3593.6974820264,5100.35537746573,17.6950483743467,58.2181558239137,28.8492659675464,6.66090346524722,7.51726724871314,0.0161663379032972,0.0102434357471172,0,0.0577572374339149,1522.8289672215,0.0116265080842243,0,0.142568295826425,10.7637238090408
"d3","Sub4","MSPrebio","B",6629.71892337745,643.568697378005,3749.06450203571,6080.06738273693,22.4412680608864,79.5811526893982,38.6232651858256,7.61214929559733,10.1749797099697,0.0231023740865431,0.0131174854734607,0.00549415544957095,0.0847477508140029,2110.51902205869,0.0152328346567784,0,0.178679919145392,14.7196475453904
"d3","Sub4","MSPrebio","C",5425.76705311955,554.663402922236,3519.9339992683,4370.11619178134,22.1853404868423,86.202581845497,33.0143825531311,6.89822790968649,12.1375402139864,0.0258403377568599,0.0175559349831741,0.00503638571898068,0.0866611483320512,2222.95509939863,0.0120116381511915,0,0.134752498940241,8.5255870016898
"d0","Sub5","MSPrebio","A",26.7736008179047,23.9687176984851,11.0261265378173,4.83771747840258,1.42155654742696,2.2582400480937,2.0293663046674,1.25511767594912,0.215905200336621,0,0,0,0,4.914512131902,0.00285197842748299,0,0.0192359979910526,0.233018870350229
"d0","Sub5","MSPrebio","B",17.4050754239591,15.2072069507133,8.66570580638771,3.60772566934422,0.884641311355363,1.196339245376,1.26445689529806,0.76012229593866,0,0,0,0,0,3.34342932109282,0.00201529546740825,0,0.0106845542029009,0.0394126772107895
"d0","Sub5","MSPrebio","C",27.2074253215896,25.0865183676111,11.3424737167018,4.49689710461361,1.40672465869815,2.06203468788444,1.9640450927704,1.17287122821583,0.151726695293288,0,0,0,0,5.55916773976918,0.00282946945457687,0,0.0194294467173902,0.0702467131911229
"d1","Sub5","MSPrebio","A",3220.94768670414,344.407799128487,270.354377450385,656.449761550641,1.60251384442414,1.95719881781525,2.86726305018601,1.60580174132022,0.220386504649536,0,0,0,0.0442405382904749,134.230525268198,0.00280863503426584,0,0.0223407329990564,1.87226048822531
"d1","Sub5","MSPrebio","B",3349.99431141903,391.912135680561,313.081214654039,570.723320856746,2.24156413573236,2.39662429648675,4.07067540460838,2.32720569975326,0.390426013612322,0,0,0,0.0581045817872987,198.027210582437,0.00314089147650138,0,0.0203033041747851,1.68103645566758
"d1","Sub5","MSPrebio","C",2626.98579754623,282.080461836681,183.164679105089,572.53774593573,1.89546137669975,2.13479606625774,3.33367565739766,1.99338369076575,0.267781290550398,0,0,0,0.0422830340296989,142.255188762871,0.00284933336648895,0,0.0221622056098713,1.24569363709656
"d2","Sub5","MSPrebio","A",2804.62168387894,323.748432779925,270.105336208988,660.146830404464,1.57723905408965,1.85588437378332,2.79332642559553,1.43926617121526,0.281455182802489,0,0,0,0.0420816057036923,112.250910429716,0.00309626489033139,0,0.0185505779461443,1.32043731476842
"d2","Sub5","MSPrebio","B",2554.67635186205,274.680031914094,205.798245628956,520.088980755408,1.41213602377007,1.63327388278372,2.5048070427753,1.39124999884558,0.215002739291353,0,0,0,0.0382025645939091,121.972720044044,0.00201076404411514,0,0.013210989846489,0.889400700281255
"d2","Sub5","MSPrebio","C",2310.19865206332,220.432755105192,132.257864036568,595.342716962944,1.47849370308946,1.65017660486749,2.69697685452395,1.50225595654075,0.15849402228093,0,0,0,0.0309917837969875,94.8359253092501,0.00222392074011849,0,0.0167850923297818,1.00065200921632
"d3","Sub5","MSPrebio","A",3732.06339881844,523.456382988425,494.135726452622,699.663549460596,2.11845729153054,2.38947014271735,3.90243630008835,1.9240692504079,0.378778991615275,0,0,0,0.0560432879518708,137.291670325395,0.00293891845389158,0,0.0250201549566315,1.82813200292501
"d3","Sub5","MSPrebio","B",3239.40520478395,376.366947128465,284.39240240715,578.804514494706,1.79059952777864,1.87693348262215,3.38078837769316,1.67908971321565,0.252680155043356,0,0,0,0.0450382696786398,134.776798761838,0.00208630514316484,0,0.0149020605948109,0.770836015365861
"d3","Sub5","MSPrebio","C",6847.8002762286,1103.60089246541,774.729572566478,672.091124625829,28.3351747241961,34.6587984558914,45.7817966795243,19.6265345464648,8.59991255749484,0,0,0.00574723399568325,0.649521152145712,1265.60052007753,0.00696069166873146,0.00315429966267969,0.082377807814235,1.06019703922221
"d0","NoSub","ctl-m","A",4.35168130702925,4.96266964217503,2.22671490874274,11.2816999568754,0.0972689609736664,0.0775263531754938,0.110771156524465,0.0370598735980396,0,0,0,0,0,0,0,0,0.00335669413427099,0
"d0","NoSub","ctl-m","B",0,0,0,6.82995121456636,0,0,0,0,0,0,0,0,0,0,0,0,0.00471978125168271,0
"d0","NoSub","ctl-m","C",0,0,0,6.24004451989765,0,0,0,0,0,0,0,0,0,0,0,0,0,0
"d1","NoSub","ctl-m","A",0,0,0,7.31438214313104,0,0,0,0,0,0,0,0,0,0,0,0,0,0
"d1","NoSub","ctl-m","B",0,0,0,5.24031963071051,0,0,0,0,0,0,0,0,0,0,0,0,0,0
"d1","NoSub","ctl-m","C",0,0,0,7.44629538530012,0,0,0,0,0,0,0,0,0,0,0,0,0.00481049075840307,0
"d2","NoSub","ctl-m","A",6.95583063725813,0,0.0454413434252894,7.1549474048428,0,0,0,0,0,0,0,0,0,0.0358916823283602,0,0,0,0
"d2","NoSub","ctl-m","B",2.69536185694032,0,0,6.63121905393601,0,0,0,0,0,0,0,0,0,0.0788992849102649,0,0,0,0
"d2","NoSub","ctl-m","C",5.2602719142221,0,0,5.25162234316738,0,0,0.00179819744829557,0,0,0,0,0,0,0,0,0,0,0
"d3","NoSub","ctl-m","A",0.1840930253635,0,0.196539145445323,7.46087417533376,0,0,0.00622437872520574,0,0,0,0,0,0,0.136552875841086,0,0,0,0
"d3","NoSub","ctl-m","B",0.736927692661143,0,0.27997823441317,6.99047933769425,0,0,0.0172972450227105,0,0,0,0,0,0,0.219144716753304,0,0,0,0
"d3","NoSub","ctl-m","C",0,0,0.120618510520959,7.96964659832141,0,0,0,0,0,0,0,0,0,0.121471011798849,0,0,0.00445458020927024,0
"d0","NoSub","Sunfiber","A",0,0,0,10.8315931751167,0,0,0,0,0,0,0,0,0,0,0,0,0.00834028250967457,0
"d0","NoSub","Sunfiber","B",0,0,0,10.1162018216758,0,0,0,0,0,0,0,0,0,0,0,0,0,0
"d0","NoSub","Sunfiber","C",0,0,0,12.6933957057978,0,0,0,0,0,0,0,0,0,0,0,0,0,0
"d1","NoSub","Sunfiber","A",4.88185790158037,1.50163329452162,2.06932525887934,10.1917845888777,0.0465320530972517,0.0254552047194244,0.070890986263784,0.0327321052138847,0,0,0,0,0,0,0,0,0.0100875574670347,0
"d1","NoSub","Sunfiber","B",0,0,0,8.51121585760102,0,0,0,0,0,0,0,0,0,0,0,0,0.00659676057496178,0
"d1","NoSub","Sunfiber","C",0,0,0,9.39282857729191,0,0,0.00718218251422364,0,0,0,0,0,0,0,0,0,0.011144059398829,0
"d2","NoSub","Sunfiber","A",7.82384549401408,0,0.0680970147881486,9.75175952242064,0,0,0.0172892870313221,0,0,0,0,0,0,0.0868027677685158,0,0,0.00599937755791239,0
"d2","NoSub","Sunfiber","B",11.2693065368304,0.129789640426161,0.396857410133458,12.7185651914571,0.0143843690757571,0,0,0,0,0,0,0,0,0.856770782249817,0,0,0.0128673084111022,0
"d2","NoSub","Sunfiber","C",17.9108567828175,1.34312014435236,0.860009805345015,12.3487960431449,0.0185133322728677,0,0.0248805580439973,0,0,0,0,0,0,1.51348580546613,0,0,0.00463892928121266,0
"d3","NoSub","Sunfiber","A",6.02081314273962,0,0.551006001536483,12.2982776535952,0.00332587039907648,0,0,0,0,0,0,0,0,0.919515091074692,0,0,0.0153434907378404,0
"d3","NoSub","Sunfiber","B",4.54053241232161,0,0.478087242671916,11.8370580992348,0,0,0.0179966259516093,0,0,0,0,0,0,1.04384431839467,0,0,0.0134290893054135,0
"d3","NoSub","Sunfiber","C",7.09637368138279,0,0.304953400111787,13.5118542484795,0.0131016726664605,0,0.0217925679657875,0,0,0,0,0,0,1.01897113939942,0,0,0.00790517630351466,0
"d0","Sub1","Sunfiber","A",114.154258916557,134.771061225419,38.1079324866607,19.3514329182954,1.16019928092799,3.20017556837295,1.8948676270639,0.875660586581041,0,0,0,0,0,2.61808799134754,0.0134080064162007,0,0.0333102234405375,0
"d0","Sub1","Sunfiber","B",106.032235646992,130.49388105023,35.6823045914524,22.1229750703385,1.02497418008323,2.94234650450168,1.53745240565152,0.80816163064846,0,0,0,0,0,2.40114291425105,0.0153708569237487,0,0.0434591567317915,0
"d0","Sub1","Sunfiber","C",118.535011577612,141.121350100723,41.797249949664,20.682277091763,1.23500432530945,3.72545595777813,1.82160993184659,0.998439961000526,0,0,0,0,0,3.12529750097432,0.0190821766220021,0,0.0488950668546694,0
"d1","Sub1","Sunfiber","A",2513.74399251533,336.786495428266,635.622210648075,648.873577375982,1.26485688229101,3.36126597808083,1.68606819378581,1.0235446713597,0,0,0,0,0,146.602158176185,0.0147174554360984,0,0.0302622708371622,0
"d1","Sub1","Sunfiber","B",2190.04515874221,283.755141105938,605.732381639422,518.809108934327,1.23479086175878,3.14297146238072,1.66659981677721,1.10215282632519,0,0,0,0,0,128.265030855778,0.0045701974421352,0,0.0259283835589123,0
"d1","Sub1","Sunfiber","C",2340.10812096156,297.08078399985,504.137129033413,660.530537693036,1.18246834775826,3.31049619947969,1.63421371366472,0.969312512613708,0,0,0,0,0,126.518927496808,0.0144194578632915,0,0.0207574414913753,0
"d2","Sub1","Sunfiber","A",2445.29679326238,302.130045117627,596.640588530954,614.889146131254,1.77346802680832,3.66024625649544,2.24900277340666,1.28000469653477,0,0,0,0,0,159.191463915133,0.0111405627509776,0,0.0248907915238859,0
"d2","Sub1","Sunfiber","B",2229.47293836397,266.581010025151,557.734258057218,566.221862575651,1.28327837383737,2.9161051291573,1.69403306417009,1.03060682699088,0,0,0,0,0,117.835534898828,0.0107397857743641,0,0.0307316659417571,0
"d2","Sub1","Sunfiber","C",2306.64724276926,297.440534744294,592.393996292388,702.67990859845,1.44620165608176,3.81407281131116,1.93386697866786,1.01448328272232,0,0,0,0,0,133.721227034369,0.0147371990808489,0,0.0262778456476136,0
"d3","Sub1","Sunfiber","A",2163.55695624629,261.024514894467,511.543091949946,582.447344886671,1.31409425199899,3.34346634719294,1.81378686833617,1.06943029557426,0,0,0,0,0,129.088801326559,0.0139329682694255,0,0.0251300979708888,0
"d3","Sub1","Sunfiber","B",2277.97821010338,284.090286292327,693.75857922748,607.317880717454,1.46226258453246,3.62426448189047,2.1561524909386,1.2708107515328,0,0,0,0,0,141.930827697633,0.0118143354344797,0,0.0278626846655152,0
"d3","Sub1","Sunfiber","C",2243.38958828368,287.172841751929,553.014842785086,645.333537850621,1.59642454896026,3.93309161019451,1.86522354571276,1.11850987793655,0,0,0,0,0,133.377475526442,0.0128959002112852,0.00366256715788907,0.0300612287106378,0
"d0","Sub2","Sunfiber","A",104.915111729286,61.9391431230864,31.5064889862941,21.703954249513,1.27238790848744,3.594829226057,1.71164307809249,1.35616638204475,3.75081313669493,0,0,0,0,5.44160180159488,0.0110114406818802,0,0.0367470075644602,0
"d0","Sub2","Sunfiber","B",104.215538367328,65.4696928130674,32.6075194411358,20.5254489999397,1.32709884249339,4.03825988397103,1.75391941400318,1.27770778736418,3.79634938459426,0,0,0,0,5.74611007760266,0.0107947436960136,0,0.0369793258098367,0
"d0","Sub2","Sunfiber","C",115.605043038307,68.949721798699,33.9981304413727,23.3156777852509,1.47734200678228,3.63523422797545,1.65639212611349,1.31788902252673,3.66546227478804,0,0,0,0,8.50254175493583,0.0134852233658107,0.00419017234513728,0.0374233606789896,0
"d1","Sub2","Sunfiber","A",5490.82570973517,2342.17813979239,1917.52191626552,284.640902271621,3.62932192348453,23.7620255920475,2.29205216235727,1.09147098197807,2.62033897386864,0,0,0,0.0303047200630064,830.695883293411,0.010574469141894,0,0.062832712873953,0
"d1","Sub2","Sunfiber","B",5007.29016935185,2403.48032406729,1742.93325331075,201.804342409592,4.42347088118026,28.9309517277373,2.73770544284584,1.39006427083516,2.7300219069482,0,0,0,0.0275412830739755,765.476928132418,0.0123567559510488,0,0.0570363718661936,0
"d1","Sub2","Sunfiber","C",4967.19086759571,2210.96787089603,1698.96499099879,245.53118963945,4.18728537652136,23.3967753828424,2.54306775970371,1.09590237258673,2.67599662162314,0,0,0,0.0342184749432917,729.899682195499,0.0116102655713855,0.00342998562052896,0.0748337529471166,0
"d2","Sub2","Sunfiber","A",5378.04333245677,2640.95755000139,2053.12296197322,426.322293441643,10.3417172471912,49.9327090226098,4.72577603077485,2.14142480096492,8.3841043990822,0,0,0,0.0856092781444637,1535.52877883789,0.0105347532635544,0,0.0796189545680539,0
"d2","Sub2","Sunfiber","B",4400.70677564212,2276.16617956168,1540.11537990845,322.494207383116,4.03746647383661,22.3393472004234,2.39822512287997,1.19302173292504,2.41890709124546,0,0,0,0.0233992083285915,629.115313965285,0.00899503439065074,0,0.0532196768547733,0
"d2","Sub2","Sunfiber","C",5038.25904543271,2403.70498148928,1841.24548479867,407.67756191069,5.85935251372679,28.3942301122294,3.28474327138174,1.46142230328526,4.32261459438131,0,0,0,0.0491636108752527,844.267594829479,0.0126781533643413,0,0.0746263415182334,0
"d3","Sub2","Sunfiber","A",5024.20686145981,2319.54791502156,1760.17561775088,801.713922245278,6.47874282167013,28.3736059102589,3.83309335858696,1.64088141265092,5.1425800738351,0,0,0,0.054821250517262,1033.16632708079,0.00856373257153383,0.00525976779155485,0.0836205797480913,0
"d3","Sub2","Sunfiber","B",5168.02162058163,2629.75647354286,1862.40849081244,646.85721335301,11.1569771284698,52.8524342359726,5.65797968177089,2.36214478019003,7.69339340427071,0,0,0,0.0704654267557184,1558.50412627972,0.0117627222030333,0,0.0704487390226827,0
"d3","Sub2","Sunfiber","C",4898.2045963775,2458.81766810051,1994.85680312204,798.807596547812,9.2327332771115,40.1895096745002,4.58712736564259,1.89797143468731,6.59659448163869,0,0,0,0.0738221409525176,1252.67408918655,0.0131293106619883,0,0.0855062107130772,0
"d0","Sub3","Sunfiber","A",84.6974422942945,50.350219367769,15.9718397509325,28.7489602419853,1.25242082216684,2.72103466488538,1.72400309264946,1.13422567291918,2.17929815057833,0,0,0,0.00596789542464574,0.167316013431239,0.00372765682768627,0,0.061237999893598,0
"d0","Sub3","Sunfiber","B",83.9974911091575,45.8171332086655,12.9626263903674,23.2344271570183,1.13559525141921,2.6535299731984,1.47365594633827,1.11023301053392,2.11306856767819,0,0,0,0.00487730437169168,1.97381675124277,0.00328418862783414,0,0.0534104040136228,0
"d0","Sub3","Sunfiber","C",92.8505108186161,56.3662799533991,16.888875525128,29.4289788868034,1.24575931320791,2.96120123153264,1.56312633980781,1.21626546266562,2.07647330781569,0,0,0,0.00747165583467893,1.94313711577177,0.00402915258446816,0,0.0507042018596419,0
"d1","Sub3","Sunfiber","A",2805.80777302165,435.034128175426,237.612958000508,345.753704722443,2.49923950981904,3.0575705864631,3.83159446751581,3.01325074793307,2.0909216432558,0,0,0,0.313612143035081,154.171407816437,0.00955471267460681,0,0.129187475824813,0
"d1","Sub3","Sunfiber","B",2647.65043856502,354.908088261512,215.551238029133,350.683176778083,2.37651796455378,3.30413154540207,4.1654913936286,2.6201813696817,2.32578660542747,0,0,0,0.182703858754368,144.352647393407,0.00646385381158899,0,0.0824860899487765,0
"d1","Sub3","Sunfiber","C",2876.77287055639,450.815233737564,242.101850753982,336.182990093995,2.86418075521867,3.51534777998514,5.14600340525957,3.64435476293128,2.48292249983747,0,0,0,0.380237910707991,214.115055849229,0.00707939950958455,0,0.157164893186279,0
"d2","Sub3","Sunfiber","A",2663.64791447477,444.739855498636,248.631062864202,367.37495417749,2.62769704899512,3.13824065219772,4.45341607313292,3.09917333496631,2.13310773810284,0,0,0,0.337408685390984,206.638348069173,0.00775497364230267,0,0.138231521210245,0
"d2","Sub3","Sunfiber","B",2641.53973387193,307.491464544618,190.574550093181,425.587663681289,2.38437316137909,3.06169303051113,4.18184005527539,2.64904686350277,2.13351275681338,0,0,0,0.166083244874412,140.232420969576,0.00507368519188381,0,0.0904880537946978,0
"d2","Sub3","Sunfiber","C",2699.31451479136,429.172691428261,236.054016729527,359.27865469453,2.67980747246607,3.4362596531851,5.1471843915461,3.41064286370206,2.21372921789971,0,0,0,0.360729468466691,212.19563071419,0.00747007724993324,0,0.120058185716172,0
"d3","Sub3","Sunfiber","A",2560.41853014586,371.106990011667,225.551476195559,317.809154268632,2.59521295629288,3.05208846160943,4.09252647075588,2.87220795828998,1.97484768646926,0,0,0,0.304290625098344,185.364976740446,0.00805834623972515,0,0.117591671060333,0
"d3","Sub3","Sunfiber","B",2636.37531031474,289.443672005911,191.050754855603,390.125697772254,2.0131321565668,2.66670339009803,3.30594298944227,2.49031153438952,1.89005573116984,0,0,0,0.15011475680839,137.06500867866,0.00620733808849905,0,0.0917708650284845,0
"d3","Sub3","Sunfiber","C",2239.67215766692,361.470534872149,203.749462105797,291.128320880451,2.52450083722765,2.99093407155311,4.72647066664544,2.96524631694061,1.84108034133554,0,0,0,0.312077485235147,172.096495656533,0.00667126042548778,0,0.119053288251822,0
"d0","Sub4","Sunfiber","A",100.311890262198,81.2673095111088,32.5025867883536,24.2469609100182,1.07251529275515,3.23783185337292,1.5054269158011,1.01807197942187,0,0,0,0,0,4.83496546691279,0.0176948728834501,0,0.0792049100957331,0
"d0","Sub4","Sunfiber","B",91.3272265669347,85.1166653836289,34.9187532421436,24.4273865154017,0.972434500053388,2.87839513178095,1.37022393029066,0.938340192988928,0,0,0,0,0,5.12416902864299,0.0175850584120974,0,0.0635335686882079,0
"d0","Sub4","Sunfiber","C",86.4160707403039,78.620154310711,31.3131827177838,22.6661894901005,0.91671996012822,3.29341269986567,1.42414342413095,0.902374392163803,0,0,0,0,0,3.40409039050679,0.0181978467220233,0,0.0699281682008497,0
"d1","Sub4","Sunfiber","A",4188.95926396629,1407.77037013503,1696.56376196856,16.6471630443157,25.1894802560061,11.2320447366178,47.6980815219656,19.9384749919791,0.369415402623602,0,0,0,0.0631116249989305,804.091117759458,0.046698558306231,0,0.152591458831416,0
"d1","Sub4","Sunfiber","B",5240.0469844422,1542.80130260896,2307.52186216567,20.437239061302,27.7761717724049,10.1480861466403,57.1964379315973,23.1819241423666,0.090948671741345,0,0,0,0.00348268906274629,839.392048478174,0.032908430317741,0,0.204926568120336,0
"d1","Sub4","Sunfiber","C",4702.5332013866,1664.59058834788,2055.46018375238,6.64488260202408,27.6206049178281,12.0640885656601,60.6105997298132,22.7853481540916,0.0541408979907891,0,0,0,0.0034668417338476,801.821732750306,0.028334992355602,0,0.166745692168923,0
"d2","Sub4","Sunfiber","A",4723.81511872332,1576.14946283232,2237.03966964205,47.3155744365747,30.824865056617,14.6475003868185,63.7551871252112,22.6874275369149,0.162802988492523,0,0,0,0.0703777561142885,1150.11756690193,0.052846991402261,0,0.136760747982426,0
"d2","Sub4","Sunfiber","B",5575.26133223507,1491.0731772079,2453.87114475332,90.7012009396361,41.0396973664468,14.2357130041023,85.0715617609578,30.061220944739,0.418862416433023,0,0,0,0.00664867491941206,1193.58522244849,0.0350812358830375,0,0.189931647398734,0
"d2","Sub4","Sunfiber","C",4670.02558851423,1506.23748684625,2135.70397573763,64.7613127114351,26.8671162182486,10.8703386130448,58.5147214256366,21.9621387433653,0.146873668835112,0,0,0,0.0040864830110761,977.465788236028,0.0283331497886156,0,0.148638481195538,0
"d3","Sub4","Sunfiber","A",4624.34947658167,1494.43837178616,2026.82125493743,171.435377717598,29.3302570990326,12.5790574218414,62.5647642645983,22.6162066760423,0.16817608249056,0,0,0,0.0668058923986725,1082.16422068141,0.0477574595333351,0,0.129886328335774,0
"d3","Sub4","Sunfiber","B",4671.68569360863,1193.33668450659,2018.09992360447,88.1649003883871,30.3474859494001,10.1717499405986,62.9652932060147,23.1419063698373,0.0697415118506675,0,0,0,0.00413155340374551,876.042609326763,0.0370395352060114,0,0.171957162031795,0
"d3","Sub4","Sunfiber","C",4692.25139710384,1353.35607265213,2023.0762719129,220.19434755312,36.116960154014,14.8132931529944,71.3564050842845,27.7650051774713,0.34057189555582,0,0,0,0.00551331141148424,1378.60384938657,0.0317512418486648,0,0.131717630578382,0
"d0","Sub5","Sunfiber","A",33.1891964614182,25.6037313882454,4.79700933455213,11.9578850187133,1.16256490667448,1.6538870016322,1.78464878449685,1.24308845323857,0,0,0,0,0,2.44818053507437,0,0,0.0389373369872655,0
"d0","Sub5","Sunfiber","B",30.8016123621279,27.0573756029605,5.23759249688162,11.7838556410748,1.17482926251877,1.76252521127518,1.98275582285031,1.32579660210122,0,0,0,0,0,2.72126723352165,0,0,0.0370638726062042,0
"d0","Sub5","Sunfiber","C",30.8349160673349,24.469332338674,4.26414672343934,11.7142608993742,1.40380803238005,1.56668770920705,2.12194193602977,1.4889363491592,0,0,0,0,0,4.28337925017988,0,0.00848682458782529,0.0297073049583869,0
"d1","Sub5","Sunfiber","A",3610.22759545061,439.085929439258,142.14082952982,878.792971999048,3.2815097742964,2.02052469397883,5.89053100423011,3.5602778652407,0,0,0,0,0.0518218567060828,76.7444933185853,0,0.00395518424465238,0.0644937188901579,0
"d1","Sub5","Sunfiber","B",2941.94614821523,296.450729785238,96.1115760492287,555.20060616207,2.5891139406275,1.63862564132315,4.40968853784204,3.10988808819344,0,0,0,0,0.0300197899500759,79.9648792571654,0,0,0.0527957468364445,0
"d1","Sub5","Sunfiber","C",2472.01458577215,248.979572889102,84.3520825912808,229.97920644176,3.0810933190395,2.01471223870561,5.25273092424012,3.45412632426492,0,0,0,0,0.02058280722379,107.003095800906,0,0,0.0616393558246502,0
"d2","Sub5","Sunfiber","A",4119.05600856344,465.979779154771,2273.63811169172,1099.00936588518,3.49627220942626,2.17961540994605,6.43621202664388,4.02611018257962,0.0520683649603643,0,0,0,0.0495533763748031,80.3148354097109,0,0.00703480807893339,0.0625080178085878,0
"d2","Sub5","Sunfiber","B",3751.2843929988,342.585868842365,2414.46197535925,738.443995424272,2.93251270784782,1.87606054692668,5.22417234710164,3.5478360927181,0,0,0,0,0.0288559310281642,78.8738275370674,0,0.00385465230960749,0.0349370341791303,0
"d2","Sub5","Sunfiber","C",2362.30692834963,198.178324096998,72.0518963345637,253.351113268921,2.89539676226952,2.19286746864722,5.46513294114269,3.24846389611791,0,0,0,0,0.0215046028145367,120.819098193759,0,0,0.0437739333980854,0
"d3","Sub5","Sunfiber","A",5680.08752548169,541.784956016811,3409.41052410888,2166.28079752721,7.75866420055834,5.4178930984898,10.9044507139439,6.69902261752852,0.558712905503881,0,0,0,0.103859761115946,216.022569763255,0,0,0.0345496340042104,0
"d3","Sub5","Sunfiber","B",3288.95771393056,444.762808193363,3821.286594445,713.08634454908,4.08492604589354,2.55746148598422,8.3979072903384,5.10981525556948,0,0,0,0,0.0297404753593264,82.9248968733533,0.0032069364185179,0,0.0503563250181063,0
"d3","Sub5","Sunfiber","C",2250.68454439242,194.585568440508,71.6279405482563,257.761090714312,2.70019840302603,1.87984147668492,5.29589238983872,3.21592785313317,0.116913668528831,0,0,0,0.0209638812262764,112.318102944226,0,0.00395093376841665,0.066358812521541,0
"d0","NoSub","ctl-m","A",4.04601831428374,6.06700342573594,14.7123606171629,12.4970499873538,0.0944764082506834,0,0,0,0,0,0,0,0,0.551811171223926,0,0,0.00812157260934201,0
"d0","NoSub","ctl-m","B",0,4.03418312316539,6.07894017636441,11.5711345346814,0,0,0,0,0,0.00336141118454119,0,0,0,0.381518461004963,0,0,0.00570691469949423,0
"d0","NoSub","ctl-m","C",5.23205358178725,9.37188259768982,21.234815026895,15.9933687741158,0.162172565947223,0,0,0,0,0,0,0.00159290953237046,0,0.515921743192615,0,0,0.00423022923183897,0
"d1","NoSub","ctl-m","A",1.47181497607384,6.58439094298521,11.8473271447697,13.5123459873732,0,0,0,0,0,0,0,0,0,0.256532462958842,0,0,0.0188123002833292,0
"d1","NoSub","ctl-m","B",5.39155625763871,7.51108380149057,16.083759543357,15.9236016009839,0.0284762917224411,0,0,0,0,0.00479827651001312,0,0,0,0.294767869824238,0,0,0.0075827499992693,0
"d1","NoSub","ctl-m","C",1.58018060982256,5.39845823328398,12.5520056578235,15.9054060821231,0.0435180482290186,0,0,0,0,0.00532367406990849,0,0,0,0.407437390663736,0,0,0.00430585998209893,0
"d2","NoSub","ctl-m","A",8.70523587870237,10.8416451183079,14.1663103937165,16.5156868093485,0,0,0,0,0,0,0,0,0,0.273583661578751,0,0,0.0115546198582378,0
"d2","NoSub","ctl-m","B",7.72649577792299,9.83888440387627,18.1593101890627,17.2037599227422,0,0,0,0,0,0,0,0,0,0.265922399691792,0,0,0.00835509866374878,0
"d2","NoSub","ctl-m","C",11.3804029273365,10.9260101803666,21.3470476117736,18.851892874941,0.0264866474416914,0,0,0,0,0,0,0,0,0.346152513750248,0,0,0.0145444036461802,0
"d3","NoSub","ctl-m","A",8.88489214420635,8.67094098834353,8.23507034573499,12.7414884040439,0.293905871512317,0,0,0,0,0.00497697097519647,0,0,0,0.480277752139716,0,0,0.00739029027861345,0
"d3","NoSub","ctl-m","B",6.6095589477431,6.26042194932322,6.49641957129459,15.4912326143111,0.26678319312697,0,0,0,0,0,0,0,0,0.504248851117081,0,0,0.0122996926205208,0
"d3","NoSub","ctl-m","C",11.6337218990675,8.25440045730526,13.7452017882949,14.8560250375568,0.226631107480319,0,0,0,0,0.00261139333904006,0,0.00179582430145586,0,0.526232559007472,0,0,0.0030984427437464,0
"d0","NoSub","CocoFlour","A",25.7998339116379,8.10129061600946,17.6466452685138,19.3593920152792,0.153287926913608,0,0.0133429066995894,0,0.583168248426746,0,0,0,0,1.33425932845849,0,0.00465381697699661,0.0464042220849089,0
"d0","NoSub","CocoFlour","B",22.8255301858158,6.65477684088729,11.66929617013,14.7737506317722,0.166618629753391,0,0.130926856399643,0,0.6660899570306,0.00210359668073822,0,0.00257672345416489,0,1.40318356188922,0,0.00236947453765152,0.0475752029161696,0
"d0","NoSub","CocoFlour","C",23.4457149601576,8.19580430545763,14.1712568097133,18.0887149816891,0.0936527148361735,0,0,0,0.634239362057589,0.00296411045829663,0,0,0,1.24791989985365,0,0.0038474878474217,0.023955815255521,0
"d1","NoSub","CocoFlour","A",24.5977055251325,7.92235377324474,18.604818812707,14.6433438863384,0.107415065672988,0,0,0,0.653354802702921,0,0,0,0,0.982186918222632,0,0.00175506154019856,0.0281125828939256,0
"d1","NoSub","CocoFlour","B",27.8626308572863,9.49919756031136,19.9909922661077,21.2772782577743,0.18812529090782,0,0.0656064701493414,0,0.574463136070611,0.00173625537823756,0,0,0,0.964990391175984,0,0,0.0554325000832189,0
"d1","NoSub","CocoFlour","C",26.4750644473412,10.8628522314451,21.0509864076709,24.7242847326425,0.24071919127258,0,0.0448401739409399,0.0259475366549954,0.597104405734431,0.00242131753841535,0,0,0,0.917940704360477,0,0.00332094069294257,0.0492970487335835,0
"d2","NoSub","CocoFlour","A",30.8091122762458,13.9559763203224,19.928859871703,20.61735748611,0.188865006394608,0,0,0,0.400967346435971,0.0028381821661559,0,0.00187243559969285,0,0.906050129274641,0,0,0.0451573169600284,0
"d2","NoSub","CocoFlour","B",32.8641139384187,10.6048508676967,15.0408258487799,23.563887776035,0.143394669491349,0,0,0,0.468332982482781,0.00277412575422845,0,0,0,0.86348293527582,0,0,0.0456339001596515,0
"d2","NoSub","CocoFlour","C",38.8035381457479,12.5507011991815,19.427242286336,22.3750084793698,0.256877786114109,0,0,0,0.731067110324147,0.00493279857482776,0,0,0,1.07944811546602,0,0,0.0444678415240275,0
"d3","NoSub","CocoFlour","A",35.6444370086431,8.61219277161666,12.5138693782009,18.3886964411192,0.274372048895373,0,0.0124115528172551,0,0.722037709891361,0,0,0,0,1.3223618096652,0,0.00395436179970527,0.0197399549085219,0
"d3","NoSub","CocoFlour","B",28.618774397353,4.81700522836681,4.72755407918564,16.0968487087163,0.0573462021338917,0,0,0,0.800565545134081,0.00290268422192019,0,0,0,1.21645233420415,0,0.00334695508690527,0.0375887648092586,0
"d3","NoSub","CocoFlour","C",29.4964803786438,6.93940648018024,10.1617003535809,20.3214224176902,0.182113457705026,0,0,0,0.683561781434689,0.00220801884972674,0,0,0,1.29227994598999,0,0.00162818688731851,0.0158411776204714,0
"d0","Sub1","CocoFlour","A",205.046852122987,47.132702329859,23.4032814925089,18.5800335895614,1.21693636910874,3.9824330922873,2.4923722693627,1.29567928730512,0.58235951507495,0.0163261488704383,0,0,0,7.83242858648677,0.0147172557352128,0,0.0745933377308707,0
"d0","Sub1","CocoFlour","B",93.2865703196039,110.297913758656,66.4919879230648,17.4123273901719,1.05609749364568,4.39869500060267,2.00074730187084,0.958398456096774,0.416748101022711,0.00173793495007391,0,0,0,5.35139317225711,0.0102312003166985,0.00364391737339828,0.0771789414447922,0
"d0","Sub1","CocoFlour","C",113.934637579495,121.003685350879,83.6463522602485,19.3042030397595,1.42487348297929,5.36506157076862,2.43569419682218,1.27732671906064,0.618874508892595,0,0,0,0,6.61654490140159,0.0133800538095861,0.0024087567936176,0.0939638589689547,0
"d1","Sub1","CocoFlour","A",1095.98846477783,313.455024311015,102.777437038749,165.033780397658,2.08086488317676,5.52553582381349,2.77589123016364,2.27878528731696,0.819099953385405,0.00424377631434941,0,0,0.00349807704789498,163.018431135126,0.0135376597978034,0.00383265830624467,0.0716388289741021,0
"d1","Sub1","CocoFlour","B",1462.17619539023,306.526923836514,92.8726050388818,160.180318140687,2.17726496445998,5.40169388148638,2.67192567605893,2.02979942481375,0.83376089003783,0,0,0,0.00257804172058171,163.64049096657,0.0144764820662029,0,0.0697292785991163,0
"d1","Sub1","CocoFlour","C",1396.3262592778,345.004330383399,465.392493467898,91.4092811901881,2.83168195796163,7.08993738976521,3.54585913966022,2.85035651913239,1.38558886282889,0.00154166712277651,0,0.00167381130822988,0.00362910761144996,160.343982445211,0.012330907122302,0.00190299541430035,0.0813611160895233,0
"d2","Sub1","CocoFlour","A",1875.46381254462,419.198317615619,85.8355221903489,302.793970013915,2.59036729064134,4.8139312788363,3.03221101317678,2.64770532352442,1.11489621963051,0.00272922639873625,0,0.00172053402811578,0.0026008445970429,181.55617197376,0.0127373245882129,0.00328410152617991,0.0543134192624547,0
"d2","Sub1","CocoFlour","B",1804.01763096066,372.974196431049,92.0512442631395,351.040026413328,2.42864921551417,5.30537492327414,2.61450723347675,2.25030960000773,1.12906993022485,0,0,0,0,159.182121919615,0.0151371434233984,0,0.0797099365871447,0
"d2","Sub1","CocoFlour","C",1903.40948499009,830.901230293839,1836.77594369826,31.2286466641515,12.9749612431063,22.5103701507522,11.7844875378048,10.2366413796316,5.10657334807472,0.00591555503474522,0.00817731467399297,0.00471231202408555,0.0181841509382623,401.98110606629,0.0082278553460826,0,0.111759949132496,0
"d3","Sub1","CocoFlour","A",2059.25068344711,388.199278207019,92.8568573548006,442.531185738143,3.93835714533235,7.1862801402856,3.65580848305947,2.82019339093817,1.70202031254227,0.002214604183402,0,0.00271739718880166,0.00616551513977613,293.481286938236,0.019322749328506,0.00548856419283058,0.0573482850017427,0
"d3","Sub1","CocoFlour","B",1781.85718267798,305.789766307517,94.6466165253825,437.704165498645,3.1521936998536,6.2258591012562,3.37332220845568,1.93225191266352,1.59288719300385,0.00475536005454467,0,0.00198745977944076,0.0065206788603872,253.744770055341,0.0206030816255911,0,0.0596071222648878,0
"d3","Sub1","CocoFlour","C",2307.27981631157,1138.32580361092,2024.99078101033,126.717429472168,29.9208280205803,38.0089634207428,25.2260647099034,19.6186335488508,9.58105524512876,0.011403261647731,0.0213163498551228,0.0120888462388964,0.0456165768983621,1044.34084983384,0.00764200043100816,0,0.117032412152389,0
"d0","Sub2","CocoFlour","A",114.807076236674,77.3963248962723,73.6441583665897,17.0297883843241,1.22093089942743,5.38018289749512,1.89376832704961,1.34739594837548,6.28351966497518,0,0,0,0,7.01044902396305,0.0094163854563311,0.00436929866593556,0.073059157588759,0
"d0","Sub2","CocoFlour","B",111.217416822955,76.6927919186573,71.8775894009069,15.7002185194693,1.32144031417662,5.34143500499039,1.73512097628744,1.3220996087305,6.94529155036524,0.00232672470997168,0,0.00207770241628415,0,7.70079019154733,0.00851147177092268,0.00399344014466727,0.0721642109231219,0
"d0","Sub2","CocoFlour","C",103.046607986571,76.2935141187949,67.0338029995413,17.0811213632551,1.24926797222733,5.33427067663806,2.05496885700131,1.64682571167352,7.5052319965458,0,0,0,0,7.95122635766775,0.00825933162410978,0,0.0541290960884067,0
"d1","Sub2","CocoFlour","A",2435.50176028216,492.410413202044,110.41502726585,329.473643416758,2.93797996645625,7.81582392656876,2.7479615059214,2.02794351767909,11.3802561622887,0,0,0.00242353878276812,0.00522913802405324,293.211094940694,0.0109230157137687,0,0.0388614922011861,0
"d1","Sub2","CocoFlour","B",1037.82437025954,725.695027661633,113.278526441792,16.080171594946,2.21963010367446,6.24894256595789,2.1648630465219,2.01312106140488,8.40353053931714,0,0,0,0.00264455033261373,0.507602244706828,0.00994554052377871,0.00278682226542752,0.0681030798000391,0
"d1","Sub2","CocoFlour","C",945.673535314091,576.322457444137,95.7867700460086,20.8174673934513,1.5418207669723,5.09112334066496,1.75086811381041,1.47662204451997,6.34773281802898,0,0,0,0,51.2430153465278,0.00812938963675413,0.00366585933054907,0.0751961413249579,0
"d2","Sub2","CocoFlour","A",3071.59080991169,1296.18333028047,158.419209437462,483.224210520858,4.91011964614188,13.305944223243,2.95148335703926,2.16177998234323,18.7670809902471,0.00355173059923732,0,0.00182832052515153,0.0104149317119612,3.68779225961568,0.00983367842450906,0.00221426367915382,0.0758143850019707,0
"d2","Sub2","CocoFlour","B",1338.97740604981,917.812196665367,132.158364317561,149.065987945367,2.46653016918905,6.96467534033162,2.17202177309049,1.98757357096249,9.48483758976688,0,0,0.00187460781725127,0.00278024336514017,0.618374100271797,0.0119862494103633,0.00276511616345239,0.0586892945217667,0
"d2","Sub2","CocoFlour","C",1446.0652650671,977.149343714213,124.335856965071,79.5055973515533,3.49020288684581,9.70134186772474,2.82121684764397,2.34347727204496,13.384429867807,0,0,0.00285668277342982,0.00440464388895492,5.4263608143246,0.00841592483547764,0.00183513166863201,0.0704954689440167,0
"d3","Sub2","CocoFlour","A",3658.46621042546,1462.66758449443,130.857425893171,683.832608201788,5.1016257639736,12.1887689105277,2.41504208745204,1.28395803837382,20.7857440906988,0.00358945390077386,0,0.00161361544884464,0.0138010457773329,1.4126608136938,0.00998113019984119,0,0.0856650158949019,0
"d3","Sub2","CocoFlour","B",1810.11839254614,1101.29635589571,106.380319121349,323.654353668486,4.01240482761612,10.3837983329208,3.06356563534881,1.87173758293628,17.6195342809523,0,0,0,0.00874332363203564,0.918954604288963,0.011679417371992,0,0.0462663763019734,0
"d3","Sub2","CocoFlour","C",1783.34066073629,1111.02551593124,99.352489219622,147.533218443121,3.28542348071788,8.10079050406079,3.25863466890977,1.69277844410916,13.9559476190293,0.00511143812979977,0,0.00214538329368281,0.00602695907608722,0.879705603409197,0.00830833685622305,0.00386507489327761,0.0674943616606704,0
"d0","Sub3","CocoFlour","A",102.251273907579,75.4819952156412,52.4350352426831,15.4646956063874,0.785792515806131,3.29637647969625,1.56297588169294,0.779916697716368,3.71687661046874,0,0,0,0.00635735519942246,3.66030626106334,0.00279834255426155,0.00152759232568005,0.079102160063287,0
"d0","Sub3","CocoFlour","B",105.655624254044,75.9654511782928,56.5962859313017,17.0231374007277,0.915073594325237,3.7501983987144,1.73934097595964,1.17551011544094,3.99885748466002,0,0,0,0.00327879070974409,3.85042384149161,0.00215391714600109,0,0.070111194879053,0
"d0","Sub3","CocoFlour","C",107.216024599051,83.6497288142249,52.6059684163847,18.3439415118832,0.885790275326931,3.63314992318217,1.64495392603476,0.889922798581933,3.60447917296656,0,0,0,0.00514586185614087,3.46939583857322,0.00257566970981839,0,0.0770125605969779,0
"d1","Sub3","CocoFlour","A",2419.94326546536,159.678113538336,67.7491314805436,513.885527640336,2.45298264441661,5.87744217273363,1.97592422958331,1.26697428981627,7.34177996065842,0.00354900153393073,0,0,0.0133732766947806,312.924009349892,0.00351998498849769,0,0.0366553936668984,0
"d1","Sub3","CocoFlour","B",2380.21575288775,160.628353982753,70.3055545038882,536.840991636064,2.10267692201795,6.2209815100368,1.88119588362535,1.16212325749439,6.89612850307379,0.00355279490414659,0,0,0.0140251870422635,328.451937899909,0.00494755164721032,0,0.0458568451662573,0
"d1","Sub3","CocoFlour","C",2758.24443380971,187.679705518139,82.4991124093981,710.231554610007,2.25123844844247,5.7874598487047,1.80345727421797,1.27896140032166,7.77134004912836,0,0,0.00272702641293135,0.0157378367698249,331.077098596963,0.00442810522212235,0,0.0274199550725027,0
"d2","Sub3","CocoFlour","A",2674.28181562268,414.832998800937,44.7948667402502,475.678213588923,2.45349474759481,4.79482533395796,2.14243048067503,1.10464183100768,6.08577029247286,0,0,0,0.0141735665561511,250.188035931302,0.00571119825288782,0.00239801312439796,0.0545392414911121,0
"d2","Sub3","CocoFlour","B",2609.26206340042,434.816945722887,46.7246364882955,504.731083956882,2.68093094312035,4.96542178068341,2.35886508779228,1.52097349118075,5.93094364552884,0,0,0,0.0130810609419865,257.726806372388,0.00501595781365241,0,0.0482204681346906,0
"d2","Sub3","CocoFlour","C",2552.27762568686,406.817488002212,73.6371666441221,593.669547095129,2.86736711666354,6.02320565200205,2.10637737561399,1.09706591658035,7.79623260118763,0.00332079203059439,0,0.00246656996489883,0.0159186237783744,283.104483092769,0.00412328576526643,0.00279808145043345,0.0405791423577183,0
"d3","Sub3","CocoFlour","A",3102.43317457875,692.313981980738,43.7289346446761,419.224920497127,7.03775987449078,7.66481831399691,8.62305158621237,4.63500217066987,11.0441504851184,0,0,0.00201449601244752,0.0218424897971466,539.152991827812,0.00285634475675027,0,0.0602630296231712,0
"d3","Sub3","CocoFlour","B",3303.41704547487,741.706472326518,48.6053765964191,540.919950386972,6.53513734436653,7.07567791184847,8.83985665799673,4.84790712475987,10.3937736665887,0,0,0.00186449485682485,0.0238909886488396,525.578195838006,0.00592516102710003,0.00155432803046749,0.0460602000728426,0
"d3","Sub3","CocoFlour","C",3190.71738531425,715.352697482568,84.3121509430349,519.093734834049,6.58094549212403,8.05479694271692,7.5993959263289,4.06122211924987,11.0595560581209,0.00573397919779433,0,0,0.0214255859831301,551.614336182976,0.00500291578556141,0.00256836953291976,0.0562765659334239,0
"d0","Sub4","CocoFlour","A",101.664748230382,99.8625720735514,74.8546782326425,16.325006585537,0.79187945067378,3.67613383555963,1.46123009749426,0.855762173431915,0.478073368001173,0,0,0,0,6.06640346704196,0.0129279701621501,0.00406611481369951,0.0956491075967246,0
"d0","Sub4","CocoFlour","B",101.214277709374,102.119013946352,78.8162949602176,15.1647136803418,0.729950435529771,3.64109912111908,1.23556002270578,0.926538697755385,0.684398139551026,0.0036745095650806,0,0,0.00233420111052477,6.17639138291041,0.0112498203632311,0.00272689080573516,0.0883943861388321,0
"d0","Sub4","CocoFlour","C",111.012507541981,113.472761817341,89.4466584375791,18.1305296950685,0.930871379886571,4.09137956986802,1.57463214050167,1.06017513047684,0.557342506673064,0.00220108444366158,0,0,0.00305664654968188,6.15266954174647,0.0146448411560201,0.002606966521053,0.114181621375929,0
"d1","Sub4","CocoFlour","A",811.091654575986,150.491048105506,65.1113376857943,72.7208309892937,1.18187244827394,4.63896055089522,1.46234592415322,1.19236824237329,1.15667419539348,0,0,0,0,197.953412141251,0.0151647518876042,0,0.0788780784983538,0
"d1","Sub4","CocoFlour","B",811.980410617753,147.807404209347,57.3016314910313,54.0787210768022,1.13235374288011,4.26022866668995,1.51112654505611,1.19175778933207,1.05564172598767,0,0,0,0.00448204325896327,189.98628051108,0.0132473736785857,0.00245874471261393,0.105626326971993,0
"d1","Sub4","CocoFlour","C",751.461344197169,151.547342230828,62.3830161954701,81.6217601130993,1.32197704847684,4.72231464315355,1.66068262181008,1.26439040138538,1.01151521154571,0,0,0,0.00447921152356393,172.93002415258,0.0153100195197067,0,0.086988960164151,0
"d2","Sub4","CocoFlour","A",908.213954840566,230.613443728358,318.674823578962,61.139830310132,1.43556608314164,4.92502179574331,1.88493540377412,1.61198197113208,0.96362492220406,0.00171361032410703,0,0,0.00427203959926429,137.382651436784,0.0129857340450239,0.00321567790182707,0.092751151403401,0
"d2","Sub4","CocoFlour","B",1001.48659897113,231.364042296226,179.501062782923,41.1398529780623,2.03859658257816,5.90704201704164,2.77781509420898,2.25110294965836,1.46366559615403,0.00564859784643951,0,0,0.00663312909582119,197.958855443346,0.0152818203899741,0.00274918673460283,0.0967980094598646,0
"d2","Sub4","CocoFlour","C",1065.83984863047,259.198501037113,282.544234339608,77.2985678767231,1.58300320099642,5.28809926968526,2.19911570049196,2.11976861840169,0.862378660596683,0.00215821597791987,0,0.00167166137136086,0.00410491623348943,98.6163961276431,0.0134791899170456,0.00324084740908547,0.0985398726026843,0
"d3","Sub4","CocoFlour","A",164.146485659463,159.015033933173,765.468219184124,87.3572692895645,2.51715714087281,11.9116726400278,2.86443502279779,1.95639408053653,1.66458523681327,0,0,0,0.00361559337562411,221.073728092705,0.0191484821682561,0,0.0562544816922755,0
"d3","Sub4","CocoFlour","B",137.917682005302,150.745133370529,697.57530439419,76.1433925544878,2.06500108510201,10.2550343760496,3.10820192623281,1.99455019368905,1.39080414875355,0,0,0,0.00617271712687354,195.138657345334,0.0143694024286389,0,0.100546229148646,0
"d3","Sub4","CocoFlour","C",137.587446700454,161.978228216981,770.930838830792,101.59849812464,3.22899886590175,15.3150047497583,4.37170902900257,2.89457126949143,1.99678542215597,0,0,0.00360977588049487,0.00930380772592799,213.175905099617,0.0167176717981261,0.0056183956022541,0.1078587448569,0
"d0","Sub5","CocoFlour","A",46.9005299101193,34.6818333917549,10.1937368027589,14.619829987971,1.20192901815949,2.04953054604124,2.28419517388198,1.64331122874702,0.890917897621736,0,0,0,0,3.15176930586348,0.00165622769927623,0.00354322531910877,0.0775031823475919,0
"d0","Sub5","CocoFlour","B",55.8031336180223,39.8403055432809,21.572946189007,15.4965671696257,1.29617931854997,2.14103882783197,2.42822189767633,1.83767271904183,0.94026472456522,0,0,0,0.00191500879449108,4.45706692497403,0,0.00343674099603346,0.0722542087467089,0
"d0","Sub5","CocoFlour","C",55.9538110926413,43.3386534470222,10.0656482760174,15.1474089044034,1.52361952125712,2.43421475613624,2.76193355161651,2.11814557836798,0.817498350646006,0.00170101184878306,0,0,0.00226943206349099,3.56195971883896,0.00245135570992866,0,0.0741044960783788,0
"d1","Sub5","CocoFlour","A",1769.92422418815,143.680896968432,16.4739433421423,173.696474814015,2.31546535135712,2.87445838462845,3.05520463902734,2.42135931582912,1.54808848132738,0,0,0,0.00474717940783547,114.591338381088,0.00386314336488061,0.00379708120302018,0.0754356263083996,0
"d1","Sub5","CocoFlour","B",1665.34153283939,131.73436103457,22.8511390548052,145.235073707881,1.67298392601242,2.11489139890218,2.07924036376603,1.92455863525657,1.09891837175605,0,0,0.00166750179159282,0.00392310625388236,90.194681146163,0.00207158674896124,0.0032725848477183,0.0549280792781663,0
"d1","Sub5","CocoFlour","C",1756.11853920089,165.882188980204,22.6290428169237,159.887244799677,2.72538040437765,3.33919569871545,3.28137705342746,2.78437074308468,1.56645023286684,0,0,0,0.00577713859889622,109.652386415457,0.00267000376893498,0.00382424826791956,0.0371885855193161,0
"d2","Sub5","CocoFlour","A",1883.32525678444,120.670192488653,17.6942387949324,161.274387716633,2.44422294165005,2.83012457907627,2.60256691147225,1.90314814670388,1.87429113242955,0.0051092932858863,0,0,0.00703008329333586,143.757319297865,0.00376411767497586,0.00591654514136774,0.0591896810063041,0
"d2","Sub5","CocoFlour","B",1685.13876340623,116.400993368815,17.1716727310645,155.909748691942,2.46300042722399,2.45335044309044,2.3964845997623,1.60807362527752,1.86163513266334,0.00221946904162369,0,0,0.00450766423263873,134.153672679249,0.00182622919460259,0.00458627198113471,0.0659873051433841,0
"d2","Sub5","CocoFlour","C",1982.07320005968,138.857490389992,24.3682007732719,178.84121573824,3.17120271094997,3.52300204355771,3.09349653472808,2.1607656404615,1.78378521942259,0,0,0.0016857760583394,0.00593420763090512,130.762334764286,0.00449185561928293,0.00187681848408052,0.0501722906006666,0
"d3","Sub5","CocoFlour","A",1872.49139570496,115.653797567514,22.6325477948817,158.020240435169,2.28556936059071,2.31467893109306,2.26810221307687,1.23092475791964,1.7800517739567,0.00284138170677722,0,0,0.00595706049312345,110.09837119643,0.00465340498681353,0.00535106988054526,0.038121936018122,0
"d3","Sub5","CocoFlour","B",1827.80289300114,113.485695396941,21.623229433196,145.879487585053,2.46725515443101,2.92795790016642,2.71727180311086,1.59499273426151,1.97784138240856,0.00439893803488321,0,0,0.00591683318951854,136.254115352596,0.00235366157646653,0,0.0495926640671587,0
"d3","Sub5","CocoFlour","C",2019.65773956179,155.031296816128,21.5559962030295,193.062048524037,3.69262052111194,3.46618050026006,3.73337726442317,2.17046535321091,2.38906879547576,0,0,0,0.00792337934497248,138.022433904142,0.00332462436892403,0.00675105179354513,0.0407570715850643,0
"d0","NoSub","ctl-m","A",0,0.912529644977989,0.530162113544029,8.83181349939147,0.0136047793994009,0,0,0,0,0,0.0014869360956368,0,0,0,0,0,0.00465190501837093,0
"d0","NoSub","ctl-m","B",0,1.18236392499894,1.72515056782215,9.73826079340945,0.00408983151675026,0,0.0519642805022808,0.00949892104156565,0,0,0,0,0,0,0,0,0.00997159213061094,0
"d0","NoSub","ctl-m","C",0,1.61751133612864,0.833056558406154,15.5456327837609,0.0240626155984546,0,0,0,0,0.00320103419846159,0.00136793709333612,0,0,0,0,0,0.0107641606839462,0
"d1","NoSub","ctl-m","A",10.2460085706974,8.54375457572099,11.1037319603732,9.78848125666513,0.0520336778490771,0,0.0562438922547978,0.0486214893751559,0,0.00537660643906757,0,0,0,0,0,0,0.00109443369272785,0
"d1","NoSub","ctl-m","B",12.1550284122163,8.34294268265527,10.1465094664557,10.1008237353191,0.140040232920632,0.0831438684099189,0.0884876868139697,0.114173989012122,0,0,0,0,0,0,0,0,0.0116049852417082,0
"d1","NoSub","ctl-m","C",7.96975766026455,6.21138284320823,6.04556190678197,12.3409703968627,0.0656699682156041,0,0,0.0524473046581583,0,0,0,0,0,0,0,0,0.0108348935580057,0
"d2","NoSub","ctl-m","A",26.5630997991225,10.1602374321395,8.82584288928739,25.1730451899395,0.181994922298837,0.064951012290689,0.121641578132109,0.0223397979888167,0,0.000365503415243602,0,0,0,0.0574189976782734,0,0,0.0034969661720278,0
"d2","NoSub","ctl-m","B",15.9640525299873,6.247879605846,4.16989720633007,15.7175094258732,0.183365507661592,0.0438245993842425,0.122402155559046,0.109209082088011,0,0.00160189599555396,0,0,0,0,0,0,0.0140792402166176,0
"d2","NoSub","ctl-m","C",7.85617473164215,3.64084645114087,0.505539189989502,17.0071242264161,0.0812610857359273,0,0,0.0319160854053089,0,0.00391152482334676,0,0,0,0.1019810873037,0,0,0.00373803827751196,0
"d3","NoSub","ctl-m","A",16.5007094179899,3.00718790875911,0,13.6560091813305,0.121230652604749,0,0.0210799807151865,0.0441780945004416,0,0,0,0,0,0,0,0,0.00696461280235125,0
"d3","NoSub","ctl-m","B",11.258760724696,5.44760105921992,0,12.5129279078364,0.0748144691431865,0,0,0,0,0,0,0,0,0,0,0,0.00654246657479997,0
"d3","NoSub","ctl-m","C",9.39700447771326,5.4961128740511,0,21.5679089821085,0.099527038863626,0,0,0.00645693381919277,0,0,0,0,0,0,0,0,0.020226514114014,0
"d0","NoSub","13Bean","A",43.1736907608342,3.87120127522797,1.91827056170679,28.8505757954218,0.094526767996289,0,0.0237354991812919,0.0602009687832909,0,0.00176610883607152,0,0,0,54.5442428662753,0,0.00484810528007556,0.0270541513729549,0
"d0","NoSub","13Bean","B",60.1120506571103,5.41447354671208,2.85617784680158,33.64762615237,0.155212501089834,0,0.140947973444575,0.0725811146996834,0,0.000543995725771347,0,0,0.00180113866378522,64.5304950643498,0,0.00554159903651667,0.0409130689182534,0
"d0","NoSub","13Bean","C",73.2729045402778,5.3346338881248,3.37982786644532,41.6450120871731,0.120792884207426,0,0.166258219593888,0.110100940102471,0,0,0,0,0.00106681780462685,74.9050924942369,0,0.00870893829527746,0.0548535118681058,0
"d1","NoSub","13Bean","A",48.9224678826749,8.29249182204102,1.20727673056219,40.7215795432137,0.0970436600287626,0,0.0801653569066056,0.0552442333588182,0,0,0,0,0,38.5578510931707,0,0.00692154889364826,0.0480108293695124,0
"d1","NoSub","13Bean","B",45.0056460442196,7.30839843858584,1.69255689802156,38.6598936329651,0.127266317272819,0,0.0935653103914914,0.0633051845127086,0,0,0,0,0,40.5282335384765,0,0.00540718760015254,0.0476932019518447,0
"d1","NoSub","13Bean","C",51.4250860970805,4.957072459749,2.07919838449344,33.8531228504328,0.127007849867636,0,0.0921976768142654,0.0887647119250354,0,0.00168796969959047,0.00132836731055201,0,0,59.4194708233964,0,0,0.064073643517562,0
"d2","NoSub","13Bean","A",62.6480135211949,5.13424234852358,1.41097129781041,40.143555693863,0.159508664105763,0,0.121817642697761,0.0786363012096329,0,0,0,0,0,76.9117796663313,0,0.00268491500486499,0.0722466467492982,0
"d2","NoSub","13Bean","B",70.5700582067842,6.11103232689348,1.25506561189874,41.6379871798442,0.153738879509361,0.0243291214992567,0.11856337155265,0.071199550002168,0,0,0.0019448034177771,0,0.00139250040757459,78.0284099326177,0,0.0064184680977799,0.0711448295865051,0
"d2","NoSub","13Bean","C",48.4700468091521,4.68375919203547,0.994610158359915,39.0543433587942,0.106116955268323,0,0.265584428428395,0.0652096831863753,0,0,0,0,0,75.717993260948,0,0.00662411029791841,0.0256815290811765,0
"d3","NoSub","13Bean","A",65.6578044862303,4.84374000527335,0,39.1143712929687,0.147208828173839,0,0.257846465606466,0.0599270507434989,0,0.00354734920248409,0,0,0,58.7945338950577,0,0.00166840493912226,0.0413643786402793,0
"d3","NoSub","13Bean","B",69.5825299627794,3.91645975723006,0,35.4553938165913,0.115229908977292,0,0.085739998758834,0.0387702480959557,0,0,0,0,0.00113881763835042,66.0657648339037,0,0.00141898799007811,0.011834585229572,0
"d3","NoSub","13Bean","C",71.6809829803113,4.63921172288618,0,38.8043610142061,0.131086182471583,0.0112392522764249,0.0388199974094002,0.0923656454208906,0,0,0,0,0,75.8503266285746,0,0.00424764788687359,0.0399790190108231,0
"d0","Sub1","13Bean","A",195.447504102848,193.286211795826,123.845429687697,30.2302012563221,1.49683685042458,4.37942942845472,1.75296097732087,0.533711729969785,0,0,0,0.00132235784396395,0,52.3645965611177,0.00972210086635094,0,0.0683858165498312,0
"d0","Sub1","13Bean","B",180.675284466777,191.954340393682,110.808067240833,31.9059178830203,1.74149091819646,4.29664917017063,1.82473562138125,0.644805747191711,0,0,0,0,0.0010236184737699,61.5967319027145,0.0176536456484327,0,0.0442664343564192,0
"d0","Sub1","13Bean","C",171.582442783654,162.19184857858,106.169461940218,29.0430512153105,1.48150471672989,4.73008898869029,1.5246255814403,0.631221027322087,0,0.00205218395836047,0,0,0,58.8922868065562,0.0166410143856164,0.0041519793765318,0.0191867906756351,0
"d1","Sub1","13Bean","A",2773.2162879099,266.357757760481,387.223538256782,595.172644931509,2.48862347270928,7.18181793510783,2.53345004707439,0.886203150817551,0,0.00426697276310084,0,0,0.00607998979074434,191.179720030451,0.0149387798917812,0.00471217274763315,0.0336855040496713,0
"d1","Sub1","13Bean","B",2516.45746483649,245.770016207773,333.524702013871,533.61714932997,2.41870913131224,6.17216399855038,2.27088325689776,0.903239014873017,0,0.00147635793124514,0,0,0,182.768718339004,0.00667185800668115,0,0.0425078979674423,0
"d1","Sub1","13Bean","C",2446.95373088228,229.024095580777,327.237977642307,527.86902262612,2.81038995819421,7.17414097694531,2.45327718435593,0.999776598532999,0.0437900961849638,0,0,0.00222022684684823,0,200.584466018844,0.0159497731806436,0.00525083707593237,0.034023245361696,0
"d2","Sub1","13Bean","A",2933.34971301129,287.055128440655,407.832228614625,762.308557055355,2.67414023685059,6.03735353481024,2.26187009234551,0.798549673387807,0,0.00253926120870154,0,0,0,217.088086182642,0.0021745539127949,0.0010022834398042,0.0535067109305887,0
"d2","Sub1","13Bean","B",2780.09476108212,278.549045724839,353.132607531052,656.15116009035,3.88403392932926,8.67204205934775,3.26462154843322,1.20836495588491,0.290631939857853,0.000918245179463668,0,0.00379802371670658,0.0062745250507284,270.598127283934,0.0124559953043654,0.00260827957193011,0.0429248414642522,0
"d2","Sub1","13Bean","C",3045.00254369675,291.18958606077,387.569054794692,694.620851179301,2.86250348874954,7.64663388878822,2.7771843321074,0.862219055397253,0,0,0,0,0.00328353004743592,241.858285167012,0.0117971851344258,0.00524075622826873,0.0233472352110674,0
"d3","Sub1","13Bean","A",3094.75405967294,305.228931249455,272.941932942824,886.707078037932,2.60754034897091,6.639894088853,2.14464225958842,0.855675164480929,0,0,0,0.00108831991640313,0.00614010069191618,190.45277944207,0,0,0.0259164174803126,0
"d3","Sub1","13Bean","B",2836.51755057154,260.332253821398,238.679146321008,831.432093442344,3.03765379913168,7.7425857961353,2.56691090408715,0.95629426199544,0.0906082774398129,0,0,0.00352911669459745,0,255.439343965641,0.0137488635311327,0.0040464926476581,0.02940953405887,0
"d3","Sub1","13Bean","C",3308.27197662757,305.33970008048,334.003316442928,867.203857237553,3.29896020246728,7.99810743207638,2.74394928182382,0.942324624020857,0.19227270840268,0.00163063009098175,0.00148965498313762,0,0,249.096555090758,0.0148255230868113,0,0.00839772710477273,0
"d0","Sub2","13Bean","A",136.982295910222,60.3766454978936,73.8677761298627,31.4229478026405,3.72599369620622,5.91212986848226,3.17170140086437,2.09933634853931,5.04846788591706,0.000102867436822276,0,0,0.00263754990860285,65.3907336307252,0.00799810251949941,0.00564566764144683,0.0189677339654364,0
"d0","Sub2","13Bean","B",161.64973504013,65.7189527326127,92.0856365951855,34.9304339395209,3.6079762632606,6.28962559523814,3.15429892464229,2.18389920526606,5.51092151618277,0,0,0,0.0016256182534961,64.4491418577215,0.00564017392394765,0.00563605892940217,0.0786056049213944,0
"d0","Sub2","13Bean","C",142.470751308386,64.8150230346416,76.2539786281945,30.0875272001264,3.8101076995922,6.56622250673344,3.4806713313901,2.26431682520635,5.49077011937942,0.00070156132464309,0,0,0.00332708662227389,66.113091059285,0.00793035379004661,0.00664167873153036,0.0265416007973374,0
"d1","Sub2","13Bean","A",2736.33478464247,2365.24516851212,2405.04308032122,162.713190839078,153.868819681667,253.545245978541,175.3359890423,88.735065889708,32.2456912765755,0.00130459468728219,0,0.0044404692381026,0.0636809004763781,0.871334918623175,0.00187531434476511,0.00193938888134753,0.0402471228858464,0
"d1","Sub2","13Bean","B",2896.16137275415,2520.30167135444,3021.05061171466,104.112917560397,128.808982155925,261.810290053894,122.329173319238,68.1655617823933,31.2792305701057,0.00924965998168837,0.00328868378830721,0.00531111024686047,0.0180571188276588,39.1319302323019,0.00294497562811427,0,0.0301012732472133,0
"d1","Sub2","13Bean","C",2541.7852057273,2489.27327523499,2607.99198315262,205.048531713949,77.7183848913578,223.317572285976,67.4178912891748,38.114144656399,29.7886349905623,0.00301647668351844,0.00179100665882059,0.00185613781653391,0.0157581387212883,0.189819841453967,0.00589302775346282,0.00265371775493458,0.021817344032171,0
"d2","Sub2","13Bean","A",2239.44549017542,2959.56798937005,3538.07263818245,3.76136331552631,714.529578615106,695.145128460081,632.873058476216,308.717655702467,79.3817978229573,0.0286217541238453,0.00491946667353296,0.0160488100668696,0.0794735890958565,4.21577769756374,0.00464973111622717,0,0.0275952718481977,0
"d2","Sub2","13Bean","B",3391.32881778477,2874.67912928357,3528.83706685096,137.621910307063,176.614504519929,331.583820468357,168.873638137265,93.3335950725288,34.0563477272881,0.0129440556681742,0.00181663454242376,0.00735886572475144,0.0210167261554498,67.2644786250755,0.00120804447601962,0,0.150978024988604,0
"d2","Sub2","13Bean","C",2409.66979846532,2828.04178827156,3001.40870535592,2.22616007613354,222.518341776832,354.526478331473,238.565998385156,121.781339131553,33.7726231205045,0,0.00165000005547765,0.00172450113933655,0.0551034891791302,1.22054853142198,0.0020550530315124,0,0.0172803476401851,0
"d3","Sub2","13Bean","A",705.452989737689,2456.43085214186,3403.86184045845,10.6258110929526,948.88404724858,1063.83338807146,698.879508856923,340.586272001438,51.2657942028098,0.0158780840448198,0.0147000894425432,0.00898515949250931,0.102931295330655,3.27693190851143,0.00207655467253777,0.00248881549998995,0.0536712993585421,0
"d3","Sub2","13Bean","B",3470.65887141995,2938.28683957331,2708.44778649609,254.318054871469,204.523075702658,372.661236927352,203.609094283039,91.6400357586188,44.4941820772212,0.0330307467013936,0.0113199269944388,0.0107518588715859,0.025345592911623,141.828513807279,0.00271183424385797,0,0.0127318154390214,0
"d3","Sub2","13Bean","C",2326.56742025906,3458.26888517456,3591.61678991542,5.15783090477889,370.273635776693,774.614430184061,365.867293582683,180.529029267623,62.3279919296363,0.0832039255281371,0.00449550425754473,0.0148614400634622,0.0868464511050624,3.7221906427823,0.00126523842040827,0,0.111641429793105,0
"d0","Sub3","13Bean","A",195.355296525492,68.6700713597153,84.9364099994864,45.2434330382021,2.04147883716739,4.17155114463294,1.52610264566135,0.898695930555569,2.07590302931453,0,0.00125329242754391,0,0.00837048383752482,72.0540181715366,0.00152123174157544,0.00484708058915953,0.0828459764206997,0
"d0","Sub3","13Bean","B",194.734401921411,73.7710956269582,80.8070425381655,49.8993677626124,1.85524981252583,3.85591946980535,1.40996520865778,0.79810896913663,1.76928421481205,0,0,0,0.00761890138520274,64.0266932319155,0.00347343694895351,0.0051381594503687,0.0641256422870135,0
"d0","Sub3","13Bean","C",195.752301465758,75.2866669270735,89.1308180547325,52.9366991998036,1.94802987477572,4.69236764451714,1.80797085861688,0.963407650481639,1.98896033369289,0,0,0,0.00847661918508944,55.8457243511086,0.00348461285273791,0.00422372747926298,0.0746215462475386,0
"d1","Sub3","13Bean","A",3491.94366478563,1220.68116612147,457.705622146563,443.470295391422,20.4911950763124,6.65781105559853,29.7139053362112,18.7568800829028,2.67698293529405,0.00508563829852177,0.00233000137644363,0.00203745069498419,0.422140999043775,242.740589723839,0.0113714990255921,0,0.116206693548788,0
"d1","Sub3","13Bean","B",3662.52245206427,1583.02600242385,633.397893090038,323.136787172816,45.0327365224018,12.0542755801734,60.9135094266275,35.9400973703686,2.63283926814636,0.00515852748290458,0.00375959538105614,0.00694623620978559,1.52320509002587,427.520052011514,0.0075637460820292,0,0.123703428452491,0
"d1","Sub3","13Bean","C",4127.39389115038,1685.03654583107,1184.66244495197,217.707427334597,55.9209713886439,6.6688092293475,101.286002173697,66.231222894411,3.40056589399123,0,0,0.00332659784427241,2.95205756728897,292.339804391981,0.322113176314242,0,0.230411379849457,0
"d2","Sub3","13Bean","A",4028.29380083673,1552.55858024313,447.058866377625,729.268140176019,40.1606792831538,15.1338005080752,56.3221756593656,30.3590315178813,5.88792078792881,0.00457740062284832,0,0.00451167587176532,0.363996469668817,526.36357664387,0.0188033313885501,0.00159767382562702,0.0904563568430912,0
"d2","Sub3","13Bean","B",5075.74934292876,2138.58523311665,696.43142611095,902.780942804531,66.9815939779302,22.3087286512816,94.9632914958422,50.3678914537621,8.75405536372677,0.000383858878285747,0.00291925481938693,0,2.18282564912746,768.55719228821,0.00983914776376542,0,0.1374910630809,0
"d2","Sub3","13Bean","C",4761.00123826088,2594.62919205061,900.479825719514,253.608351888644,216.18897092258,45.1237740251267,276.022540236229,133.414007887648,14.4074448741503,0.0121214968112173,0.00442543579500775,0.00172808482854735,10.4109068371147,1323.5181412996,0.238762267074241,0,0.148894606441776,0
"d3","Sub3","13Bean","A",4793.85838241973,1898.55330456948,391.078844644056,1197.7697827483,83.0401486000749,27.6183847914599,94.1450183779496,47.3387459841676,11.9889616676356,0.00710846569371399,0.00244114019580099,0.00246306980775794,1.56679555757927,951.281492991865,0.00510157529080047,0.00572321010788819,0.0640732527638563,0
"d3","Sub3","13Bean","B",4751.48698425224,1855.55802133928,378.182958992289,1031.90886952055,79.289990428898,27.8868337085726,112.248895131857,51.1959901533799,10.2169537402139,0.00135986339969416,0.00273257213964004,0.00632961082510557,2.71767271567257,940.53886989674,0.00393928390054388,0.00115703438608575,0.0150023171078773,0
"d3","Sub3","13Bean","C",4934.77752126223,2757.07079446225,681.30151264399,540.484145366382,164.025773703006,31.3652130014915,191.014348759447,107.013372787058,9.43728874340954,0.00120801400801683,0,0.00427986899507974,7.31421700390894,812.113847523095,0.325665937781808,0.00155851235749155,0.139993672286013,0
"d0","Sub4","13Bean","A",163.192675804858,100.831474355167,105.089654508374,41.7791806079246,2.33415557994938,5.37536706589636,2.42511108613307,1.28344458153185,0,0,0,0,0.00266434336754635,59.2994639608548,0.00450923558954081,0.00404861452950582,0.0738681915687831,0
"d0","Sub4","13Bean","B",137.601549638259,92.6555451115307,88.8736303654508,39.6577808313483,2.19429135949182,5.07528889755656,1.81865080396633,1.24836855846199,0,0.00020335945531164,0,0.00260926814048065,0.0033072948321622,61.0522338532439,0.0114680908920981,0.00316480699929259,0.0772079828642397,0
"d0","Sub4","13Bean","C",130.412335212395,92.3273321892218,93.8421166520752,32.5670109000237,2.4347814044899,5.35269389164572,2.10747231696966,1.35641934472546,0,0.00253161363184721,0,0,0,53.3615500393179,0.0141503093647447,0.00361992057629062,0.0435029251366862,0
"d1","Sub4","13Bean","A",4447.37278417005,2073.05311311131,1979.2606197228,3.60057784706577,59.9235248996855,97.5835552342017,60.3411334772214,41.3972377473048,4.5961619479902,0.0101914897102313,0,0.00416003096620528,6.34572709683252,845.110535018878,0.186809220481621,0,0.234125368422622,0
"d1","Sub4","13Bean","B",4767.84889191586,2078.53416267295,2033.00654692564,2.2749235912355,44.8758069260958,82.6715830765995,46.7793762842339,29.5963822497219,3.96239813001215,0.00427785358520308,0,0.00255530262704906,5.0695928583998,659.295459062448,0.203670569159138,0.00134414319583626,0.186111816541225,0
"d1","Sub4","13Bean","C",4200.7745780975,1915.57739231787,1771.54957723113,2.32594042559044,52.3190404365491,100.12397917434,53.3929938314957,33.3901416031998,5.54038748004102,0.000816424662094082,0.00849726068308705,0.00213269397368673,5.82829647103446,818.726234898846,0.200378546547992,0,0.0899394536591912,0
"d2","Sub4","13Bean","A",4953.26104141014,2757.27314480981,2561.20971281817,224.472558475291,85.234277132664,141.015224063828,97.807753020359,58.6640237783008,6.65645115163285,0.00272790283459282,0.00161966845892294,0.00425170895246751,9.10354061417278,1379.61061112387,0.221407737736766,0,0.186178202873574,0
"d2","Sub4","13Bean","B",5325.71397048947,2730.72575777181,2461.28607082596,210.209967281773,89.6180469885351,164.630089467459,86.7395369516254,44.810496387896,7.74994832474376,0.0236534224918539,0.0079793044344231,0.00763322156563288,9.45609878528003,1605.2731239973,0.222426180857176,0.00127985533050722,0.175527283961019,0
"d2","Sub4","13Bean","C",5448.43859439356,2641.66886227456,2655.73075600556,160.223767680206,91.9001666070573,166.84394424393,95.9892357816166,57.9718731886331,9.92473620766476,0.00342601825108254,0.0146418744409613,0.00208314138073555,9.39907473689246,1279.92601805347,0.228984237236607,0,0.126100643322423,0
"d3","Sub4","13Bean","A",4949.31610618643,2491.46130993765,1673.25759394752,380.519460432132,68.520306752257,95.6916820854929,67.2818599234025,40.5860577998139,4.64326797028449,0.00999966885065788,0.00240972891313602,0.00572683040794587,6.73425650843157,885.305190522598,0.229354218748956,0,0.0235521522233786,0
"d3","Sub4","13Bean","B",4844.64525173139,2493.90206567034,1693.04528301668,399.782349749171,100.46758763102,162.516746600257,76.3171509308185,46.8354551644619,9.41886585248857,0.00475578239191839,0.0107066289113728,0.00649976347851995,11.508961964546,1763.76088319908,0.180687221414755,0,0.166112154094091,0
"d3","Sub4","13Bean","C",5038.51845895395,2461.77423551965,1875.87379510082,263.437246418076,69.6582735329162,130.437553087645,78.0820634924408,46.3660039615363,6.64758408511531,0.00219206121951475,0.00614006781422703,0.00365768887683138,7.45697982661571,993.440408004475,0.222003651373072,0,0.0216734114323044,0
"d0","Sub5","13Bean","A",107.761897040162,40.4484957073527,25.4236491106146,29.7015213691698,4.28759458731089,4.17029611954679,4.07347133789739,2.28597688925505,0.459407580128801,0.000930731389139627,0,0,0.00646911183568795,86.4889059960589,0.0011121279785571,0.002152313774239,0.0596693838778098,0
"d0","Sub5","13Bean","B",93.7953513207799,37.5027812804398,21.3622975326514,25.2746610633668,3.57288828553898,2.8429580578686,3.24903466506438,1.85736960232407,0.18604330665083,0,0,0,0.0056839039632102,72.865241537857,0,0.00704114725917996,0.0535952971747052,0
"d0","Sub5","13Bean","C",94.9309879151982,38.7161289025379,22.4156308753167,28.339102040223,3.61988721277212,3.14237441749631,2.86083330613109,1.7640666603469,0.288369052847917,0,0,0,0.00136941188878872,63.6216463040998,0,0.00649659873803374,0.0282536415466582,0
"d1","Sub5","13Bean","A",3655.94240145143,210.749473673389,62.5807956311316,566.814645463355,8.45679610621336,6.27739744855938,6.67146904791432,3.67484094237494,1.51401731500033,0.000964043642576278,0.00113577602268326,0,0.0724530849417525,312.587631909435,0.00121661838788565,0.00480169018532464,0.0222360466901073,0
"d1","Sub5","13Bean","B",3748.59902393642,240.477799610214,64.9045835219029,630.501733291148,7.07243127232113,5.05919264526054,5.0763775409777,2.85584162826845,1.0352934222993,0,0,0,0.0272343102446228,227.640021170601,0.00378407821947934,0.00308109354496598,0.00588435777648479,0
"d1","Sub5","13Bean","C",3616.85279722318,218.524036302809,71.2312366123029,635.098099010784,4.87457215703115,3.81327739573128,4.32525143027155,2.07159037230423,0.516355849356974,0.000256725779257231,0,0,0.043848427023546,176.899840459841,0.00230704364279605,0.00763069500922034,0.0407757479401347,0
"d2","Sub5","13Bean","A",3604.92446927868,200.349730467142,40.6653460234799,599.416821475863,5.16881732466881,3.84279839290235,4.11038080163299,2.05460991596168,0,0.00151844632875982,0,0,0.0291148629563977,204.933084006565,0,0.00101155048853877,0.0659279223210848,0
"d2","Sub5","13Bean","B",4217.84917322053,285.827869261427,61.5487576813012,802.301378404076,11.5719163490326,9.04322710426444,9.09828629645226,3.8146378966581,2.87723524771081,0.000970881623826507,0.00227066308226505,0.00230392094357681,0.0868892680853269,481.26342449278,0,0,0.0517823484330661,0
"d2","Sub5","13Bean","C",3690.51730212536,221.820403188833,48.4435455441452,656.239699191012,9.54964836355284,7.38447723522872,7.41255951459571,3.060756708103,1.98226319880351,0,0,0.00396293853026654,0.036995950974236,376.100656806689,0.00201230745589059,0.0033981652221299,0.0375253671481922,0
"d3","Sub5","13Bean","A",3080.48871743685,177.478962947019,18.0071682639689,616.578151780668,4.16676634221257,2.43806864395334,3.04632212301496,1.545751878569,0.357203871523817,0.00283195236480991,0,0,0.0268569101936621,127.579011255474,0.00123055182226563,0.00170830152160617,0.00962172014803594,0
"d3","Sub5","13Bean","B",3367.72074859889,240.425642751689,38.1131832507084,853.686371815185,5.50052407612119,4.15679093767427,4.47891199663995,2.21038381821831,0.796080109693647,0,0,0,0.0389735598474952,206.268686803259,0.00135346362099649,0.00490947513054373,0.00312994805663403,0
"d3","Sub5","13Bean","C",3296.77510595751,208.795305277441,34.1597466052291,767.623251976882,4.85649159059072,3.17511995434363,3.76045633663659,1.7805748076821,0.751025349863314,0,0,0,0.0164829737934023,155.457684884928,0.00265107155512559,0.00107040098365648,0.0254996215856157,0
"d0","NoSub","ctl-m","A",99.7916745615745,8.60940795874669,15.490152042517,67.8941780736934,0,0,0,0,0.397865445257757,0,0,0,0,0,0,0,0.00748537507418007,0
"d0","NoSub","ctl-m","B",77.6228828517894,11.0458072783572,21.9702426504991,73.223394544725,0,0,0,0,0.142000306433254,0,0,0,0,0,0,0,0.0145866159600888,0
"d0","NoSub","ctl-m","C",63.6379891491611,9.54114545163187,14.7835448640903,68.8931357511567,0,0,0,0,0,0,0,0,0,0.0606228471080138,0,0,0.0214718165873992,0
"d1","NoSub","ctl-m","A",55.8300863713826,40.6661634810725,59.7355862187608,130.787443754668,0,0,0,0,0,0,0,0,0,0,0,0,0.00400239093228557,0
"d1","NoSub","ctl-m","B",62.0046091277476,42.9254130050548,59.7871411089871,134.065932174992,0,0.0684994894494617,0,0,0,0,0,0,0,0,0,0,0.0110343814179251,0
"d1","NoSub","ctl-m","C",69.8108202869307,31.5570432055911,39.6694288229795,137.993330524299,0,0,0,0,0,0,0,0,0,0.0368485739277436,0,0,0.00316989361837017,0
"d2","NoSub","ctl-m","A",282.483555800644,43.7483067541914,47.158810600298,153.637513500573,0,0.0724695212341394,0,0,0,0,0,0,0,0.212605727753264,0,0,0.0213142586746518,0
"d2","NoSub","ctl-m","B",220.516912524951,29.044190524294,29.6433751392681,136.344104821991,0,0,0,0,0,0,0,0,0,0.0449931098201634,0,0,0.0121699819195259,0
"d2","NoSub","ctl-m","C",244.054621045128,18.503608023364,15.3343057839493,174.473503190248,0,0,0,0,0,0,0,0,0,0.113471070675552,0,0,0.0182268883056285,0
"d3","NoSub","ctl-m","A",282.181403142346,15.9195844657199,9.49221252443235,213.396718255763,0,0,0,0,0,0,0,0,0,0,0,0,0.00509397751773022,0
"d3","NoSub","ctl-m","B",330.568855938794,41.1672158107807,12.6583220195758,208.395497749331,0,0,0,0,0,0,0,0,0,0.0951091055385753,0,0,0.0220119942782596,0
"d3","NoSub","ctl-m","C",275.781523517863,41.4711408205238,16.8336969936486,164.39808474657,0,0,0,0,0,0,0,0,0,0.25754616181837,0,0,0,0
"d0","NoSub","Flax","A",878.79990532309,23.4071431338752,24.1076613894742,324.979828649984,0,0,0,0,1.53864579952478,0,0,0,0.00673962763784525,22.8672142515588,0.00496778506443815,0.0666800260375454,0.265154352878731,0
"d0","NoSub","Flax","B",1174.98319416154,24.5831793415903,23.5879291843365,393.067894892317,0,0,0,0,1.46282329458522,0,0,0,0,23.4704839505773,0,0.111334712310347,0.277757674874237,0
"d0","NoSub","Flax","C",1017.97918492789,21.0204253102991,22.4928023823162,358.093283690529,0,0,0,0,1.55753561909825,0,0,0,0.00751242607272971,23.4596073151186,0.0293675779820636,0.283511926948908,0.337902325543659,0
"d1","NoSub","Flax","A",1019.20340058956,64.9739837746666,31.7402855730839,500.750830817984,0.0598678218273683,0.0601198955041692,0,0,1.24284134730435,0,0,0,0.00703053188605462,50.4322614325432,0.00498425710391532,0.0428456594848011,0.0870751002755427,0
"d1","NoSub","Flax","B",980.860210033456,59.4011299328532,35.17426995063,432.50875441905,0.0611019954725932,0,0,0,0.985113956285426,0,0,0,0.00605013543278266,45.2089922766728,0.00899966852914458,0.0707279009787932,0.0919352069611148,0
"d1","NoSub","Flax","C",956.985494457839,29.7134461626438,26.1138384627373,431.372570523647,0,0,0,0,1.21361980398074,0,0,0,0.00507688126732113,27.5850352664848,0.0209925258145898,0.201518005504043,0.250949226788395,0
"d2","NoSub","Flax","A",1311.17534509383,25.7543995455364,19.8719010211881,520.442974430084,0,0,0,0,1.18165495387054,0,0,0,0.00744826036775648,26.8379960623994,0.0271697935882333,0.217407098787627,0.26703989596805,0
"d2","NoSub","Flax","B",821.451053817513,22.6733582573013,15.2148595144561,401.150606964861,0,0,0,0,0.756477751103383,0,0,0,0,23.3119308128005,0.0173954076441453,0.121382434844642,0.236243160110066,0
"d2","NoSub","Flax","C",748.909750624823,23.8342943062164,18.1404935714068,415.993735059109,0,0,0,0,1.05056593096901,0,0,0,0,32.6247895891968,0.0114808092655965,0.0958923493678043,0.183364598339042,0
"d3","NoSub","Flax","A",1269.11407662167,28.43297974557,10.7476482582366,544.565164403682,0,0,0,0,0.976141304400111,0,0,0,0.00639696108641298,21.0485196463763,0,0.0568972576279715,0.237861087997899,0
"d3","NoSub","Flax","B",1421.77976326787,20.786328090454,6.98793081896497,549.134037171426,0,0,0,0,1.26463044194715,0,0,0,0.00680191157868058,19.9796746717451,0.0267565982768014,0.186593074145445,0.254731274827643,0
"d3","NoSub","Flax","C",1419.05226183905,27.2357247507719,13.4607143015544,561.216866235006,0,0,0,0,1.07725530988642,0,0,0,0.00615176963628847,21.9907105842731,0.00542811797631234,0.219950632590611,0.336967682961199,0
"d0","Sub1","Flax","A",1401.53978953185,655.716274690885,430.011633832562,281.562065915714,0.283822706799354,1.43428065751849,0.286864209701151,0,1.33508888375082,0,0,0,0.00792463793975318,17.1690483785768,0.0262925869133472,0.154900538472758,0.346734758930328,0
"d0","Sub1","Flax","B",2024.84818493774,770.194250990951,456.236045498974,380.544116475892,0.402491760518485,1.60204728931761,0.374897871123344,0.088807994119527,1.49853860752327,0,0,0,0.00689941529502885,22.8799632418028,0.0317817112947928,0.0984835831785397,0.333992764557969,0
"d0","Sub1","Flax","C",1883.50251457301,589.106023083001,395.906778484016,309.193492372763,0.26279127213296,1.47482504804699,0.204808540075988,0,1.44004062032438,0,0,0,0.00909657091116023,18.4173354886935,0.065867878421097,0.205133906470221,0.313687389317881,0
"d1","Sub1","Flax","A",15536.6879879074,715.15994030911,1046.43881270865,998.054321959631,0.322909007228405,1.55598408041133,0.265988699039336,0,1.19486325533659,0,0,0,0.0089391307371295,42.104993830341,0.0337053136782034,0.143161492512099,0.293601242208377,0
"d1","Sub1","Flax","B",20407.8633205402,675.648433744608,923.817178719517,745.745872766334,0.325613211421073,1.38345274795072,0.232866908928792,0,1.30554842427706,0,0,0,0.00849747839788738,41.6539799923158,0.0474439805251096,0.162689514534278,0.269822348965441,0
"d1","Sub1","Flax","C",16849.3591545401,719.239963685113,1034.51038070175,953.505038010325,0.369302933549301,1.53013169685225,0.244348646246811,0,1.14747205774829,0,0,0,0.00931498763716974,43.5229265027701,0.0412166865322751,0.141814473834922,0.178341735821267,0
"d2","Sub1","Flax","A",24502.409661109,637.961083154339,913.082935042613,2977.92071022301,0.701925936032126,2.36271169923979,0.547063471069966,0.173167534432178,2.45545218060196,0,0,0,0.0195932341764737,84.6043993041859,0.0427154504220715,0.290752601161729,0.376858127989137,0
"d2","Sub1","Flax","B",16818.0221121904,573.728563451024,734.025809189202,6181.89034596697,0.319431854496343,1.17962088577061,0.179013180628215,0,1.32378330597607,0,0,0,0.0118243151105514,38.1503974331082,0.0543438917213082,0.180916339102671,0.333723568977057,0
"d2","Sub1","Flax","C",25087.1567534566,643.894200367168,863.79004927721,5801.96319725301,0.397894330292202,1.7038248632854,0.324645002476,0,2.02042836423974,0,0,0,0.0127815028352204,54.7081377437308,0.0586741107943054,0.328245437750828,0.52253686113337,0
"d3","Sub1","Flax","A",37068.1786156474,1170.77545901325,1056.86196061681,2509.69160404804,0.849266832249671,3.16482946126675,0.663591124997029,0.287471173202689,1.23913386969417,0,0,0,0.00904396486740807,90.0974823516809,0.0218837054649762,0.100823294755893,0.178892436408833,0
"d3","Sub1","Flax","B",33525.0486416721,832.429509598397,771.838781518063,9059.6138175913,0.626989154010633,2.40417585993024,0.47382569920133,0.15108608512641,1.72300260713781,0,0,0,0.0135694252951776,79.6335961936041,0.0292501172860181,0.148041576467211,0.191062834720576,0
"d3","Sub1","Flax","C",26557.2251994793,738.698800215212,815.283036733839,6489.84910470272,0.861442957977991,3.04483906305822,0.681099454611301,0.226203664344836,2.4401251691369,0,0,0,0.0188443684456762,94.7404609476969,0.0639471122442117,0.201343300634403,0.24261569943465,0
"d0","Sub2","Flax","A",1555.86385863743,232.546938201813,291.900349991974,294.055171257845,0.740095368544351,1.73294146732029,0.58447474494154,0.51582934648657,6.51334468291437,0,0,0,0.00751980630889971,19.2678809751311,0.0521180091539209,0.268802939943894,0.378655749890826,0
"d0","Sub2","Flax","B",1545.97987335482,230.94333493215,329.997296840041,289.075283594087,0.822427664906987,2.09938489900874,0.686236707567024,0.645843795585894,6.81733321645923,0,0,0,0.00707998981817838,21.5650440220324,0.0315888832397062,0.162030582674154,0.386618339374245,0
"d0","Sub2","Flax","C",1510.41003430609,255.741974278924,308.612918437146,232.339647951665,0.873470818623434,2.19172989275717,0.777076762164493,0.676735391863166,7.2080532471041,0,0,0,0,22.1261088050137,0.036426908528903,0.125321756799955,0.262494200650635,0
"d1","Sub2","Flax","A",18857.0220576861,6013.8280964992,6126.91827966821,559.863085031953,5.38400264746485,11.863101809871,6.68782624755602,4.58436245299768,4.58685418762276,0,0,0,0.0102724003388926,0,0.0341701472561763,0.144280621972493,0.302491484306427,0
"d1","Sub2","Flax","B",17762.5522156012,5756.60694738531,6912.33661389645,401.806327092244,4.44708450642558,12.1345593309371,4.55551500517014,3.43663550161255,4.34197226776172,0,0,0,0.0091187183660917,1.51172891535917,0.0303790395643401,0.120948178948227,0.236436232468469,0
"d1","Sub2","Flax","C",20225.7802368073,6628.43893889,6957.21010419623,502.045040631237,3.93194499841206,15.2302666906255,3.6497793396499,2.78685814427403,5.27487520825904,0,0,0,0.010989083240085,0,0.0152719111237806,0.142946889936998,0.250885670743816,0
"d2","Sub2","Flax","A",32451.6512160819,4994.12656101047,5981.1264726884,286.983595240699,22.2686699189072,28.6635708043168,21.666504908596,14.45116177561,13.3175069794633,0,0,0,0.0330580696958271,0,0.0320651763219192,0.145134433923752,0.346145626068548,0
"d2","Sub2","Flax","B",32758.0926681647,5931.70417160367,7293.62483213927,376.618943159179,13.8148379714143,34.4331971408308,14.4816408315675,10.9473278672824,13.5024417694735,0,0,0,0.0403672825367435,6.78912089189656,0.012364358679594,0.163776796837992,0.415723753228874,0
"d2","Sub2","Flax","C",34748.5200605058,6681.36302898327,7103.36579246209,393.994200823361,13.0380312164584,27.5744892462582,15.3427548214831,10.698270479813,10.8987294405448,0,0,0,0.0295844593710508,0,0.0294405624060403,0.114035221067152,0.356808534906822,0
"d3","Sub2","Flax","A",33037.4390002611,8962.71832456761,12436.0465594787,733.3854029228,120.014534260821,177.760402014272,97.4924768100584,65.2202211150125,21.3304582094455,0,0,0,0.0667627116814729,0.382238159816883,0.00711452514541312,0.0881002957476013,0.169780679869362,0
"d3","Sub2","Flax","B",31312.5764253503,5198.21769576122,4801.5112865381,648.649250785367,39.8164423818661,95.9942564602979,43.6772706351129,26.9397848691399,30.5604816804915,0,0,0,0.0932331513242139,36.7106575802737,0,0.0833189051045048,0.444323013891426,0
"d3","Sub2","Flax","C",33114.4664561898,6970.27241629986,7251.22978135795,977.411978613728,25.1658516729067,69.7258878950365,27.3583901955137,18.481572127451,18.4376759269263,0,0,0,0.0683742071879789,0.069687943673898,0.00886089147663951,0.139276693105007,0.357843216014315,0
"d0","Sub3","Flax","A",1916.01024644502,286.963636133316,362.499670778988,408.6864776412,0.428575009940132,1.39617244700634,0.234172017037586,0.155520952215924,3.47100144201311,0,0,0,0.0134325531904959,24.1005695021767,0.0224128553353247,0.110922677625194,0.326485476813589,0
"d0","Sub3","Flax","B",2202.15296687831,286.362024415654,321.842443843578,551.644053029965,0.388582559500895,1.31074238833405,0.20783655412204,0.121894194087792,3.40531029923102,0,0,0,0.0131759535184099,21.7269288649576,0.0259670472327673,0.129415948250102,0.303188216732338,0
"d0","Sub3","Flax","C",NA,NA,NA,NA,NA,NA,NA,NA,NA,NA,NA,NA,NA,NA,NA,NA,NA,0
"d1","Sub3","Flax","A",18875.6307694159,3491.42542694811,1319.42901978083,3220.37530422562,3.04322041959206,1.32011294301501,4.81975078053474,4.15469538898274,2.75872611870039,0,0,0,0.00989953778260669,49.2107688612256,0,0.192884500564426,0.294516075102469,0
"d1","Sub3","Flax","B",21115.9546434998,4357.83017255482,1753.90950459205,4630.99447340427,3.55552566563656,1.23935914283467,5.24742628861021,4.21425300498442,2.70132069054229,0,0,0,0.0113882066784789,45.8181805892363,0.00439786349896625,0.151990854579637,0.251002785313699,0
"d1","Sub3","Flax","C",21120.2879217644,4449.05216991823,3138.23047236084,4476.09653776304,11.2760520102652,1.78333602040478,22.5363704490955,20.2318392655735,4.69949528603758,0,0,0,0.0178647024626139,78.8855149308856,0.00425389420038929,0.190900597521477,0.225042341870762,0
"d2","Sub3","Flax","A",32010.1992123462,2843.04856326292,825.541755684998,1566.71923894693,3.64132865468113,1.81244169641979,5.58107466162079,4.07962456938058,4.48150858802113,0,0,0,0.0196463683945832,64.8477610153066,0,0.238543012167471,0.471393954099626,0
"d2","Sub3","Flax","B",32695.7400950332,3301.20149738677,1081.24316632642,2385.23960798229,3.85162328826718,1.67731098292728,5.97364459037861,4.29547077876407,3.84884047698258,0,0,0,0.0234975209533525,59.9288561854736,0.0156268719239791,0.230610825777795,0.398477489164429,0
"d2","Sub3","Flax","C",31658.8294845975,4226.27179989466,1473.54576440895,2474.10953221018,4.75616324964565,1.26527916873855,6.63366442852384,4.33199802395059,2.9674011530726,0,0,0,0.0130734000759967,39.1592780523977,0.0223528132418201,0.175660260694503,0.31753761387793,0
"d3","Sub3","Flax","A",33475.7532856086,3135.66107753929,652.062515977587,518.254142735841,10.3673503359147,4.55897469821009,12.894179669599,8.84648964814513,8.98350406406365,0,0,0,0.0502295058742671,159.034923291192,0,0.232991315246893,0.475528988784711,0
"d3","Sub3","Flax","B",28294.6733253175,3639.99550019287,749.159500882458,412.066879190862,35.7964789918279,16.7421969149467,55.907878844786,34.9830252413122,20.0088647136074,0,0,0,0.121515772111488,565.597554019288,0,0.114454282730311,0.414224081896326,0
"d3","Sub3","Flax","C",30406.6286689133,5745.62988894931,1428.02905021058,531.205833090158,61.3338522159281,15.562246748009,78.8020452942319,60.6295219996054,18.6838202127154,0,0,0,0.10041999650397,404.181351266575,0.00579385323076746,0.10337644449116,0.373193980276011,0
"d0","Sub4","Flax","A",1799.1892989141,430.098437077501,457.278508529017,464.393492236157,0.532140082150808,1.88878974359517,0.518493802595704,0.328166617616339,1.21262623724963,0,0,0,0.00834350817161421,20.8455398980095,0.0528290808743082,0.110641613635524,0.300154603633239,0
"d0","Sub4","Flax","B",1772.16533763978,403.437194670569,396.604324214734,509.692702495915,0.475082318262387,1.72134842751557,0.322950684951862,0.296121123546336,1.05439163940236,0,0,0,0.0059922955259677,20.7231986454722,0.0403616502536967,0.0878223754259181,0.267025174181489,0
"d0","Sub4","Flax","C",1756.21710008102,430.150397736996,446.833062676198,378.594833881919,0.544778697399143,1.8396253858395,0.412424835576759,0.345244861898246,0.997736034033427,0,0,0,0,18.3619387465341,0.0511023571001467,0.189630086188229,0.275518525865679,0
"d1","Sub4","Flax","A",15845.7915914736,3803.95573400697,3640.89158536997,1483.59621464744,4.25647515563677,9.30681038759308,4.6323549960639,4.35419898886092,3.05844924305067,0,0,0,0.018438287235733,81.3149684143353,0.0507545182595061,0.174057017844112,0.290482627202342,0
"d1","Sub4","Flax","B",17142.7167995401,4126.85970271299,4046.02681300299,1332.61027433595,2.2314492781989,5.60594275481504,2.47096094077297,2.11932149374068,1.41874040307115,0,0,0,0.00608437907188144,45.1881562811689,0.0405449176683223,0.127407049264605,0.298787412807155,0
"d1","Sub4","Flax","C",17750.3490821452,4075.86211743293,3778.9873886192,1192.5610816407,1.99047191343603,5.21473633482872,2.14266154346859,1.80983961821827,1.38114624677511,0,0,0,0.00527749495061034,43.139311038784,0,0.109391495568315,0.228594144204126,0
"d2","Sub4","Flax","A",30605.9694637898,4239.08679190535,3946.53229517691,266.924663188927,4.28323429599822,9.51002167897026,5.34162124829065,4.36404533753048,1.91649700855248,0,0,0,0,93.9355139155588,0.0452145811800154,0.125419301677159,0.156099992473988,0
"d2","Sub4","Flax","B",31165.8921072311,4457.27075969881,4026.54286916779,427.602611005146,3.31565820496274,8.21692862688887,3.43755804713582,2.37693064199211,1.81799618487527,0,0,0,0.0241186998926164,80.9605875765434,0.0478922195663559,0.1245585020569,0.454968358076855,0
"d2","Sub4","Flax","C",25906.9004528807,3751.78365479053,3780.39654859696,407.350426254363,3.57017985378491,8.73031264026678,4.02019607043046,3.29865952497933,2.89410450100883,0,0,0,0.0256247589563298,67.5880633870662,0.03181315066357,0.160647317118819,0.447658225587172,0
"d3","Sub4","Flax","A",32469.9269123541,5418.57136282408,3648.93751326422,117.60669448854,14.988768786007,27.798296656734,16.1551413783211,13.3599287587581,4.28320708083902,0,0,0,0.0809170303881251,258.758620667278,0,0.0851894089121542,0.372897561999793,0
"d3","Sub4","Flax","B",34682.2086575279,4839.15216362368,3294.22350637367,153.254453653723,9.39034463732808,20.2139801119578,7.75096275328051,6.5034756142973,3.8955344022287,0,0,0,0,221.020328602142,0.0342138032465218,0.051721962737337,0.353442483601775,0
"d3","Sub4","Flax","C",34154.2801227079,5477.9837583494,4184.49677634437,78.6981031829768,12.7897228208147,31.8291131448267,15.7463722321622,12.813587460546,4.07347543310868,0,0,0,0.0521736253691201,243.945835940592,0.0302064021233066,0.0767664648583603,0.293873897418061,0
"d0","Sub5","Flax","A",1319.30790280632,146.182406686771,101.819023247129,390.070799165241,0.685225406739052,0.980661537178791,0.615631701511738,0.430538005832801,1.43125272177567,0,0,0,0.00824036536281281,20.6870984207239,0,0.221503253612788,0.369508184606289,0
"d0","Sub5","Flax","B",1359.64218259055,145.79146138636,93.85119018842,436.418759737495,0.7292840477627,0.860023345744897,0.626934555743442,0.453085839599307,1.9449016866479,0,0,0,0.00827650043487468,22.0969521737867,0.00636836745275927,0.142410610399145,0.322716772000874,0
"d0","Sub5","Flax","C",1580.40595774607,162.44794324413,105.511944865408,422.323714132996,0.815520924952732,1.0427208570313,0.595997131162782,0.478166485772045,1.95133200216761,0,0,0,0.00973672708268734,21.057506213563,0.0337623651411227,0.22818081293681,0.29884705125548,0
"d1","Sub5","Flax","A",19280.8458882191,522.076212241599,163.373898908522,1274.34545145785,0.802262482411161,0.837209336004739,0.57600935064793,0.385660548993082,1.57654841003096,0,0,0,0.0118234924479564,43.8563497404749,0.0226613086763565,0.144480590306794,0.318302574617094,0
"d1","Sub5","Flax","B",18760.9994094413,533.54971252779,151.574197290427,812.506889124527,0.833664797518842,0.842530189772981,0.531801154521428,0.36516540204033,1.93780674708538,0,0,0,0.0102712310869572,39.4714663253441,0.00606441104353287,0.214342209966204,0.345385545815038,0
"d1","Sub5","Flax","C",22078.7422017226,555.066162627041,189.43390899491,991.88894840794,0.860427780422897,0.971037843332206,0.734199062115188,0.417483893649769,2.103283427869,0,0,0,0.0128301978563682,45.7007288634207,0.00458918752443182,0.160755420081683,0.227119187194112,0
"d2","Sub5","Flax","A",29304.0350408703,612.487987832653,134.77691284766,3475.65389128898,2.49179729944116,2.61431369365244,2.08504253852603,1.38777506284434,4.49215036955047,0,0,0,0.0218890935360121,135.22981029538,0,0.146467079314862,0.241101238234588,0
"d2","Sub5","Flax","B",24151.0438536926,693.301403297652,157.632402544046,5131.45207026399,1.12530366192958,1.21676712801809,0.853848132299077,0.404374875347948,2.18406476438701,0,0,0,0.0141104164737866,67.2205478956006,0.00723625077566401,0.094505689993319,0.201124284751762,0
"d2","Sub5","Flax","C",23404.6690555626,553.309305312765,129.371675229453,5283.67321460335,1.03362191248612,1.11370876653703,0.762379616468105,0.344052003776722,2.05653597319109,0,0,0,0.0138426005482587,58.8221503091011,0.0183781989516428,0.139261899288955,0.244522252423216,0
"d3","Sub5","Flax","A",23087.038608844,422.050789410073,51.0992641016892,1350.83483164146,9.85667773416677,8.35623001508738,7.95016911213257,5.59548288204693,20.3648908054359,0,0,0,0.173398390901045,401.811810045528,0.0253433266643182,0.116744287877287,0.445702545440078,0
"d3","Sub5","Flax","B",23993.8933873265,523.986243266691,90.5914550996054,3705.98269935658,2.96349222928138,3.14292242298946,2.56563561595568,1.69702425122945,6.42013706795207,0,0,0,0.0337462488969323,151.32215178708,0,0.140436086072952,0.180852396721206,0
"d3","Sub5","Flax","C",25909.0615556375,472.09745833701,85.0344168890987,5533.05357667608,1.49328521459457,1.39635988223434,1.16346082166729,0.697095916945733,3.41085474238112,0,0,0,0.0235632619895647,67.0399235079647,0.00872474217638216,0.184676737487865,0.262206082615015,0
"d0","NoSub","ctl-m","A",0,0.691671453472747,0.345407746797611,14.1166177686604,0,0.0392036474154979,0,0,0,0,0.000212468425272991,0,0,0,0,0.000700929006060532,0.0092678127470109,0
"d0","NoSub","ctl-m","B",0,0.942498424779769,0.633646073377162,23.2980206485402,0,0.0578182696883642,0,0.0317450990950892,0,0.00136560635636128,0,0,0,0.057235799319576,0.000620686521855533,0.000554124602020011,0.0106870117691288,0
"d0","NoSub","ctl-m","C",0,0,0.246874445219774,15.2875108271242,0,0.0250228593905104,0,0,0,0,0.00110024828377216,0.000468312218739427,0,0,0,0.000309330358869793,0.0115511052210245,0
"d1","NoSub","ctl-m","A",0,0,0,22.6160853801105,0,0,0,0,0,0,0.0011540903029236,0,0,0,0.00128080563843934,0.00015917232097908,0.00568883291407143,0
"d1","NoSub","ctl-m","B",0,0,0,14.4105039403003,0,0,0,0,0,0,0,0.000340043500723642,0,0,0.000197422018936775,0.000708892038193009,0.00961523139335954,0
"d1","NoSub","ctl-m","C",0,0,0.0600285299521732,12.2210952992144,0,0.0107598877258069,0,0,0,0,0,0,0,0.00729761160329094,0.00071986027240668,0.00018568512417674,0.00477464176248326,0
"d2","NoSub","ctl-m","A",11.6626462889853,9.38385959339607,2.39811772524589,18.296355256051,0.0923366740822595,0.0913356006362807,0.325983961767598,0.369380042732065,0,0,0,0,0,0,0.000231465195616006,0,0.0156973896313524,0
"d2","NoSub","ctl-m","B",12.7359888664718,9.98620544896707,2.87581499512837,15.0783334014052,0.143741254409662,0.0986697938743349,0.430231473728996,0.491533837047126,0,0.00156334404754682,0.00233695085747481,0.000175166209001572,0,0,0,0.000712805929646722,0.0127545653556218,0
"d2","NoSub","ctl-m","C",9.58336063458912,7.79416276913744,2.36248799672457,15.797751527141,0.084599812302755,0.0153539489320646,0.331893192807092,0.41646081732264,0,0,0,0.00169452047099025,0,0,0.000713588467888063,0.00152524955034352,0.00817813093115249,0
"d3","NoSub","ctl-m","A",3.878954656194,4.01686244785876,1.7227577949739,12.907686339244,0.0696257210004037,0.0737061577145973,0.195145677662257,0.256524799630628,0,0,0.00112052748327874,0,0.000987337493487571,0.0788953535411225,6.19669217188879e-05,0,0.00658703513246383,0
"d3","NoSub","ctl-m","B",4.59319404410538,5.47428359127802,2.28459433997643,11.24264616072,0.106096900906544,0.0843412009811775,0.283043320660093,0.342090745468936,0,0,0,0,0.000955990456048946,0.0579344662489815,0.000290767057879952,0.000913742533092088,0.00774319576694641,0
"d3","NoSub","ctl-m","C",7.90880256545724,6.78261163815235,2.92917651462214,12.5963026584475,0.158545389555749,0.0802705490956714,0.389278228357269,0.393590735795191,0,0,0,0.000682024275375976,0.00108012951376339,0.0996556376020026,0.000526035585095116,0.000473180168060499,0.00334219803835718,0
"d0","NoSub","Kale","A",37.3806582929299,0.613929513875259,1.11914402044067,16.5390330169077,0,0.125282324953605,0.0812214101779867,0,0,0.000131324484877523,0.00352755388353447,0.00148841067647196,0.00389697944079987,5.28713511066822,0.000811753601984869,0.00655122280325007,0.0749153530699237,0
"d0","NoSub","Kale","B",34.8749150201478,0.0787018484217338,0.203126709111221,15.1859810460507,0,0.100281717492244,0.0692221216630925,0,0,0,0,9.25856318701614e-05,0,5.26335671446605,0.00366562421931595,0.00703682914802211,0.0675150942208882,0
"d0","NoSub","Kale","C",40.4116689180081,0.440781318028344,0.262668482872773,17.8982816956636,0,0.126387991528786,0.0444557742755762,0,0,0,0.000210501938317522,0,0.00104587373085941,6.10173469400542,0.00199791198160889,0.00817263502776523,0.0745724333249899,0
"d1","NoSub","Kale","A",62.8008199953524,1.72854771584277,2.02133742497986,19.4593460362893,0,0.224102745419328,0.0875060406160744,0.016818770921321,0.0784786043418437,0,0,0.00275470226286127,0.0055826815787926,8.11709477718726,0.00202378889408505,0.0103237561963431,0.0888983531151933,0
"d1","NoSub","Kale","B",68.412942324906,5.784845757665,1.91251585210845,23.092491667497,0,0.2357785576549,0.345748621971007,0.253760786995445,0.137361709774787,0,0.000638843550906876,0.00144470072314548,0,7.6628481459683,0.0018754214950908,0.0150502837544408,0.0962960006388042,0
"d1","NoSub","Kale","C",319.890856862892,64.0705933186358,54.2280369128315,31.1962114267854,0.631682144937852,1.14559606693537,1.75601892587835,1.3420888734254,0.210090941043457,0.0013334551606859,0.00037158353317207,0.000713178045219672,0.000239373017892999,40.6822955324755,0.0199992991804685,0.00920208713973901,0.134040882159905,0
"d2","NoSub","Kale","A",72.1112813271456,9.22778836973498,4.09349767399072,19.2582476664231,0.166395970865371,0.160630195060974,0.512880335879173,0.48629587815363,0,7.61577988370478e-05,0.0011973740023047,0.00112107247331823,0.00444043149196826,4.93259659784118,0.00304399191377264,0.0103284022663276,0.0521983907257441,0
"d2","NoSub","Kale","B",73.6718781638105,6.0415816628659,2.2980113016636,21.5934541493589,0.062195441652382,0.23427096250466,0.409602748196522,0.35341639874219,0.0463803372091036,0,0.000911200405373944,0,0.00137682151641459,6.21892915997173,0.0019495043578832,0.00934008358876629,0.0912216189621696,0
"d2","NoSub","Kale","C",62.0334723970712,1.14782155601096,0.606183405300967,20.4770590659433,0,0.224946720256168,0.140089670465785,0.0365028252629605,0.0293557561129641,0,0,0.00168763765352894,0.000521121364532542,6.12100895051352,0.000893568181471871,0.00927621350228637,0.0743068685326031,0
"d3","NoSub","Kale","A",71.5987589952201,6.16675810866786,4.05776954889979,16.0603175435474,0.184244803523213,0.205202253468671,0.329191302142749,0.310494284917242,0.0761455495834448,0,0.00101961306077768,0.00205281942623192,0.00684092615207599,5.72100707392447,0.00375920261339267,0.00459395776087003,0.0789225823844067,0
"d3","NoSub","Kale","B",82.8768664191898,7.33330726522336,3.23161113481315,19.0973989527689,0.189581209076504,0.260861493920108,0.55698547132459,0.396815574729972,0.0495506192729285,0,0,0.00138607201878096,0.00215587012064528,6.86948463608148,0.00120703577173505,0.00600698805846365,0.0806178904910772,0
"d3","NoSub","Kale","C",91.9996443034928,8.38937601083686,4.07264945781799,22.0344491309477,0.232604890129792,0.248688500240749,0.547798855837483,0.375958408478798,0.0411424716867792,0,0.00210575317360211,0.00101424461370156,0.00354134899876374,7.60886568851955,0.00185225456164862,0.00913742223438686,0.0898925323015025,0
"d0","Sub1","Kale","A",0,0,0,0,0,0,0,0,0,0.0157529453941431,0,0,0,0,0,0,0,0
"d0","Sub1","Kale","B",182.281683023176,145.171823369524,63.7683191084968,26.9801027918324,0.620781169851797,3.54194744183416,1.354316328811,0.418093789095493,0,0.000622287360927523,0.00162045371099107,0.00186293568423573,0.0019733391293587,9.84763141679019,0.0188077068897251,0.00517485773080627,0.0863189727220227,0
"d0","Sub1","Kale","C",137.944023167758,115.164614262011,51.0169651211325,20.9835726632701,0.605149503510915,3.6014680966727,1.20431525470696,0.446692374897973,0,0,0,0,0.00172221947109985,10.5901702441473,0.0179443704141728,0.00744464204142176,0.0765466906055488,0
"d1","Sub1","Kale","A",2530.28154504316,224.969562440446,533.253486768308,303.618060335383,0.799941873335423,3.93257713550799,1.49792103985882,0.592076230432798,0.0879841873206524,0,0.00219309120981513,0.000419614542283526,0.0016489564256189,157.080787041773,0.0206278997428447,0.00760994394501009,0.12647654997889,0
"d1","Sub1","Kale","B",2873.46677992181,248.351961630344,408.973298452922,311.376792860725,0.78361771398293,4.0213369792044,1.56339898863333,0.679116123288225,0.0925991972133368,0,0.000576000614847563,0.00140465409168473,0.00316713632836042,103.861291158656,0.0185674035540344,0.00521134240502384,0.149779327297666,0
"d1","Sub1","Kale","C",3589.15218547915,336.715569537865,725.99186046912,371.336597054472,1.18716588455242,5.85444964844102,2.09824487920653,0.929868940859561,0.268708671401251,0,0,0.00250227659958425,0.00583032848323471,227.665275278687,0.0214933295540443,0.00620888886651153,0.168022600592867,0
"d2","Sub1","Kale","A",2773.62961544599,232.49589088618,597.476810753926,245.091785584971,1.64847689706119,8.44691552050009,2.41580715125904,1.0251310492434,0.705494245883608,0,0.00144744267005177,0.00346679659905632,0.00702794449439909,305.437646581787,0.0222893636037919,0.00866022771902727,0.166278790206101,0
"d2","Sub1","Kale","B",3118.17885117817,241.703873376825,411.315596192683,294.928353012902,1.13038991364338,5.18747739836256,1.7056238292567,0.783274882422338,0.135320821715305,0,0,0.00115222474273946,0.00385508059257939,152.758823551855,0.0189794058843407,0.00818317637738475,0.153907044212302,0
"d2","Sub1","Kale","C",3703.49441682125,296.984799382097,638.911385589276,279.18990834909,1.75808191896866,7.83850525300944,3.01856330811292,1.21468847197799,0.54179307677715,0,0,0.00449877703920815,0.00787458943562443,274.241846024051,0.0207464826226799,0.00775765225627583,0.16546251129883,0
"d3","Sub1","Kale","A",2617.48325393231,201.353270186251,558.781663662998,284.194323765521,1.18509082319732,4.22246269093692,1.27912491358448,0.491673557375205,0.0545619895050624,0.000830222563465476,0,0.00153874991767273,0.00412482289283875,144.216107110863,0.0119456634373874,0.0052177918053972,0.121124427024083,0
"d3","Sub1","Kale","B",2977.39388295504,212.033447804383,440.324819674257,279.88702632505,1.50800073422668,4.83598443071798,1.69609196471051,0.66853481315994,0.0947668633449523,0,0.0020001545693344,0.00220680494401105,0.00384568220625324,193.698961906007,0.0215728115610756,0.00955342376212121,0.141054632618405,0
"d3","Sub1","Kale","C",2939.43167863568,222.018926745777,514.88409480841,248.491654639749,1.87996381018046,7.21917817965401,2.15471009952664,0.863375798955164,0.391056767094715,0,0,0.00569310745415265,0.00440077507769791,263.940879830777,0.0187425491636485,0.00440972686748659,0.155154605214925,0
"d0","Sub2","Kale","A",226.806970864412,59.9765422954886,60.9031677644638,38.2495772002598,1.80040464996452,5.28951756912499,3.03780749310875,1.63064506445588,4.61319181234349,0,0.00084308324254014,0.000229730164831719,0.00505707295277732,28.315679302924,0.0137784788282265,0.00859123198410227,0.129015247915969,0
"d0","Sub2","Kale","B",181.824071471907,43.1157265358626,45.5520084455774,29.2791271732888,1.8130985878556,5.34064181198054,2.67429153236723,1.66453186006962,4.42669981992079,0,0,0.000217003264059935,0.00290785066284235,26.1370454204784,0.00979196040898694,0.00675890546761061,0.0988446297583417,0
"d0","Sub2","Kale","C",177.467109542367,43.0151934544726,44.5713634485143,26.2688412289953,1.85068155003819,4.81021783782737,2.41442719869903,1.74263616418483,4.52194306064135,0,0.00107554261775124,0.000236486842445218,0,28.1905657541664,0.0123583337973578,0.00605779738981101,0.0905641722977955,0
"d1","Sub2","Kale","A",2802.3641541481,1912.40191360643,1946.21744735496,32.250112792352,65.4163825077086,62.1992962305822,60.7185657783291,38.3707254307843,10.1175789419285,0,0.00198265270861193,0.000549540189681014,0.0210921319836969,13.9209787301826,0.00981262780988258,0.00367541857403317,0.368630927648401,0
"d1","Sub2","Kale","B",3360.69094773222,2464.51455281695,2251.57984189784,34.4448099987855,72.7213753078118,70.1749835237798,82.5281160210495,57.7766332458817,13.241202075879,0,0.0046505181938455,0.0018884533372057,0.02263106173357,27.1706343186663,0.0137391252714939,0.0045545796010684,0.473317958927253,0
"d1","Sub2","Kale","C",3265.03993593546,2508.48296879182,2388.67421913488,36.2526913854489,47.9730476217782,52.8251082596679,67.5308749972815,44.133862284282,10.7863842314711,0,0.00164947475829772,0.00039538668114155,0.0165985156562945,26.012267328599,0.0203810537211867,0.00526616908286725,0.462989220449149,0
"d2","Sub2","Kale","A",3411.99533253485,2390.63465233775,2448.56888324847,70.1283644162907,131.48653863634,140.14621199916,123.046666234723,81.552802850443,21.2993634599786,0.000432971873474447,0.00340901317317727,0.00417495435620162,0.0426205501269586,43.4489017290257,0.0308177966815356,0.00326924051047697,0.528327562045349,0
"d2","Sub2","Kale","B",3319.93835170821,2374.70891229397,2367.27092107121,84.4490798674035,121.041041934884,116.516234876274,144.916141102006,92.8621405075522,21.8419198591547,0.00674563020579317,0.00379376309164552,0.00412152055914533,0.0403237078121026,42.5911636318524,0.027987711221144,0.000863116463960491,0.542306571818598,0
"d2","Sub2","Kale","C",3140.85535107011,2211.91300203508,2292.20084146453,62.7983272248497,94.5343101096608,98.2007797493851,98.3844244748487,64.751598395241,16.809799539412,0,0.00192243075508971,0.0030913444218393,0.0357902676048394,46.1372467409114,0.0292888558324766,0.00272881529717564,0.498509397223781,0
"d3","Sub2","Kale","A",3346.01575170821,2338.30267531403,2589.23073897507,131.909507956523,159.593678268567,174.665334135418,156.981634858225,104.22285764488,30.9547187047931,0.00395731196519743,0.0123990014173737,0.00997542317216944,0.0668182376099277,107.652247362423,0.0258002932542249,0.00432690286982437,0.576863908509953,0
"d3","Sub2","Kale","B",3092.80998031243,2269.86114116647,2104.12366149774,142.60786254989,170.432801774452,162.344961551656,200.052253669301,130.572093769141,31.7208603857437,0.00813605462546718,0.00787492510674115,0.00451537120244686,0.0526500426403353,134.042777043174,0.0239865905335131,0.00485530872671811,0.533144906152319,0
"d3","Sub2","Kale","C",3012.84952372046,2174.73501092069,2238.72620498737,106.893250987867,133.539378136103,154.463908027131,130.375922485424,93.784847457005,28.068194633456,0.00141210882779223,0.00834970367963733,0.00313700286922437,0.0678123331885592,137.898328519922,0.0277641754994732,0.00586585624955755,0.5125670985848,0
"d0","Sub3","Kale","A",210.026835763898,64.9818140185238,52.3099412811037,39.7989473711166,1.04088136060085,4.30846417768567,1.71990141640343,0.893032614573573,2.64914409859419,0,0.000165146368220585,0.001535614450263,0.00698048922769882,10.5023309768255,0.00349240797705233,0.00362698175453312,0.120857220043063,0
"d0","Sub3","Kale","B",222.115084121141,76.5524417897505,60.1023929504285,39.254958059267,0.987497512540277,4.84419897678719,1.70889597748952,0.922977620841496,2.84546707715854,0,0,0.000877312407980259,0.00857479584915987,14.4549886833544,0.00790621405223773,0.00873106682620976,0.133914514170997,0
"d0","Sub3","Kale","C",243.650502205201,69.6541346547857,58.9499941787984,40.2051104377061,0.981216043345943,4.69837701442197,2.03182591326609,1.25451124940743,2.31461759204418,5.78149587672934e-05,0,0,0.00903773769496457,11.2944928543844,0.00288248137536696,0.00953035621596972,0.130665674913881,0
"d1","Sub3","Kale","A",4602.72009867085,1168.84589685374,282.583503112168,253.058815344239,6.8319613452495,6.12464441185899,11.7314698312912,6.88885027557392,3.29363486983331,0,0,0.000427806072278085,0.0232622948674072,362.454452168226,0.00997767183225023,0.00410335367368899,0.187355465042195,0
"d1","Sub3","Kale","B",4676.60152017181,1175.89785363665,325.630144147351,280.189915647895,8.26641462875507,11.2943112996266,15.705963104997,8.81334914865669,6.37585899601157,0.00512931664035164,0.00135436032819472,0.00459948444947527,0.0533507199658919,614.909075204956,0.00717507496621829,0.00715074680586874,0.204195429816245,0
"d1","Sub3","Kale","C",4489.84170266455,1645.59338308076,417.921915229344,233.788747982425,18.3376898173044,10.7376888809684,36.4532262005275,28.1366985531881,5.43581195811822,0,0.000797568517465891,0.0019632770978085,4.25803863623942,570.50867284876,0.369005778328943,0.00745121636703326,0.397058485045033,0
"d2","Sub3","Kale","A",5453.69516595265,1899.59236200582,864.482939836938,149.722012248078,37.7021649619775,26.7966954436745,56.2766384645371,34.1167042917344,14.7897744907005,0,0.000167098256785217,0.00218694777731046,0.10191202236614,1469.57377148778,0.00637861451868511,0.00203407095346693,0.234728565688091,0
"d2","Sub3","Kale","B",4566.10619302658,1211.14380752073,331.736302187021,399.882455014201,7.5022289498254,10.1913230818517,13.0548533444838,6.66540103457657,5.304993315988,0,0.00234672410396408,0.00416949640294165,0.0533848171581093,495.155745330588,0.00694367947933395,0.00294381181815937,0.20128834159334,0
"d2","Sub3","Kale","C",4191.48077906639,2114.03588441147,1100.20271758289,2.19795825035905,73.542517719203,22.2977832738012,98.6263611020024,80.6823719927067,7.67819307785092,0.00091546419604919,0.00391328507696188,0.00149466121939716,9.02642381886028,652.047288457559,0.820807218608915,0.00121302734344387,0.465959883577778,0
"d3","Sub3","Kale","A",4814.9229131756,1989.00700512033,988.160214316058,68.7207891069644,44.0252535046341,24.5397895338831,69.9187487088263,54.0807200866725,13.0514184329507,0.00210116341112508,0.0115186477941199,0.00309248971229625,9.53851139311003,1839.98942729174,0.0111162572012851,0.00348158560879262,0.234844738152223,0
"d3","Sub3","Kale","B",4295.06953480216,1177.34764438511,452.938725587556,294.525925720642,17.1697118068581,22.1917111098063,23.8880927337934,11.985242953326,12.5962412589457,0.00227912642770483,0.000663499503165191,0.00509538978285589,0.11437267419478,1463.2188877515,0.00957174283979116,0.00340849528136843,0.188971498444626,0
"d3","Sub3","Kale","C",4779.69820757884,3545.32057323676,1195.00478509025,1.13076338482653,246.282762947912,67.6366244892864,283.744454879259,207.130439613297,18.3394168302132,0.0109891002119748,0.0166831844325638,0.0114613791854188,24.3695124448449,6.06505869299516,0.739579900532399,0.00332465665500439,0.449307135800351,0
"d0","Sub4","Kale","A",170.087716424107,93.5308766539178,70.819355114834,35.3977984424549,0.890819113071718,4.52580647791548,1.69891762851242,0.875761857466437,0.0356068894069239,0,0,0.00218212510820578,0.00210564168451607,15.6781770865914,0.0262696739031469,0.00728761391941613,0.108085219997703,0
"d0","Sub4","Kale","B",169.727829184925,92.4472683851917,70.7020282263845,34.4516124908581,0.829720710428261,4.54335677887553,1.53463764109723,0.846616295739291,0,0,0,0,0.00243743920389302,15.9727419891583,0.0250520213200283,0.00967895060846746,0.113228389720505,0
"d0","Sub4","Kale","C",178.930900621563,99.8043610986503,71.0434210952416,37.0365719502198,0.862702274024886,5.11494947847715,1.71927340729232,0.829023137008437,0.0319124902933417,0,0,0.00161985504293428,0.00497482429313662,17.6702633253701,0.0289050590547543,0.00821705469063205,0.119164913435723,0
"d1","Sub4","Kale","A",4686.75653644624,1363.02525191745,1327.59192486624,105.354069677649,30.5641922905513,42.6193365291542,68.8370635822791,50.4097985830031,4.08234386494848,0,0.00807975569128882,0.00262503477806171,0.0219785470619816,713.897911825221,0.278923342629701,0.00454045085881335,0.243319378872399,0
"d1","Sub4","Kale","B",4874.96466103799,1517.23365981622,1663.9674428211,105.465044499839,55.1484766549003,37.1102841614178,126.229269844812,85.0909025531818,3.53384316439309,0.00139543520078684,0.000181877804242316,0.00209044304388342,0.0250350632747815,508.322289344832,0.416304815656198,0.00220440623708865,0.489450462775975,0
"d1","Sub4","Kale","C",4838.38894103591,1449.67303027964,1751.88208372106,112.785031110327,18.2668010686611,31.7775428386571,50.368061010708,34.5485911750397,3.82325687132553,0.0013049188533157,0.0010993505059924,0.000957969576440864,0.0118499234900616,366.0361942041,0.390412440443364,0.00415374727997249,0.300025772787561,0
"d2","Sub4","Kale","A",5213.31768280544,1648.25889981945,1639.95684410997,127.193477345201,77.0583628428583,62.3327851338239,128.799415611773,80.4314169796538,6.35774963357236,0.0176988484769196,0.00707811559265092,0.00225129196174498,0.102278873909319,1516.613925724,0.290312451912181,0.003479815925121,0.331902965052354,0
"d2","Sub4","Kale","B",4615.71960537972,1525.82518333154,1769.82361101651,119.151529842266,104.19955869689,70.596428216335,196.624858994318,127.500255712746,6.86989342459685,0.00352197049715987,0.0136376605787888,0.00378342907491695,0.0843689978026662,1269.39996067619,0.388246765202045,0.0037213029460189,0.545720114629516,0
"d2","Sub4","Kale","C",5412.47693931421,1907.40424285786,1873.04805126419,144.523311982126,119.314957378274,171.81948797806,200.444612215175,129.778094728551,19.6677623246693,0.0194818145239408,0.0233264793947826,0.0119697335880626,0.131257876164069,3398.38123959338,0.357746351967799,0.00175955930346946,0.447407355034729,0
"d3","Sub4","Kale","A",5474.37226745495,1809.61061746832,1721.90277940836,163.169364609692,93.8584201826592,86.2133844937445,162.374263441215,95.2609570923574,8.64764309533968,0.00258161023012748,0.00548759658420025,0.00555926023239518,0.146228005717197,1989.38902957182,0.340489242006274,0.00185467359294554,0.382802336192607,0
"d3","Sub4","Kale","B",5122.96813017042,1649.86685117823,1793.75703868613,170.450976330155,123.0258336194,86.1421624154194,245.418465790735,142.926862862514,9.82533968232941,0.00772101500079906,0.0110018358108861,0.00298208769897458,0.132752638459675,1780.70126136724,0.372882500084267,0.00207457539415036,0.596984668637088,0
"d3","Sub4","Kale","C",5885.81227425725,2047.82474811707,2024.49808979886,192.870176676461,125.842003667647,160.873355208964,182.330596525753,117.570817615476,17.7155480214012,0.00773174093302178,0.0132590642080108,0.00855493723922048,0.127244722911565,2804.04724827409,0.350800082462773,0.00155554187479125,0.46973034042312,0
"d0","Sub5","Kale","A",100.463891144234,30.4348919212424,13.2389871641621,16.723559584781,2.30325228672936,3.09167634018411,2.85988698894461,1.87563429638378,0.567295464024913,0,0,0.000821191396531844,0.00537646468022332,14.6004087988255,0.00548325434418509,0.0150970595174055,0.105799938914424,0
"d0","Sub5","Kale","B",118.564988857735,37.2806482054203,16.5836798699184,19.3296125841866,2.32196625418062,3.52942383779208,3.10433250768729,2.10769650984053,0.695010905083616,0,0,0.000747971114380876,0.00533723885744463,13.9068429487059,0.00202544741835633,0.0152031349088483,0.126699666265582,0
"d0","Sub5","Kale","C",100.341845346083,33.1540509745009,14.4610635368763,17.1237471496135,2.05457648075367,3.17604560894408,3.10374833701163,2.02830485499454,0.640727543317865,0,0.000286050353803576,0.00234087084103285,0.00450681328182918,12.8372794012487,0.00283194830674363,0.000356095094553907,0.0960768665074368,0
"d1","Sub5","Kale","A",3161.09485946637,227.151289889483,44.5724639736129,236.247180428021,2.40973743577707,2.82852427098643,3.72158721383767,2.25596010937235,0.650943596092169,0,0,0.000279378709462295,0.0207836623716616,155.442537401368,0.0053863857513331,0.00747968617006716,0.0421521610478924,0
"d1","Sub5","Kale","B",3142.19335898405,189.392949994836,44.1350003929403,249.673218834122,2.5230216327247,3.05975518646832,3.87433961464338,2.34856518786574,0.765866718982068,0,0,0.00131012079032648,0.0300437565610735,155.404564886373,0.00649808606007044,0.00802430875423044,0.107817248502369,0
"d1","Sub5","Kale","C",3574.16939753495,229.847770604324,58.7196881153113,299.416002420581,2.14246353323772,3.00027894332085,4.12982483603533,2.39215134646951,0.818773422762621,0,0,0.00241028423974941,0.0338407604851621,173.745991308384,0.00615285241215367,0.00759440333704955,0.110694771581108,0
"d2","Sub5","Kale","A",3314.58790881308,207.117287064534,46.8352648436374,196.510732786387,5.44337884646344,6.111034641608,7.217798229964,3.746758661638,1.90031393079876,0,0,0.00282797450202769,0.0506130766237377,331.877412991623,0.00627451417318007,0.00804466745234319,0.117414164715214,0
"d2","Sub5","Kale","B",3540.12751738087,202.930619749386,63.9300376364912,273.303547492632,2.87836020211626,3.87568232505309,4.42694265326642,2.41839363400507,0.850067625576414,0,0,0.00118217451497289,0.0366321991435314,178.01148567074,0.00845648327982537,0.00368093906839064,0.111003244455226,0
"d2","Sub5","Kale","C",3306.09041517898,194.369685614091,56.8407830730007,247.461854481941,2.86705228088657,3.21551065289555,4.25687074684139,2.21802998156178,0.689148723087416,0,0.00393180429493576,0.00102780762121222,0.0309939528464277,163.766685236471,0.00612896583858008,0.0058912776638196,0.0884185110163743,0
"d3","Sub5","Kale","A",3674.7777488399,269.072391709193,57.3645043469391,193.472378225027,4.75962526792357,6.81979861564442,8.58797431787482,4.61826634006574,1.85371632011632,0.00383729673264388,0.000470979323971589,0.00475604828150097,0.0544514862306592,415.709260267329,0.00818143837336687,0.00774068743317749,0.122813633519193,0
"d3","Sub5","Kale","B",3411.40643625274,226.569018725803,57.8499475340342,188.894946580701,4.41039077285233,6.31186735322864,7.18716258896753,3.80397121619404,1.6595075903242,0,0,0.00223096456772407,0.0608257034776784,350.231760300646,0.00364758615344586,0.00871534674937538,0.0835585055867896,0
"d3","Sub5","Kale","C",3502.08425759659,235.859777353598,59.948343427021,186.104984643438,3.95728089952236,6.10782236969277,6.77845881476464,3.56282962402902,1.8453858335996,6.41675133732041e-05,0.00340099132630729,0.000501839049053798,0.0641477769322108,361.87399216362,0.00634908365903983,0.00594964256267997,0.120752179851817,0
"d0","NoSub","ctl-m","A",0,0,0,12.1847085657359,0,0,0,0,0,0,0,0.00125004148556457,0.000698493974782856,0,0.000328309992215797,0,0.0130258269190051,0
"d0","NoSub","ctl-m","B",3.52324482365144,0.092776302301335,0,10.6748346177163,0.00607013853053099,0.00933417642328308,0,0,0,0,0,0.000832382463849618,0.000973591166543481,0,0.000203816715901437,0.000364785312401867,0.000203816715901437,0
"d0","NoSub","ctl-m","C",0,0,0,16.7287921044334,0,0,0,0,0.0660858408087771,0,0,7.58988739927227e-05,0.000747266191932165,0,6.49179417523226e-06,0.000372161107797247,6.49179417523226e-06,0
"d1","NoSub","ctl-m","A",20.6214580922277,4.07291480944077,2.28789261275966,9.71054493662162,0.154713565193177,0,0.0196447726734271,0.0309554479008074,0.0055453475915118,0,0,0,0.00153310337032442,0,0.000386702346070898,0,0.000386702346070898,0
"d1","NoSub","ctl-m","B",0,0,0,8.45584020816605,0.0681504770661323,0,0,0,0.00346968154158353,0,0,0.000484680620225923,0.000870291972667615,0,0,0.000145921141341421,0,0
"d1","NoSub","ctl-m","C",0,0,0,13.4223936623064,0.0130659962193743,0.0140296234330484,0,0,0.0525525759879973,0,0,0.000765660904699276,0.00110841779515586,0.104337823318826,5.00620086439131e-05,0.000243754765780738,5.00620086439131e-05,0
"d2","NoSub","ctl-m","A",31.1199938314596,14.1029126827745,7.40329651505021,9.24507410286964,0.141884334082888,0.015656225329859,0.0193579424138119,0.0372225266421943,0.0179333365868498,0,0,0.000151904753722159,0.00152978668510412,0,0,0.00113687642552386,0.0126266074507315,0
"d2","NoSub","ctl-m","B",32.337317037488,12.3693835452986,6.32093321372544,10.6086039454719,0.193381492211501,0.0343803229064572,0.0738063661509865,0.0595503839481091,0.00772885253714609,9.46394737717677e-05,0,0,0.00118527077590329,0,0,0.000882259109723006,0.011046432457376,0
"d2","NoSub","ctl-m","C",34.2215073622115,12.0768722562808,6.91025106326046,9.82309291799947,0.157006283876772,0,0.0782298827761145,0.055825991217788,0.0320658928218993,0,0,0,0.000903397707136657,0,0,0,0.00406015069136581,0
"d3","NoSub","ctl-m","A",42.199509311579,17.1376814445699,13.8668740362805,11.7785072082723,0.243216106626588,0.0183428801141363,0.0754881191276018,0.0963810737542421,0.00400605901336958,0,0,0,0.00162672290867063,0,2.09044613808932e-05,0.000667265166546718,0.0111760856881109,0
"d3","NoSub","ctl-m","B",27.0274234219778,10.6817228200882,10.5493545083753,10.5741005143977,0.123307467168132,0,0.0514007895881104,0.037060494989373,0.012472703988554,0,0,0.000628947118279005,0.00172433423794844,0,9.49858608584436e-05,0.000265807422108383,0.00772495635687916,0
"d3","NoSub","ctl-m","C",43.9096750011759,15.297656361452,14.4441217472566,13.8613194554574,0.215604829649934,0.0615320880695506,0.0989984491228071,0.0912802958887689,0.0214706025536856,0,0,0.000861454193541523,0.00235861212549736,0,0,0,0.00774807563235167,0
"d0","NoSub","Banana","A",39.9830065616223,0.380004864381744,0.384411683895976,31.1593967871306,0.251770590678513,0.0249179723331053,0.400954841404054,0.145412458723148,0.102261720750765,0,0,0.000352038072220769,0.00266037136692923,4.02526927869792,0.00134403856322226,0.0156587117712029,0.00134403856322226,0
"d0","NoSub","Banana","B",56.4755337555993,2.61992121705639,1.23670941255753,35.7814704460848,0.359302199385711,0.0183488337270494,0.648462740573671,0.231218059834982,0.17786701722459,0.000502653213615919,0,0.00199166582556088,0.000917184959652373,5.19480387501737,0.00177932737992123,0.0186396599393807,0.00177932737992123,0
"d0","NoSub","Banana","C",69.1825714867672,4.15435137897217,1.99261826331816,44.4034000271424,0.395438684214589,0.0502962277037864,0.51629610194789,0.278077567582676,0.206881538237139,0.00015913704596528,0,0.000115810387096707,0.000580319032268333,5.46499453955347,0.0049147309768545,0.0300245144484016,0.0049147309768545,0
"d1","NoSub","Banana","A",51.4019494164375,1.92845027767213,2.0119224155421,24.8110285615419,0.452230314472125,0.0609393169538455,0.433091875051904,0.210177891245748,0.176380316917857,0.000118970471905516,0,0.000617707226283581,0.00240978650339111,4.09829486654754,0.00265584225950372,0.0227747151313852,0.00265584225950372,0
"d1","NoSub","Banana","B",73.2184798417188,9.14277858177934,4.53731581416037,25.9225424723181,0.494324389726003,0.064189984241944,0.5523651310418,0.272957770297661,0.17954068376815,0.00147963035612031,0,0.000137279726045766,0.00237379880444181,4.8817069991866,0.00091091108459313,0.0163832429864921,0.00091091108459313,0
"d1","NoSub","Banana","C",69.6037929505465,8.00080071830575,5.04633531598334,23.2859973264818,0.476672059157548,0.0597018938204227,0.476425893378578,0.211499031759742,0.129960829479952,0.00118900913298433,0,0.000236293546302785,0.00225134079436785,3.50335801088059,0.00336867473243216,0.0237857779459552,0.00336867473243216,0
"d2","NoSub","Banana","A",77.2296512178302,10.354912771363,8.29743367746116,24.4578334454659,0.514507413558195,0.0462324502988921,0.441166624041108,0.278627443610925,0.184709965300309,0,0,0.000187798500719751,0.00216907939897826,3.64860394948761,0.000988452181550384,0.0234406029509466,0.0665204751627555,0
"d2","NoSub","Banana","B",77.3569291577892,7.53243587006914,5.78946413412785,22.6785262347074,0.462773014588065,0.0245245027164276,0.473678217195259,0.23629636847037,0.15174057688882,0,0.000212719830906126,0.000107890398445451,0.00252381123895989,4.00404892972767,0.00443863601252936,0.0197087814731034,0.0707422752773923,0
"d2","NoSub","Banana","C",66.5388552516664,3.1427906400425,3.20173421417634,21.5127778381651,0.40614233707482,0.0318161858216991,0.470126724646438,0.178175662647734,0.154365538977647,0,0,0.000190087794146635,0.00266671593360192,4.84384531012078,0.0028422778117256,0.0183890924131936,0.0899849843073657,0
"d3","NoSub","Banana","A",101.171742988308,13.3573990566047,13.579443411641,24.1031216600985,0.536572475897198,0.0608913480415832,0.5476797103686,0.341287317243276,0.175721293946686,0.0016034831420187,0,0.000142561334208168,0.00323993036429256,4.76133814173437,0.00387141809918819,0.0280101955276513,0.0893814997100923,0
"d3","NoSub","Banana","B",123.120768204596,16.1099903541986,16.7410753848215,28.3021958566613,0.657138682643624,0.082523426702007,0.699048981334582,0.421648372940714,0.19285472556492,0,0,0.000121569572749655,0.00486786526314447,6.04251235976612,0.00226902086422942,0.0286790271104911,0.0992416850925645,0
"d3","NoSub","Banana","C",101.991119076414,12.2260350107782,14.916640858674,23.2675913242199,0.45025989018249,0.0643152421119723,0.596187471316055,0.320331368677903,0.185610838859374,0,0,7.62293530330334e-05,0.00257365618812801,4.67568309607134,0.00295922061020547,0.025384222343218,0.080603283589054,0
"d0","Sub1","Banana","A",0,0,0,0,0,0,0,0,0,0.0157529204479629,0,0,0,0,0,0,0,0
"d0","Sub1","Banana","B",183.730778989495,124.592453059329,63.8424239483525,40.8350796720478,1.63591767391318,3.64935509255394,1.75918968036342,0.89726047402698,0.201500142542068,0,0,0.00155715202424174,0.00563314929762249,7.76529496066409,0.0180255060702509,0.018031473742773,0.0180255060702509,0
"d0","Sub1","Banana","C",135.482914651715,113.582886131273,53.6432668980656,30.6082171905527,1.47203074509152,3.47893448675038,1.6875137285038,0.703428089225627,0.146575109999224,0,0,0.000721707560792117,0.00462469886840575,8.35640573845932,0.0179653623933924,0.00919943018863017,0.0179653623933924,0
"d1","Sub1","Banana","A",3478.48022724197,283.104149770236,430.224289403957,557.966792129177,2.5537607980865,4.84732602032714,2.28428498202966,1.05732565037799,0.687089480872275,0,0.000289214530730157,0.00273834514743721,0.00905087026028313,186.977381508286,0.0146862386660186,0.0121438388514186,0.0146862386660186,0
"d1","Sub1","Banana","B",4332.91253543196,318.471975669994,510.909146491884,711.381906706598,4.1939641801993,7.4969424939008,3.54081522782341,1.36488507215786,1.17339008555726,0,0,0.00301877475042603,0.010992394336904,303.112957667678,0.0157051432482779,0.0123976357837453,0.0157051432482779,0
"d1","Sub1","Banana","C",3806.7379819574,343.566617471013,543.782633130987,689.053322177005,3.98562518329924,8.27069458354582,3.39795597238528,1.62153784987353,1.21373428225422,0,0,0.00298160521536943,0.0127620328099087,306.495396948833,0.0143547811129702,0.0125204230987714,0.0143547811129702,0
"d2","Sub1","Banana","A",3821.37705692783,283.662500620188,466.188564930639,786.080834530438,2.33395801021237,5.1669089692461,2.25817454096102,1.03871038975523,0.66760301484469,0.000329425908617522,0.000488075171635591,0.00169392508273226,0.00759656111950895,160.638147015083,0.0179260637144921,0.0141659739711008,0.102544724667672,0
"d2","Sub1","Banana","B",4453.30375534415,294.08446635402,508.2590920718,1335.92728493577,3.69626006522014,7.60354154357189,3.45942754538744,1.19756790391535,1.23190962794929,0.00356519271750905,0.00113320709456708,0.00522939217987446,0.0129382626616903,300.592578353246,0.0119922738036573,0.00696949189101513,0.0934664861356373,0
"d2","Sub1","Banana","C",4379.42763000691,333.640382605245,540.689195119423,1672.52385727336,6.04944643293687,14.311322656031,5.1408537283972,1.98764168412955,2.11298239584624,0.00360548959407268,0.00413711072288909,0.000747980812741217,0.0238586731016357,578.237903692661,0.0132675067621065,0.0083661129971368,0.110543544351349,0
"d3","Sub1","Banana","A",4311.01307296947,313.501633172561,524.284682732474,2021.54904783696,8.09491650533878,18.6867885478387,5.68173946820008,2.23291970652443,3.38472687837097,0.00491215320072534,0.0049139187817603,0.012870075185156,0.0448051032169827,768.066061190986,0.0100889315694483,0.00590030231131184,0.100497979633115,0
"d3","Sub1","Banana","B",5598.63802065481,354.070752832442,599.518710021755,2230.52855099901,6.55347257256485,17.4767056178897,5.39260872764842,2.10561246920991,3.0000362801052,0,0.00669847959738311,0.00374819021220249,0.0265598417877004,764.461618664646,0.0114629792201518,0.00542267750720655,0.0991282156635376,0
"d3","Sub1","Banana","C",4597.31018441749,325.833384126528,590.091336228505,2416.30726525762,7.33364413444777,18.16197292143,6.06275372381927,2.0847095000252,2.78962402395132,0.000779686991496138,0.00648466010095416,0.00165430727761133,0.0279598512251039,753.57178140275,0.0132895885416252,0.00747748125047661,0.102414758656885,0
"d0","Sub2","Banana","A",139.536072299921,38.0129935587644,41.2198729977035,31.8234251134863,2.94372301698572,4.75132319154553,2.9677741238151,1.89090834075986,4.40074299180336,0,0,0.000541135891443534,0.00361211053449793,19.9883927264469,0.0113446173606129,0.01677708812436,0.0113446173606129,0
"d0","Sub2","Banana","B",137.862431258781,38.9517301215672,36.7776914246182,39.486881524651,2.77715368520901,4.65609940151295,2.76835679019266,1.76145804830809,3.82278355625117,0.00123666713357689,0,0.000360405859336551,0.0062752294493412,16.4252299347639,0.011443103725916,0.0222005782906258,0.011443103725916,0
"d0","Sub2","Banana","C",160.146685637727,42.3965984416478,45.4342448379211,37.2581404116159,3.60915921927556,5.51932798705117,3.46749882650237,2.18393827471405,4.6995592235905,0.000478275605978991,0,0.000320604213501073,0.00572493217148846,23.9528096255579,0.0109963312616654,0.0201404916721246,0.0109963312616654,0
"d1","Sub2","Banana","A",5173.09291610837,2881.7230932543,2664.77697553254,189.713631184627,94.4464976972324,114.695705037897,73.2092155285955,46.1333911982435,29.7537116382028,0,0,0.00479534423666225,0.05616730373615,6.52470957635843,0.00703272096554985,0.0053998815512872,0.00703272096554985,0
"d1","Sub2","Banana","B",5453.19432833728,3458.45666828403,2543.57481546741,57.9174127912431,236.77046355712,159.928916350114,140.034377980467,95.0079718606857,25.0966453724714,0.00630658955522942,0,0.00650953763902874,0.0741637561246496,5.88814560112149,0.00460668359091985,0.00302667717161624,0.00460668359091985,0
"d1","Sub2","Banana","C",6099.87549161297,3613.29969561784,2949.14975353059,110.442737486675,158.072261415071,196.208242243397,123.440920570598,79.7386359347363,33.8754021689829,0.0044151738086668,0.0079039833370773,0.00396584970716929,0.0651247717143264,8.5288112999824,0.0063560206632638,0.00367693356080146,0.0063560206632638,0
"d2","Sub2","Banana","A",5121.61214828134,3435.11431998151,4016.59872451732,5.54144481722468,230.856171894217,195.045059151023,122.011522884025,78.555777144859,38.9584340470373,0.00337493103433662,0.00715859023515463,0.00433313508894659,0.0842077181560897,20.8603757500797,0.00678420963503303,0.00218768910093686,0.223168395519633,0
"d2","Sub2","Banana","B",6167.07788393172,4223.02444690124,3593.78257664868,7.64664779498728,452.624816702827,267.580083437252,219.410332937182,151.445973490162,36.2885125395619,0.00644136189903559,0.0187446686911468,0.00172314954964971,0.0903163886040202,18.4230114608466,0.00122465784578562,0.00337583991224613,0.301898670614248,0
"d2","Sub2","Banana","C",5863.04338621938,4024.9829452063,3745.3491370592,12.4292413820043,168.408091642535,192.705390558707,120.160312795507,85.4586468898368,29.5003785346083,0.00517718906415705,0.0274143600580281,0.00756690680414633,0.0839050769714747,15.5596327907711,0.00781671700405455,0.00354888126801491,0.227524454028866,0
"d3","Sub2","Banana","A",5197.04166743,3338.50180069622,4068.36744269824,6.65503899424666,142.358960714418,114.514520494556,87.1088029333618,62.0084713887821,21.9458606928872,0.00089323931231561,0.000538886536911181,0.00567532856209699,0.0568483435776743,6.79911852556641,0.0751665885696417,0.00980359306401918,0.272209501601783,0
"d3","Sub2","Banana","B",5731.70741410854,3891.61584832008,3662.32743525141,7.30603861393211,331.133880875226,208.331722699283,173.405474560571,120.317859765686,26.3785686880616,0.00761595301630179,0.0193807951366738,0.00799552538620843,0.0710583745128772,11.0572074928463,0.00446544954324463,0.00281123706457126,0.257957926640022,0
"d3","Sub2","Banana","C",6505.75550916795,4241.32096800896,4450.43813295623,5.73307016208843,203.64994416762,247.183055275891,150.040631249929,103.224820035444,37.5491039148961,0.00774898848548502,0.00433276446148979,0.00686119270736841,0.116231109056224,19.2120489779473,0.00892682994301429,0.00237170914353606,0.276877031781058,0
"d0","Sub3","Banana","A",174.478356103744,49.4946686477276,39.8016679982909,53.1852141035158,1.80803831882039,3.28288621050808,1.7637569713703,1.02535030681433,1.86473546119866,0,0.0010637048061014,0.00105061771420024,0.00976058465975794,9.15562311802247,0.00299222493632503,0.0226373059473366,0.00299222493632503,0
"d0","Sub3","Banana","B",178.078310107633,59.1337518742181,46.7920168283333,55.5985139337539,1.8699587637093,3.88364760878321,1.90884035726325,1.03053766779173,1.99573795161241,0,0,0.00108685629348203,0.0109325407127546,8.53677668522141,0.00351804308160433,0.022593105765042,0.00351804308160433,0
"d0","Sub3","Banana","C",164.338381017824,52.3822204978239,44.6535892285012,44.1209717410717,1.77962980070255,3.26700343751749,1.49635456663795,0.88945653627977,1.85307459659499,0,0,0.00118597708579668,0.00738300369989663,7.73740647866537,0.00612356721252806,0.0241611474296115,0.00612356721252806,0
"d1","Sub3","Banana","A",5669.55213624573,824.592154336393,391.709471036189,505.173043087038,13.0068282638974,12.9431731471968,13.5008525983943,6.43993733651699,7.63385519809181,0,0.00175166606492667,0.00299241051083196,0.100608209933151,692.149974738446,0.0244468837759677,0.00848649037829678,0.0244468837759677,0
"d1","Sub3","Banana","B",4456.22245057038,813.848637318304,180.141598508603,505.230391068077,7.30502639808955,7.60707267061546,7.78479006687607,4.30194694139369,4.60403744874205,0.000271069892868199,5.32085680614102e-06,7.11791996799595e-05,0.0551120310843135,458.200943890424,0.00677479283640006,0.0106324008810056,0.00677479283640006,0
"d1","Sub3","Banana","C",4782.69696201333,1184.24189518347,1523.07880790126,304.105982957405,15.7640031779812,12.7313408895104,18.5912696146919,12.6505451967986,5.1725091730435,0,0.00113963726593743,0.00194419672432623,0.519904663203633,494.790501142812,0.0440898987489352,0.00994076482663277,0.103378052980393,0
"d2","Sub3","Banana","A",5195.13485791009,1464.18579123345,2751.58407195577,14.031633943536,103.47634766818,44.3736766731594,65.7299037636439,48.5167298310143,11.7915559385968,0.00552452447574427,0.00514194545314362,0.00445373452163496,3.42723491129101,942.417551889854,0.139860967314434,0.00481834040472663,0.123949138636288,0
"d2","Sub3","Banana","B",5363.44644304958,981.207513052738,221.003980295291,941.543955611113,12.3330050034799,13.8105750625273,10.7274877589405,6.36362273259179,8.63781403906665,0.00920842390154464,0.00296680283976542,0.00334138026775253,0.108335708722063,860.659498938103,0.00476468384952248,0.00661826732084127,0.0861044673665035,0
"d2","Sub3","Banana","C",5972.53660390251,2325.4767742822,2048.08396876457,161.890538766476,66.3351295719977,49.7391926424307,80.6526561882935,56.9828885906201,12.1314549575613,0.000939808906377176,0,0.00610801510559159,6.07536255119011,918.216351518844,0.391830805725736,0.00429793308270369,0.143584969203866,0
"d3","Sub3","Banana","A",5805.37359853302,1902.34601844308,3371.53147335442,1.91640397019649,184.939290822708,75.2887982989059,98.9656859676142,77.0605935741162,14.1960565515893,0.00988655935857177,0.00740178283394936,0.00483760079806118,5.31370319266511,1043.05828506599,0.22344703868906,0.00656676261139597,0.179224000837805,0
"d3","Sub3","Banana","B",6171.9085227319,958.734997390393,233.551320150247,1140.50849713762,16.5428199171043,21.4923662507179,14.7085901826262,7.71833514520998,13.2996703192022,0.0062667638471588,0.00787668312080784,0.00231268516646201,0.189952517920575,1340.08068410463,0.00550996415148808,0.00365112805720044,0.100791051075484,0
"d3","Sub3","Banana","C",6365.57731726593,3478.47295656039,2362.37280382306,50.4458358904406,102.047394737293,72.9195311714008,106.903533730811,81.5496451767025,15.5687471835063,0.00609320409401005,0.00649667548726166,0.0103784802982167,10.1991710864221,68.4614834919987,0.39846883011269,0.00377688147711917,0.141645009737701,0
"d0","Sub4","Banana","A",150.218661273592,83.5214880136547,67.1280889004126,37.5383678982881,1.72825957094376,4.16863689741133,1.71834326720493,1.06720593043881,0.133383107083755,0,0,0.000370534786966543,0.00416281041600773,13.3986706152745,0.022602869689794,0.0150078024994685,0.022602869689794,0
"d0","Sub4","Banana","B",164.626645514288,87.0822692845011,64.2189381560318,41.5340729861775,1.88800930899236,3.67038938134405,1.82348123249058,1.11679443036265,0.174140730990877,0.000394094320685623,0,0.00127646108357731,0.00581887843601042,13.3639743671539,0.0227892996703122,0.0231299838796652,0.0227892996703122,0
"d0","Sub4","Banana","C",168.942331739169,77.4311450504221,61.8494598810276,43.4061477339353,1.63062542784846,3.4410385318923,1.52151840183389,0.863467448456245,0.187361976471505,0.000913267931675526,0,0.00241896951685896,0.00414937155875687,10.6613208183318,0.0168307722292676,0.0175605612118466,0.0168307722292676,0
"d1","Sub4","Banana","A",5348.25219179108,806.123507649391,943.570693223387,1020.29461903877,12.8322311079359,27.907676641493,14.2996421881028,7.57206323539655,2.871828357354,0.000650816019276546,0.00127418517559961,0.00189775951357878,0.024845147037723,724.997453085895,0.0273750818545439,0.00747624324227965,0.119878066904712,0
"d1","Sub4","Banana","B",5888.81068823934,978.856172520585,1378.69877179901,809.627647479532,20.8362465091921,32.095292644471,29.1083723958921,14.8093457470676,3.73307200634546,0.00695618050258804,0.00158778759648653,0.00550058694859834,0.0258958124165954,876.085348367602,0.0536960538496741,0.00355686483580925,0.128234536297736,0
"d1","Sub4","Banana","C",5649.05914343849,719.033547955803,1105.20946917032,1251.71608050152,22.6623262437021,39.826492596885,24.2308851986181,12.6322136838144,4.46489293831218,0.000886053645995071,0.0085063257238525,0.0107756478921178,0.0400800433137183,1131.11314996165,0.0247131465375606,0.00476950420930441,0.135233509016723,0
"d2","Sub4","Banana","A",6419.383811826,1234.91425074265,2306.63751981549,659.561239425045,22.7109192158318,55.4387138960019,25.7676858454607,12.4202660733184,5.54179351909085,0.000741107569160266,0.00218641783336307,0.00179471740100419,0.0327818068879885,1304.29202851091,0.037073175220232,0.0055546577794662,0.155301163838277,0
"d2","Sub4","Banana","B",6237.02157391038,1147.32815702791,2366.80582821208,426.739286695563,24.4754781776422,43.7936947319655,28.8881226273502,17.1472527798446,4.93831666585152,0.00270477409215039,0.000849090190423899,0.00935822152688295,0.0317039129262591,1008.68218900699,0.105606592962052,0.00526304890630522,0.143421058505517,0
"d2","Sub4","Banana","C",5512.11823669818,910.25547967846,2281.41915276962,850.632154823181,18.3750025862677,36.2875030607379,21.7969994468163,12.5356063673072,4.32383360521268,0.00388909940192225,0.00568672793196474,0.00494966296976508,0.0363761272892148,875.533918353138,0.030687127053712,0.00413144445186854,0.119236282431887,0
"d3","Sub4","Banana","A",6967.19022302808,1323.97428786628,2299.02364715792,707.117746418858,26.2085748165031,69.2995476031152,27.6349495865284,14.2649839191738,6.87239254758718,0.00272214100397272,0.0141475401444021,0.00178651603257294,0.0520534995156497,1354.8407469005,0.0408611229287304,0.00348652497977725,0.181242726811938,0
"d3","Sub4","Banana","B",5818.32628633031,1090.86812927744,2325.6999658884,377.144050448945,28.4325559050715,53.6956654755808,33.5731180348775,18.293321506832,5.52682988336036,0.00231807918668184,0.00607288969796927,0.00151837840337342,0.0523198287753657,1320.51721058888,0.104048984874573,0.00411531511811805,0.158754122281026,0
"d3","Sub4","Banana","C",6202.89971828454,965.734214073743,2429.75392847022,789.676307034671,24.4080639476631,49.856555008519,26.3200333045241,13.9661294300902,5.73499425228864,0.00138765194293522,0.00699938922628998,0.00468170161259754,0.0404838969904643,1067.3234682975,0.031932097968295,0.0067427832686424,0.156902409782089,0
"d0","Sub5","Banana","A",92.8975508506308,26.6527738039713,12.0111535957025,26.7840581676984,3.48904076562859,2.83467198700197,3.17576831805937,2.02564893791658,0.72779278238857,0.000949034224707256,0,0.000946934420767854,0.00669737092096078,9.97733756481293,0.00490626629264431,0.0194656032162989,0.00490626629264431,0
"d0","Sub5","Banana","B",93.9250888266048,32.1718006297949,15.0080089304248,28.3311426357511,3.48494060449523,3.00591897619584,3.37985627684032,2.16498204840688,0.689920617044277,0,0,0.000699404039514405,0.00587842505267428,11.7059725179502,0.00554833155912721,0.0231682608336911,0.00554833155912721,0
"d0","Sub5","Banana","C",80.5981079883199,23.0813800539491,10.4848203705227,23.4581696453771,2.90776681922293,2.48550975397176,2.77965583898855,1.74670996076455,0.611961107995192,0.000175053990358511,0,0.000312031145275754,0.00644702067659739,9.30764436880593,0.00295205269309159,0.0218156027028888,0.00295205269309159,0
"d1","Sub5","Banana","A",7301.16333208848,496.37943519804,74.1750992378684,1625.4504747131,19.2838576834071,15.5775535736428,13.5209192333466,4.76412233745319,5.7935060615153,0.000517757370710153,0,0.00106073010508546,0.137982759138429,1610.70695743479,0.00176652231746847,0.00505417066931583,0.0745786770670281,0
"d1","Sub5","Banana","B",6580.07516412736,3124.55621049014,543.42702541153,277.93516211191,79.2699985706251,14.7446069250693,45.9771177485741,39.6163800578321,5.64714601596235,0.00182932411760528,0.00372914862296466,0.00130505612673826,11.6050507950632,6.56072607308134,0.00240398497257296,0.00563181270948413,0.0942035691760768,0
"d1","Sub5","Banana","C",4718.0800257924,341.569780060355,87.0057281199943,482.619110570064,6.9638694313012,4.59315412552715,6.48319923198443,2.64225016509715,1.56162322447103,0,0,0.00022133353405065,0.0600830860178,395.697848293342,0.00387841818931291,0.0123726837846241,0.0800154421332736,0
"d2","Sub5","Banana","A",7748.77466542226,545.809390923522,90.6794701992011,1883.84841393342,14.201766087347,12.0119015175974,11.3071217762649,3.93978966828974,4.8732818317984,0.000675306182553469,0.0101631968198624,0.00571318844186803,0.136762785679765,1301.69052113588,0.000570726970884598,0.00565680828219985,0.106499719626467,0
"d2","Sub5","Banana","B",8199.19883946508,4189.810571883,1072.35919515923,468.862059555025,94.5197722866827,21.3693593634822,60.0457356218827,44.9978708864252,6.07629260568247,0.011742029733171,0.00840510225113782,0.00936267665609233,13.5137053738274,11.9165478616292,0.00144664630089628,0.00340977767964622,0.0980081910588034,0
"d2","Sub5","Banana","C",5073.99510578605,407.443434095033,104.132232191079,1320.47302575912,9.85623383301766,8.65345537318898,8.14985314630566,3.37530485147548,3.11870546445259,0,0.00117413954578555,0.00134489988735895,0.13311115070051,737.64543772716,0.0017951053506073,0.0104059189236202,0.0777346376372486,0
"d3","Sub5","Banana","A",7798.87148161922,492.691401346127,93.2705408365158,1871.30204717842,15.6174004462034,13.7164493960242,11.1527406025555,4.41388446462381,5.43706733962166,0,0.00797025990336064,0.00190077678877063,0.15664317711809,1473.36030199872,0.0036728613589781,0.0044632137998318,0.0735084388540215,0
"d3","Sub5","Banana","B",9308.42758248584,4082.90998008732,1173.81750377131,520.220675220664,112.29226099184,28.9947351501891,76.2181720677071,53.7648780984734,8.65066545579255,0.0087195087325984,0.0146046900290934,0.009566356275963,17.5430922935355,26.3419660270183,0.00223145223280741,0.00333819338570029,0.115011204221696,0
"d3","Sub5","Banana","C",6403.11050983382,328.108526737597,84.0972647163567,2854.12538439354,13.1441125176715,12.4836939830159,10.1628063436044,3.9449126194171,4.34076072373571,0.00284461287505598,0.00547719607182377,0.00689346647346157,0.166549913417001,1377.81914884506,0.00354328177288959,0.00697541198287677,0.101804799923417,0
