"Day","Subject","Treat","Rep","Glucose","Galactose","Fructose","Xylose","Arabinose","Fucose","Rhamnose","GlcA","GalA","GlcNAc","GalNAc","Mannose","Allose","Ribose"
"d0","NoSub","ctl-m","A",0.00368407021113377,0.00527699242645285,0,0,0,0.00207637646346435,0,0,0,0,0,0.0013106968634238,0,0.00433645830133394
"d0","NoSub","ctl-m","B",0.007158622804078,0.00383891117678189,0,0,0,0.00153675539479006,0,0,0,0,0,0.00121040601751795,0,0.00320212367827385
"d0","NoSub","ctl-m","C",0.00194973412211835,0.00419541776671415,0,0,0,0.00195639270168591,0,0,0,0,0,0,0,0.00330895239352574
"d1","NoSub","ctl-m","A",0.00207256206045373,0.00297361285368678,0,0,0,0.00159349521384494,0,0,0,0,0,0.0014784675339751,0,0.00300360561537636
"d1","NoSub","ctl-m","B",0.00185305857329419,0.0055475375431337,0,0,0,0.00162486245960576,0,0,0,0,0,0.00145628109518827,0,0.00342847128332292
"d1","NoSub","ctl-m","C",0.00336390580244355,0.0059980921831927,0,0,0,0.00204182624432521,0,0,0,0,0,0.000986759510301005,0,0.00243212631713276
"d2","NoSub","ctl-m","A",0.0105645436070845,0.00918792818582075,0,0,0,0.00201489723403831,0.000216013383956305,0,0,0,0,0.00064390895270551,0,0.00339633524626167
"d2","NoSub","ctl-m","B",0.0143990090858753,0.00892369171285735,0,0,0,0.00180404954867826,0.000226378569938712,0,0,0,0,0.00131192463664687,0,0.00364569047771011
"d2","NoSub","ctl-m","C",0.00223371049710082,0.00467792518515989,0,0,0,0.00143558527410127,0,0,0,0,0,0.000996628211421555,0,0.00303879598720777
"d3","NoSub","ctl-m","A",0.0142101412438713,0,0,0,0.000173348185245701,0.0162422985983638,0,0,0,0,0,0.030635279299451,0,0.0175254614582778
"d3","NoSub","ctl-m","B",0.0084908978526367,0,0,0,0,0.00195500930306927,0,0,0,0,0,0.000763400904666185,0,0.0037972245327217
"d3","NoSub","ctl-m","C",0.0094315550595932,0,0,0,0,0.00164993156729274,0,0,0,0,0,0.000827324316730305,0,0.00316953171225879
"d0","NoSub","MSPrebio","A",16.8104598063068,0,0.0480525239055079,0,0,0.00381326204020774,0,0,0,0,0,0.00403095373044438,0,0.024529768379236
"d0","NoSub","MSPrebio","B",20.0392071485092,0,0.061132692791784,0,0.00603743608696205,0.00354561541727968,0,0,0,0,0,0.00393585224802626,0,0.0302681178953789
"d0","NoSub","MSPrebio","C",10.8707998796092,0,0.0367644915262866,0.000803235449463235,0.00277970090899325,0.00278747877664207,0,0,0,0,0,0.00440372152049455,0,0.027241897748733
"d1","NoSub","MSPrebio","A",9.1354755081939,0,0.0219656407512042,0,0,0.00299142986189305,0,0,0,0,0,0.00460896714570724,0,0.0278982435774772
"d1","NoSub","MSPrebio","B",18.1748186202512,0,0.0494909687436718,0,0,0.00303841394627,0,0,0,0,0,0.00254038946902594,0,0.0270759235953443
"d1","NoSub","MSPrebio","C",10.1508109934072,0,0.0272133410677215,0,0,0.00114975585874123,0,0,0,0,0,0.00456955997429759,0,0.0257731829684024
"d2","NoSub","MSPrebio","A",6.31759412647355,0,0.0235857134280888,0,0,0.00307702313558747,0.0008156693498344,0,0,0,0,0.00376532445226506,0,0.0231746406679043
"d2","NoSub","MSPrebio","B",7.94648824889485,0,0.426844900260128,0,0,0.00314719971843185,0.000550639675095905,0,0,0,0,0.00690240564244365,0,0.0287560627546302
"d2","NoSub","MSPrebio","C",9.25992560680605,0,0.0350123016668217,0,0,0.00335483418153193,0.00122156687353007,0,0,0,0,0.00465588570697046,0,0.033559905337045
"d3","NoSub","MSPrebio","A",8.19215907793895,0,0.0300942718935223,0,0,0.00369001040403215,0.000385456915099233,0,0,0,0,0.00378094981149096,0,0.0233962500911118
"d3","NoSub","MSPrebio","B",8.3829143646882,0,0.0244908984832403,0,0,0.00346636390602154,0.000569573996032925,0,0,0,0,0.00416959798875311,0,0.0284132207657504
"d3","NoSub","MSPrebio","C",8.17593940199805,0,0.0272940428280939,0,0,0.00370369861686858,0.000297457097015886,0,0,0,0,0.00547670650250055,0,0.0254654038202505
"d0","Sub1","MSPrebio","A",8.1837878093893,0,0.0243627147671362,0.0087444435182386,0.0144248305671266,0.0077715146335428,0.00781930576463305,0,0.00789181535810865,0,0,0.00641424743672605,0,0.052737786774651
"d0","Sub1","MSPrebio","B",10.3651058667574,0,0.0328372086703736,0.00794242241399465,0.0152256041669719,0.00708647079225775,0.00654315206690715,0,0.00502037632968665,0,0,0.00779853284781475,0,0.05271526343165
"d0","Sub1","MSPrebio","C",9.51299584596075,0,0.0314786571717488,0.0084365536999555,0.0164963013666756,0.00760910715442935,0.0071368688276014,0,0.00866925242322475,0,0,0.00515881871100075,0,0.057544133014726
"d1","Sub1","MSPrebio","A",5.38673919060135,0,0.022633099626416,0.0076167188001572,0.00904488431896235,0.0077938640565953,0.011156057300632,0,0,0,0,0.00316092983425437,0,0.047692206871776
"d1","Sub1","MSPrebio","B",4.41083434496953,0,0.0161934515638775,0.00740571078273025,0.0108674657147444,0.0077339132855077,0.0104023512662696,0,0,0,0,0.00310661441493906,0,0.0491083737466154
"d1","Sub1","MSPrebio","C",7.93067740204385,0,0.0244612311043463,0.0074445774544316,0.00760056320951315,0.0093439256726823,0.00955409130940275,0,0,0,0,0.00390600025846882,0,0.0516685298948045
"d2","Sub1","MSPrebio","A",7.1172601170226,0,0.0252783626956341,0,0,0.0079291122623378,0.0125444601931573,0,0,0,0,0.00503227056354945,0,0.056910051490221
"d2","Sub1","MSPrebio","B",7.01308847281445,0,0.0369056143205934,0.0063203671678085,0,0.008566150708352,0.00978950654564755,0,0,0,0,0.0053497268149244,0,0.0564334703141335
"d2","Sub1","MSPrebio","C",6.9171412653277,0,0.0307139531161644,0.00650592537636875,0,0.00918489089383405,0.0096756340178054,0,0,0,0,0.00356787257572931,0,0.0487846822647481
"d3","Sub1","MSPrebio","A",6.4597890434284,0,0.0206434590063388,0,0,0.0102059883733547,0.0107062613500906,0,0,0,0,0.00256062378960474,0,0.0479229806417805
"d3","Sub1","MSPrebio","B",6.29171968151825,0,0.0250731669052911,0,0,0.0115120643146055,0.0105582587564494,0,0,0,0,0.0051473095457079,0,0.0509832312761525
"d3","Sub1","MSPrebio","C",10.1033178299959,0,0.0327625521580386,0,0,0.0110543623354419,0.0124649609185116,0,0,0,0,0.00543781854180385,0,0.0575852967700335
"d0","Sub2","MSPrebio","A",8.95185055726315,0,0.031783941762822,0.00306030668754834,0,0.0071981499002138,0.0180255956679648,0,0,0,0,0.0068456948318931,0,0.0449958032970229
"d0","Sub2","MSPrebio","B",10.6257708065248,0,0.0325339319786141,0.00427246865180903,0,0.00890441018011945,0.0178094766283989,0,0.00179759130611172,0,0,0.00557219269723445,0,0.056917780677998
"d0","Sub2","MSPrebio","C",7.7912618382369,0,0.0259416481114306,0.00432270152822299,0,0.00853908765539085,0.0158165360438989,0,0.00144745347108176,0,0,0.00675047755355945,0,0.0545491144188265
"d1","Sub2","MSPrebio","A",0.268570818927516,0.0755151216635245,0,0.00190248969643124,0,0.00579579306690705,0.0394385078783281,0,0,0,0,0.00327470974160222,0,0.0417549957393858
"d1","Sub2","MSPrebio","B",0.552656060507095,0.118536453293797,0,0,0,0.00738513264383975,0.066712768125352,0,0,0,0,0.00318664491251657,0,0.0587549191116045
"d1","Sub2","MSPrebio","C",0.463193061024056,0.138161588327333,0,0.00333067785143439,0,0.00818674552149495,0.0840602032646645,0,0,0,0,0.0027905094879556,0,0.0683193674966985
"d2","Sub2","MSPrebio","A",1.35155808593279,0.459677165696709,0,0.0089195834392821,0,0.0232035179199006,0.338360277865547,0,0,0,0.00155907095249892,0.0089365716389647,0,0.314575081028117
"d2","Sub2","MSPrebio","B",0.293104618272838,0.112617702878364,0,0,0,0.00786128573591355,0.0777709608388395,0,0,0,0,0.0125297990239333,0,0.059202804675817
"d2","Sub2","MSPrebio","C",0.50222851638109,0.16952062371029,0,0,0,0.0102196017317445,0.121765085536305,0,0,0,0,0.00363464913174546,0,0.099973424686618
"d3","Sub2","MSPrebio","A",0.130109749992035,0.100713085546898,0,0,0,0.0079508948494215,0.0661308550305195,0,0,0,0,0.00263164360148707,0,0.050772437586406
"d3","Sub2","MSPrebio","B",0.17101005133704,0.105566833982273,0,0,0,0.0078198764430239,0.0709215206519415,0,0,0,0,0.00259833752178603,0,0.0451159493703985
"d3","Sub2","MSPrebio","C",0.140266106235735,0.111280903514915,0,0,0,0.0082792047587377,0.079862045414152,0,0,0,0,0.00271959068318057,0,0.0458051113939372
"d0","Sub3","MSPrebio","A",8.98890788775315,0,0.0302662211555835,0.006243511989291,0.0123534729252563,0.0055367839692975,0.0093310655066061,0,0.00137929007423109,0,0,0.00706648275877215,0,0.0450500771165648
"d0","Sub3","MSPrebio","B",10.7673816414153,0,0.030892531232647,0.00571483814357725,0.0106470617715823,0.00692801913293725,0.00969830800603075,0.00198303950343329,0.00315489803415629,0,0,0.00639586766353615,0,0.0415881395966958
"d0","Sub3","MSPrebio","C",7.86020800173705,0,0.0226316205214677,0.005529824610498,0.0127950110165167,0.0064556717295332,0.0098922223613294,0,0.00445309190012278,0,0,0.00666228572646385,0,0.0416549503873404
"d1","Sub3","MSPrebio","A",0.97504676718746,0.352230996084464,0,0.00623606782316365,0,0.00514687393992965,0.0150100252923368,0,0,0,0,0.00667418825990355,0,0.0583231613250155
"d1","Sub3","MSPrebio","B",1.25674253217629,0.363626489748544,0,0.00485811470859413,0,0.00498450811838724,0.016019648738448,0,0,0,0,0.00463422540406484,0,0.0668899167332905
"d1","Sub3","MSPrebio","C",1.35819804427809,0.349080159927929,0,0.00668929289303065,0,0.00496494687017432,0.0142365205878939,0,0,0,0.00145885334376138,0.00416513329566784,0,0.0650397896809685
"d2","Sub3","MSPrebio","A",0.432938145191126,0.229041346912944,0,0.00448689215457797,0,0.00306489437155507,0.0123184022417229,0,0,0,0,0.00344506066408559,0,0.0418724665824031
"d2","Sub3","MSPrebio","B",0.663157023456725,0.247103442407863,0,0.00656201051313995,0,0.00443644976026098,0.0106246087826615,0,0,0,0,0.00295865483524177,0,0.048715992989035
"d2","Sub3","MSPrebio","C",0.92665009324918,0.33804082421565,0,0.0051705376737026,0,0.00433363097290976,0.0126400222117608,0,0,0,0,0.00537911660733025,0,0.0547844503337125
"d3","Sub3","MSPrebio","A",0.427463618254885,0.274130915079441,0,0.00562265963009765,0.0086494587980626,0.00491098172457615,0.0163949458953811,0,0,0,0,0.00551673555722255,0,0.05304032789353
"d3","Sub3","MSPrebio","B",0.64373287370835,0.271204783000738,0,0.0035614101128618,0.0091604270610344,0.00457322252363423,0.0135558684701484,0,0,0,0,0.00397802249365185,0,0.0551213777745405
"d3","Sub3","MSPrebio","C",0.78237553134155,0.29447365965131,0,0.00395208974937872,0.0072404061331738,0.00495578109415457,0.0151887008605961,0,0,0,0,0.00478854619338828,0,0.0599483529275225
"d0","Sub4","MSPrebio","A",7.4073458537047,0,0.0228237653379058,0.00822201534439815,0.0112294767384465,0.00544626018508465,0.0100987838029625,0,0.00366107904562641,0,0,0.00689207883517375,0,0.046260313879706
"d0","Sub4","MSPrebio","B",7.09194827545805,0,0.0255356416707628,0.00800736796412895,0.0112079063942733,0.00419904754840868,0.0106888671013171,0,0.00093069855968566,0,0,0.0104908675351738,0,0.053361829650843
"d0","Sub4","MSPrebio","C",9.86090232378955,0,0.0313331786849453,0.0130222822687311,0.0111584674616401,0.0063854779759552,0.0120224316695182,0,0,0,0,0.009105681322751,0,0.060237124712111
"d1","Sub4","MSPrebio","A",0.85651137152227,0.308385842401345,0,0.0080647230568052,0.0084255649556387,0.0051001575066666,0.0709964846309045,0,0.005835606322356,0,0,0.00499558982893011,0,0.07505111454934
"d1","Sub4","MSPrebio","B",0.649177015444675,0.289644176918451,0,0.0127977033923917,0.0123839747666246,0.00475424812078993,0.069988266041124,0,0.0104454306649474,0,0,0.00465924000172672,0,0.067987208692883
"d1","Sub4","MSPrebio","C",0.212280335869211,0.189343146117171,0,0.0045604226630919,0.00437803657870349,0.00234145215928825,0.0567983961774185,0,0.0050255106225888,0,0,0.00428471966009149,0,0.0520891919073085
"d2","Sub4","MSPrebio","A",0.330000221868307,0.244457997611036,0,0,0,0.00497091014162418,0.0629268441034975,0,0.0104101622292574,0,0,0.0053135679301169,0,0.0586586922923715
"d2","Sub4","MSPrebio","B",0.297804564390016,0.23712644224934,0,0,0,0.0052859001795649,0.0649417311494425,0,0.00821456946891245,0,0,0.00370652579431544,0,0.0621746387990035
"d2","Sub4","MSPrebio","C",0.331897441264227,0.254159854209756,0,0,0,0.0051602637752265,0.0743101760983185,0,0.0132539722503881,0,0,0.00660476017731255,0,0.0669609104279015
"d3","Sub4","MSPrebio","A",0.297330756138988,0.258574496510586,0,0.00641071066201255,0.00773539958991845,0.00568920626447345,0.0647068289361615,0,0.0125563751850536,0,0,0.00507751231919035,0,0.064316817319083
"d3","Sub4","MSPrebio","B",0.325399305309169,0.254563282918137,0,0.00651483114142405,0.00567604830982835,0.0056001985729113,0.0663359298622,0,0.0105452257251664,0,0,0.00500890427989875,0,0.0623126726947745
"d3","Sub4","MSPrebio","C",0.272167787081436,0.284578346133447,0,0,0.00908589191236475,0.0059051143447655,0.0830100731401875,0,0.0134690873045953,0,0,0.00466145679046508,0,0.0739377325919395
"d0","Sub5","MSPrebio","A",1.01160867946894,0,0,0.00253323708502915,0,0.0073881850159905,0.0121004843025118,0,0,0,0,0.0061220003698534,0,0.045438996848671
"d0","Sub5","MSPrebio","B",2.4939157769515,0,0.0098415937099442,0.00431056327558207,0,0.00885360108845265,0.0133122572584696,0,0,0,0,0.00648954385630425,0,0.0496254801910284
"d0","Sub5","MSPrebio","C",5.3387474812579,0,0.0181776718067878,0.00291765831233248,0,0.00772418476603955,0.0132773624380355,0,0,0,0,0.0052822835223399,0,0.0472970443423298
"d1","Sub5","MSPrebio","A",4.48968724000862,0,0.0144047626437458,0.0034448042656045,0.00803705722106965,0.0099568552722849,0.0221321558598701,0,0,0,0,0.00442852465229436,0,0.054324546099341
"d1","Sub5","MSPrebio","B",5.668199544071,0,0.0168648812763782,0.00388065259956418,0,0.010461843234088,0.0202076214522419,0,0,0,0,0.00280341329090331,0,0.06503244265617
"d1","Sub5","MSPrebio","C",5.6347677260576,0,0.0190363446710029,0.00419420538966198,0,0.00841091914916,0.0195658893044032,0,0,0,0,0.00465453032993934,0,0.051446501477865
"d2","Sub5","MSPrebio","A",10.8724053291403,0,0.0406146126424618,0,0,0.0089593193049036,0.0260767097092799,0,0.000584003053107745,0,0.00105550487272516,0.00467965697765397,0,0.0711039580602995
"d2","Sub5","MSPrebio","B",6.5255733966963,0,0.0307133090911511,0,0,0.0122677655278604,0.0228286997286665,0,0,0,0,0.00379828414768196,0,0.0733405263297435
"d2","Sub5","MSPrebio","C",6.0440676821239,0,0.0201335459039996,0,0,0.0111278159929581,0.0228411442988264,0,0,0,0,0.00411652775291233,0,0.0503551744001255
"d3","Sub5","MSPrebio","A",9.4677410466313,0,0.0342015476169727,0.0053957491417063,0.00952049657128805,0.0141534393638637,0.0208311784872045,0,0,0,0.00108655880650209,0.0047620350243577,0,0.0708306315709595
"d3","Sub5","MSPrebio","B",7.76566909070215,0,0.0307485068138663,0.00338680704694768,0.00901359825791475,0.0133649301504612,0.0235473804818964,0,0,0,0,0.00475359152195345,0,0.070068133013199
"d3","Sub5","MSPrebio","C",9.28511696025635,0,0.0351048798261225,0.00539692709302475,0.0104959856084416,0.0134868891387465,0.0259320694949746,0,0.0008975126727637,0,0,0.00459010652401353,0,0.054999992869011
"d0","NoSub","ctl-m","A",0.00156413121945261,0,0,0,0,0,0,0,0,0,0,0,0,0.00164646784808273
"d0","NoSub","ctl-m","B",0.001866538098635,0,0,0,0,0,0,0,0,0,0,0,0,0.00173607663255813
"d0","NoSub","ctl-m","C",0.00448249528930134,0,0,0,0,0,0.000190767127614449,0,0,0,0,0,0,0.00201981066954383
"d1","NoSub","ctl-m","A",0.00209057832464985,0,0,0,0,0.00144997590107211,0.000101821745122151,0,0,0,0,0,0,0.00181871414001746
"d1","NoSub","ctl-m","B",0.00092536222205915,0,0,0.000658355954894465,0,0.00153676394127302,0,0,0,0,0,0,0,0.00191182566063156
"d1","NoSub","ctl-m","C",0.00107606119571639,0,0,0,0,0,0,0,0,0,0,0,0,0.00186307373725046
"d2","NoSub","ctl-m","A",0.00178329344321778,0,0,0.00120313558512998,0,0.00185015002397116,0,0,0,0,0,0,0,0.00212071234455948
"d2","NoSub","ctl-m","B",0.00137878953705729,0,0,0,0,0.00272309886863863,0,0,0,0,0,0,0,0.00271840313197149
"d2","NoSub","ctl-m","C",0.00076896726244341,0,0,0,0,0.00246945260361887,0,0,0,0,0,0,0,0.00159240326332076
"d3","NoSub","ctl-m","A",0.00184941838469839,0,0,0,0,0.000810918988402165,0,0,0,0,0,0,0,0.00184758522091675
"d3","NoSub","ctl-m","B",0.00268221531702591,0,0,0,0,0.00265627281234102,0,0,0,0,0,0,0,0.00316469101736802
"d3","NoSub","ctl-m","C",0.000652808218320845,0,0,0,0,0.00160576481791535,0,0,0,0,0,0,0,0.00118322905090663
"d0","NoSub","Sunfiber","A",0.0462860057915679,3.64297845410827,0.0068545473578415,0,0,0,0.000827904747145765,0,0,0,0,3.98005964425808,0,0.0213927167917861
"d0","NoSub","Sunfiber","B",0.050070402760346,4.09068588398496,0.00947876601378975,0,0,0,0.00106593724361981,0,0,0,0,4.55412763377256,0,0.0215033511020519
"d0","NoSub","Sunfiber","C",0.044615398686785,4.28537321156499,0.0091243321712928,0,0.0075814823117383,0,0.000942498806237485,0,0,0,0,4.93476821793835,0,0.0239637158182955
"d1","NoSub","Sunfiber","A",0.05687907866351,3.8166789349663,0.0148681988985319,0.0135060527278609,0,0,0.00071516196682981,0,0.00083949236480549,0,0,3.99436803541803,0,0.021089044544105
"d1","NoSub","Sunfiber","B",0.047863432859682,4.10149441189838,0.00910512504412405,0,0,0,0.00061174919819801,0,0.000481301850810384,0,0,4.46376143901703,0,0.0216699560648865
"d1","NoSub","Sunfiber","C",0.052835203748756,4.76797429179279,0.0131862247704779,0.00791418840202305,0,0,0.0010541387089633,0,0.00102784815548377,0,0,5.50990917684045,0,0.0282083170093936
"d2","NoSub","Sunfiber","A",0.05657056448305,5.028319337912,0.011346406523234,0,0,0,0.000787732335158455,0,0,0,0,5.5612363177002,0,0.0297161166657827
"d2","NoSub","Sunfiber","B",0.058201963056692,4.3935647272651,0.0105212679736757,0,0,0,0.00100346003557904,0,0,0,0,4.94238879421515,0,0.0232556559776435
"d2","NoSub","Sunfiber","C",0.0445656332311926,4.06593072426836,0,0,0.0221078889742094,0,0.00113627019468619,0,0.00177882633098939,0,0,4.27195890941469,0,0.0218118185460824
"d3","NoSub","Sunfiber","A",0.050765821350823,4.12387317512805,0,0.00881911611990485,0.0257025849194316,0.0030238139871172,0,0,0,0,0,4.61885357326081,0,0.0230840507550984
"d3","NoSub","Sunfiber","B",0.0623665260444525,4.55158715654978,0,0.00101766488754573,0.0237615301205639,0.00438626394174462,0,0,0,0,0,4.51470844943314,0,0.0237383825903712
"d3","NoSub","Sunfiber","C",0.0693611325072565,5.91607991326345,0,0.0145475546643547,0.0396451851096407,0.00755942529824635,0,0,0,0,0,6.6796655211255,0,0.0339324844682002
"d0","Sub1","Sunfiber","A",0.096963631629265,3.62328989420542,0.0090415323407592,0,0.0491454024957549,0,0.0116661115987723,0,0,0,0,4.07355129542405,0,0.0456423661067816
"d0","Sub1","Sunfiber","B",0.107223016100964,4.24486950756357,0.0110780412825274,0.0572528297873785,0,0,0.0112993208322139,0,0,0,0,4.4526580616442,0,0.0483407748229766
"d0","Sub1","Sunfiber","C",0.1122692467304,4.01349847953732,0.00878637221652745,0.081727553386938,0,0,0.0135216807798522,0,0,0,0,4.18833030240992,0,0.050516843897732
"d1","Sub1","Sunfiber","A",0.12788494641997,3.06978299360782,0.00670271794590055,0,0,0,0.0175783288159643,0,0.00166554592552368,0,0,3.36255920554594,0,0.0276287889997419
"d1","Sub1","Sunfiber","B",0.122971383427891,3.1490249619301,0,0.0059918451149627,0,0.0159550450882704,0.0164752600593373,0,0,0.00242842710897242,0,3.84608964117373,0,0.0282375536470402
"d1","Sub1","Sunfiber","C",0.115090733282867,3.02253825658287,0,0.0154144273458552,0.0208769788937675,0.0167346641435192,0.0161151794106766,0,0.00147125513846234,0.00231878074459951,0,3.3582243935897,0,0.0314409699074517
"d2","Sub1","Sunfiber","A",0.118835450162172,3.50542668836433,0.00977834427183715,0.0503617824269145,0.00873739701645655,0,0.016101432054958,0,0,0.00252694026746155,0,3.89877793666352,0,0.0315283173198381
"d2","Sub1","Sunfiber","B",0.108432323127337,3.13003111489087,0.00944454713234335,0.0326065760754713,0.013873412563787,0,0.0151693330797125,0,0.00121000014550287,0,0,3.35238720299651,0,0.0270054042733844
"d2","Sub1","Sunfiber","C",0.109982941017421,3.46022685626135,0.0125924784003254,0.0310333199675521,0.0197887686210515,0.0137611860780969,0.0158751827357836,0,0,0.00461062070803049,0,3.8060348125917,0,0.0295018149225671
"d3","Sub1","Sunfiber","A",0.148407571566713,3.75405216371753,0,0.0121827764340636,0.0218531724971598,0.01663004209015,0.0181150265645986,0,0,0,0.00246235141153011,4.11647285039969,0,0.0354143284133101
"d3","Sub1","Sunfiber","B",0.121546506489135,3.22882151432641,0,0.0387310302111408,0.0160400224854357,0.0127991963548061,0.0137549949671859,0,0,0,0,3.31693791480622,0,0.0253051956252675
"d3","Sub1","Sunfiber","C",0.119502209700087,3.21195421397279,0,0.0120624479465445,0.0345085728201091,0.0168094619695785,0.0171581111128193,0,0,0,0,3.96898984881474,0,0.0305375603035667
"d0","Sub2","Sunfiber","A",0.05422875621245,3.13500700918305,0.0068528134545245,0,0,0,0.0118829652363055,0,0,0,0,3.61310331181215,0,0.0304938697401236
"d0","Sub2","Sunfiber","B",0.068239731070787,3.86095771304048,0.00954713084554535,0,0,0,0.0182490532375947,0,0,0,0,4.20310025933615,0,0.0392497853117682
"d0","Sub2","Sunfiber","C",0.0724315349193695,3.68341839091102,0.0101283705741136,0,0,0,0.0167210801437476,0,0,0,0,4.14213096855898,0,0.0398254020343626
"d1","Sub2","Sunfiber","A",0.161821225463672,0.747590985524065,0,0.00735103467775175,0,0.0309866122168957,0.0515191825219745,0,0,0.00223376848667078,0,0.66296624556423,0,0.0393849081423048
"d1","Sub2","Sunfiber","B",0.156456759150618,0.742221223534755,0,0.00286262658433751,0,0.017435130800159,0.0481058028996464,0,0,0,0,0.57522844678754,0,0.0366728563731363
"d1","Sub2","Sunfiber","C",0.174279008779617,0.87722352185204,0,0.0207801136803945,0,0.0343083982058085,0.056666668149915,0,0,0.00331008885502106,0,0.739778420659175,0,0.0414666960669694
"d2","Sub2","Sunfiber","A",0.148806689548016,0.684441285619905,0,0.0234196626383805,0.0087424525419337,0.0312658368151053,0.0579026371126685,0,0.000551880368097895,0.00340126058459421,0,0.584577455507105,0,0.0372979629710236
"d2","Sub2","Sunfiber","B",0.144320784543671,0.66274916003366,0,0.00937608923013985,0,0.0182555916076414,0.0550276402556015,0,0,0.00214577359801521,0,0.455592947173505,0,0.0328121783455195
"d2","Sub2","Sunfiber","C",0.136254821657381,0.74341257819137,0,0.00198424421995811,0,0.026899578357512,0.050822140304649,0,0,0.00363234447619081,0,0.548714778388725,0,0.0332306690390658
"d3","Sub2","Sunfiber","A",0.091666080521268,0.416538058307579,0,0.0125258895682743,0.0063308208181662,0.022725459653059,0.0439123398145543,0,0,0.00278422863956184,0,0.465511785646811,0,0.0226590250160478
"d3","Sub2","Sunfiber","B",0.14298207461151,0.451603735828525,0,0.0353736464877564,0.0126810659975233,0.0249362057217244,0.0501392265932515,0,0,0,0,0.439690859785224,0,0.0270526322387809
"d3","Sub2","Sunfiber","C",0.134505559025125,0.635620353582415,0,0.00770543062053315,0.0042248896387104,0.0290400941979378,0.059800239696399,0,0,0.00338350541194366,0,0.597469973213845,0,0.0319006694641851
"d0","Sub3","Sunfiber","A",0.072259812403171,4.13291654688398,0.0094413624708208,0,0.0449904349475957,0,0.0097584812532124,0,0,0,0,4.45062869943309,0,0.0366913648909806
"d0","Sub3","Sunfiber","B",0.07848995728143,4.07229405150764,0.0100266225245485,0,0,0,0.0119420810826084,0,0,0.00304569164946471,0,3.87829945224121,0,0.0370763017643706
"d0","Sub3","Sunfiber","C",0.0421253353922345,3.89036312157746,0.0096695946997824,0,0,0,0.00967639474523045,0,0,0.00247837122360449,0,4.19789676949266,0,0.0350735997079793
"d1","Sub3","Sunfiber","A",0.0445570286270641,2.85234001051678,0.0059200431543377,0,0,0.00251347988847799,0.00922816312429825,0,0,0.00131288219990952,0,3.4907766753575,0,0.0203753283268246
"d1","Sub3","Sunfiber","B",0.095155265336873,6.8318448467007,0.0107010406863737,0,0,0.0230804776983571,0.0290651121716047,0,0,0,0,8.1856343607857,0,0.0373562298308836
"d1","Sub3","Sunfiber","C",0.065058787067087,4.67165846295102,0,0,0.0151928734324123,0.0119561249886832,0.018296418261313,0,0.00072343200162169,0.00115185593526203,0,5.1238222493495,0,0.0280606038383998
"d2","Sub3","Sunfiber","A",0.0558678519214915,3.87617507053947,0,0,0,0.0107040517942761,0.0111328591296484,0,0.00155919103923708,0,0,4.01650915199895,0,0.0234988238880508
"d2","Sub3","Sunfiber","B",0.0405460684773885,3.35246987069973,0.00921418394814815,0,0,0.0112197031176481,0.0115893704467279,0,0.00210815503856824,0,0,3.82004602346028,0,0.0168261022415885
"d2","Sub3","Sunfiber","C",0.048297307405374,3.45516635513545,0,0,0,0.0108392703543821,0.0136014101422188,0,0.00097627501865363,0,0,3.70477704262263,0,0.022578054335357
"d3","Sub3","Sunfiber","A",0.0531734148884825,3.65493096927343,0,0,0.0198412778070477,0.0102444615917537,0.0114406526910643,0,0,0.00140192051573573,0,4.07447230787976,0,0.0251330870779944
"d3","Sub3","Sunfiber","B",0.0593343007705275,4.4330056771976,0,0,0,0.010152781927951,0.0126989221375665,0,0,0,0,4.84077867895149,0,0.0244209541793857
"d3","Sub3","Sunfiber","C",0.0661167577947205,4.38524747022138,0,0,0,0.012370595692631,0.0169545385379801,0,0,0,0,5.09746102297755,0,0.0293116109141885
"d0","Sub4","Sunfiber","A",0.080823825668848,3.5607711086876,0.00829707183400175,0.0683642147099475,0,0,0.0125599510135023,0,0,0.00101401075778156,0,4.02041640380484,0,0.0443550804684308
"d0","Sub4","Sunfiber","B",0.0609001151448755,3.60025516248987,0.0089000987446402,0.0099564717767665,0,0.00765169466326465,0.0121990667440482,0,0.00663554465247045,0.00231412098754719,0,3.94052068466454,0,0.0387288215260468
"d0","Sub4","Sunfiber","C",0.077809641113319,3.89026521171696,0.008056051583357,0.0447895200843455,0,0.0081571562412957,0.0127370166419393,0,0.0057959777210167,0.00212534519528288,0,4.2328573278705,0,0.0430706044031613
"d1","Sub4","Sunfiber","A",0.0665068507942985,1.40827679526478,0,0,0.00897394889637515,0.00828988661294285,0.052607534344419,0,0,0.00315431177870268,0,1.33493734662438,0,0.0347145015252261
"d1","Sub4","Sunfiber","B",0.0536309259200135,1.29662013176392,0,0,0.00522171470594175,0.00323557352266171,0.0381153596706833,0,0,0,0,1.27460992398224,0,0.0295869381058157
"d1","Sub4","Sunfiber","C",0.067456833490141,1.55763145111348,0,0.0313620848263831,0.0072367398689092,0.00902235734766595,0.0474565094904228,0,0,0.00401872883736914,0,1.46828075760002,0,0.0335397504950923
"d2","Sub4","Sunfiber","A",0.067097038236411,1.25875937026218,0,0,0.016206653350758,0.00917683270622835,0.0452422470305306,0,0,0,0,1.24262048089633,0,0.0305069531510873
"d2","Sub4","Sunfiber","B",0.063973297858343,1.5063596733303,0,0,0.00263066722818957,0.00350785777223579,0.0443704108126473,0,0.000892389725868305,0,0,1.34271314944773,0,0.032033942775584
"d2","Sub4","Sunfiber","C",0.0642306239525805,1.48031544616512,0,0.0070966455272421,0,0.00929130341545945,0.0494984803836371,0,0,0,0,1.4028514550777,0,0.0326124763911549
"d3","Sub4","Sunfiber","A",0.0700750963068815,1.21203988134567,0,0,0,0.0065986061784427,0.0486828519986497,0,0,0,0,1.19591181255106,0,0.035578137759156
"d3","Sub4","Sunfiber","B",0.077477087774496,1.52337895563525,0,0,0,0.00463428520218307,0.055046094740094,0,0,0,0,1.61500100518174,0,0.0406896601294829
"d3","Sub4","Sunfiber","C",0.0627192962763695,1.31897331137834,0,0.0110618107561424,0,0.0058457419840972,0.0455201749333494,0,0,0,0,1.31969565814469,0,0.0335188194776626
"d0","Sub5","Sunfiber","A",0.072027777102044,4.15447653486655,0.0076080200782143,0.0350780644022557,0.0293995167025781,0.0056054927720969,0.0184397384164911,0,0.00148177128030611,0,0,4.70011800427586,0,0.0410704327409915
"d0","Sub5","Sunfiber","B",0.0389584075013542,2.48542104458866,0.00854422703538315,0,0.0198105511814849,0.00395533893939082,0.00858579165327,0,0,0,0,3.43921948721045,0,0.0269205678976757
"d0","Sub5","Sunfiber","C",0.068053897356675,4.13618390800476,0.0082746684867168,0.0065630909244417,0,0.0127778276280889,0.0210104747333048,0,0.00349645559490586,0,0,3.88292277769408,0,0.0419164485903009
"d1","Sub5","Sunfiber","A",0.0589038441067755,2.81546708668408,0.0098174575219273,0.0144783209063385,0.00889037748175775,0.0121456443520338,0.0269777882066563,0,0,0,0,3.40268816485029,0,0.0212457766515033
"d1","Sub5","Sunfiber","B",0.05467409353158,3.04671628761246,0.0076448401827986,0.0328251411255984,0.0071891547118105,0.0126759659472318,0.0310273137224883,0,0,0.00227365648656922,0,3.35655436639592,0,0.0221159859098256
"d1","Sub5","Sunfiber","C",0.0484901571662009,3.93017034039138,0.00589852900117035,0.0272188987443199,0.017594064791854,0.014728934133488,0.0233645205131885,0,0.00237783115400699,0,0,3.99511484515808,0,0.031582835161948
"d2","Sub5","Sunfiber","A",0.0693357216315785,1.97328702953106,0,0.0333539002060332,0,0.0106457550581742,0.0482782330626765,0,0,0,0.00325102554796932,2.15993529397312,0,0.0321017954787695
"d2","Sub5","Sunfiber","B",0.0648538051512435,1.96486238931704,0,0.0119514549715424,0,0.0072675417496954,0.0397214267067701,0,0.00126543258810384,0,0,2.11355313243316,0,0.025125052358478
"d2","Sub5","Sunfiber","C",0.0553686592106515,3.948875829561,0,0.0465167847456052,0,0.00871095517956905,0.0272216551229977,0,0,0.00112203741490186,0,4.4175806971761,0,0.0328772056978736
"d3","Sub5","Sunfiber","A",0.0323515116041005,0.444878488595164,0,0.00241673558777127,0.00572958344415905,0.00055611011939372,0.0194961085731931,0,0,0.00295286777175709,0,0.59227691737206,0,0.0188531533223226
"d3","Sub5","Sunfiber","B",0.0512540366028935,1.23131925462771,0,0,0.00320486433696985,0.0099401804486456,0.0391058096026756,0,0.00083628816991716,0.00078386760669502,0,1.2460681491876,0,0.0193066155686333
"d3","Sub5","Sunfiber","C",0.0809294031900235,4.53966217353026,0,0.0424580451197794,0.0224715455710758,0.0159719064148645,0.0394419113148993,0,0.00250660194373128,0.00294546945482099,0,5.30838761679515,0,0.0431680333014615
"d0","NoSub","ctl-m","A",0.0052304545686521,0.0124658965512871,0,0,0,0.00087500893967774,0,0,0,0,0,0,0,0.00249174948970581
"d0","NoSub","ctl-m","B",0.0126735389804209,0.0166744085717667,0,7.931776270342e-05,0,0.00103082353351955,0,0,0,0,0,0,0,0.0027737219641352
"d0","NoSub","ctl-m","C",0.00355105257867187,0.011587556157725,0,0.000222726335886,0,0.0007985907040182,0,0,0,0,0,0,0,0.00150621089174578
"d1","NoSub","ctl-m","A",0.00633082400102455,0.01741795223789,0,0,0.000228674868043739,0.00158002780673761,0,0,0,0,0,0,0,0.0027784393864745
"d1","NoSub","ctl-m","B",0.00826839264830675,0.014795756224756,0,0.000233814569316245,0.000245622950915568,0.00109365416286763,0,0,0,0,0,0,0,0.0025404267590181
"d1","NoSub","ctl-m","C",0.006045134812699,0.0140624376884613,0,0,9.2251198251976e-05,0.00131496112321174,0,0,0,0,0,0,0,0.00266680287029439
"d2","NoSub","ctl-m","A",0.00548410413101045,0.0121089127359255,0,0.000159209311382373,0,0.00090672118379653,0,0,0,0,0,0,0,0.00139359745662094
"d2","NoSub","ctl-m","B",0.00737398044070535,0.0170540856090583,0,0.000961992378002705,0,0.00127808599250565,0,0,0,0,0,0,0,0.00207736770201541
"d2","NoSub","ctl-m","C",0.00707231479583545,0.0148745939251281,0,6.37273341253255e-05,0,0.00115107902715773,0,0,0,0,0,0,0,0.00194111350759342
"d3","NoSub","ctl-m","A",0.00720915966028365,0.014859105892437,0,0.000174592276122945,0.00015966304818285,0.00125149829381231,0,0,0,0.000482801147816676,0,0,0,0.00215606323041523
"d3","NoSub","ctl-m","B",0.00714135608030435,0.0175627728905625,0,0.000233723008312565,0.000111752640079146,0.00123972165055926,0,0,0,0.000599479439388285,0,0,0,0.00148564452306123
"d3","NoSub","ctl-m","C",0.00522087212420985,0.0157583465092823,0,0.00026129437200951,0.000459066140236236,0.00119586070400769,0,0,0,0.000468661814884085,0,0,0,0.00219410443790791
"d0","NoSub","CocoFlour","A",0.445097579538394,0.810015395420285,0.0256400035590805,0.00356457307905344,0.051275536437857,0.00444042207732453,0.0131914951524418,0,0,0,0,0.358257563036516,0,0.0631717551073195
"d0","NoSub","CocoFlour","B",0.344916769112201,0.62497562119633,0.0207078164818898,0.00267803693434628,0.039330937646921,0.00404320413787116,0.0098936669850128,0,0,0,0,0.241922591667496,0,0.054190908881769
"d0","NoSub","CocoFlour","C",0.374923160228618,0.55072262032046,0.02301883597227,0.00255059710832533,0.037855718788514,0.00428992931660568,0.00984616751972735,0,0,0,0,0.146544663226108,0,0.056322381416463
"d1","NoSub","CocoFlour","A",0.50506267892001,1.03700847622806,0.022354476920359,0.00378687836947997,0.078665270444456,0.00620121264220085,0.0205876372807485,0,0,0,0,0.580406467803735,0,0.0784525061779785
"d1","NoSub","CocoFlour","B",0.607392674392085,1.0058394704359,0.0251615446495564,0.0173583161163182,0.0724434860011565,0.0073152972179472,0.0196222486266349,0,0,0,0,0.356095047272316,0,0.0787092916925285
"d1","NoSub","CocoFlour","C",0.477995852043437,0.788402111191325,0.0182434245517328,0.00245235889473438,0.055127377796082,0.0066738800275809,0.0152008227987661,0,0,0,0.00037528317587906,0.215332935178093,0,0.072224557866864
"d2","NoSub","CocoFlour","A",0.54559751433548,1.00059279232001,0.029117279655426,0,0.0663665888777175,0.0063440626892535,0.0195523662720174,0,0,0,0,0.277680385596361,0,0.0708590321545725
"d2","NoSub","CocoFlour","B",0.6103610116053,1.03457443500261,0.0302298517539802,0,0.0785310676710925,0.00725950394648755,0.0180035511257301,0,0,0,0,0.201277742123435,0,0.080563632582729
"d2","NoSub","CocoFlour","C",0.58942478554841,0.885193969769485,0.0305243058395782,0,0.064120787644581,0.0060575023146901,0.015979979920639,0,0,0.00288077109080188,0,0.193099108372124,0,0.0795934421414245
"d3","NoSub","CocoFlour","A",0.536795141910545,1.39671586941502,0.026354018249461,0,0.087924380342088,0.0064330288353734,0.0230095503445957,0,0,0,0,0.53519247011288,0,0.065472424424581
"d3","NoSub","CocoFlour","B",0.548797624903995,1.04348708401609,0.0272299342779362,0,0.076903602580943,0.0064349621975409,0.023021910653845,0,0,0,0,0.279825781682983,0,0.0729614532186095
"d3","NoSub","CocoFlour","C",0.57082922611648,0.966865416125,0.0317960558871783,0,0.068407287669028,0.00568602966264185,0.0171967442708118,0,0,0,0,0.185831035097978,0,0.0723584999344385
"d0","Sub1","CocoFlour","A",0.494761473159227,0.67458915108292,0.0185638065958325,0.010344766682497,0.051046298450521,0.00872782329821875,0.050210816497011,0,0,0,0,0.185940406130148,0,0.0849108223388335
"d0","Sub1","CocoFlour","B",0.62180183903923,1.33744395712644,0.0215427747270661,0.0220488869856691,0.0935936150828805,0.0111994162985712,0.066113511543069,0,0,0,0,0.72765262685656,0,0.0942369298496995
"d0","Sub1","CocoFlour","C",0.53302431826011,1.00359888517882,0.0174117392942204,0.0172361791931519,0.075079471872293,0.0104446380646849,0.059529215002711,0,0,0,0,0.416597603005577,0,0.0862941579366145
"d1","Sub1","CocoFlour","A",0.115188800774363,0.493996192005552,0,0.0097823275692399,0.0294840575436636,0.00736726509249035,0.0674977969302735,0,0,0,0,0.207506935052831,0,0.0187026718631772
"d1","Sub1","CocoFlour","B",0.133576706940001,1.17300012492224,0,0.0194793788919568,0.066582763230416,0.0068642939714631,0.066811906026116,0,0,0,0,0.80196840681203,0,0.0189919095669261
"d1","Sub1","CocoFlour","C",0.161938423202691,0.62365236285273,0,0.0243102310847099,0.042057761021876,0.0083369615469724,0.077906230645676,0,0,0,0,0.522873811840225,0,0.0254383502742604
"d2","Sub1","CocoFlour","A",0.0844398999340985,0.59589220150359,0,0.00874565228885765,0.0356056914248015,0.00619288596408975,0.0621982083196235,0,0,0,0.000225209032519144,0.312682006936592,0,0.0167027893663013
"d2","Sub1","CocoFlour","B",0.098908006152772,0.56396807571108,0,0.0129064732145538,0.0370446015071807,0.0071290837190546,0.064508751974887,0,0,0,0,0.267549948068131,0,0.0171721028246829
"d2","Sub1","CocoFlour","C",0.107538245856679,0.282324448997261,0,0.0165023312296282,0.0258870768620562,0.00790854397537685,0.0662138063230465,0,0,0,0,0.119784876019682,0,0.0147849322556029
"d3","Sub1","CocoFlour","A",0.116670234976034,0.894203344512895,0,0.0174457992825949,0.0508051790125875,0.0067865058778588,0.077187908274436,0,0,0,0,0.582346273257215,0,0.0160398253567665
"d3","Sub1","CocoFlour","B",0.10752049157235,0.85491286286416,0,0.0221474744261016,0.056706971243786,0.0066279505131523,0.0750020538293755,0,0,0,0,0.50644620647713,0,0.0160744386061846
"d3","Sub1","CocoFlour","C",0.097868042507298,0.228561094251787,0,0.0135975019348852,0.0209105327252793,0.0070235481045983,0.0708262832344885,0,0,0.000346706674424907,0,0.085780094962479,0,0.0108434226556948
"d0","Sub2","CocoFlour","A",0.37091763733181,0.768251814756155,0.0158213169214877,0.0059242386690808,0.050052669394571,0.00655134270784645,0.0633579572449075,0,0,0,0,0.339381925684812,0,0.067863521428809
"d0","Sub2","CocoFlour","B",0.431675409224472,0.820855112069615,0.0163462826521211,0.00739862207597925,0.057677146680688,0.0080768354392674,0.083305278115203,0,0,0,0,0.279296931180359,0,0.0835853147371115
"d0","Sub2","CocoFlour","C",0.565344590046905,1.19191771504994,0.0202542678729093,0.00976291780643075,0.082684005469715,0.00999439697242745,0.0985021883429585,0,0,0,0,0.54704044264525,0,0.108552055181702
"d1","Sub2","CocoFlour","A",0.10609716444884,0.844672490833885,0,0.00775208821847575,0.0371405583562471,0.00481714709754728,0.0618853594686615,0,0,0,0,0.472162289351031,0,0.0166332186836822
"d1","Sub2","CocoFlour","B",0.154913396473024,0.82931817848312,0,0.00979390715525405,0.0326961037435423,0.00641661483453155,0.088741961120434,0,0,0,0,0.537668777552305,0,0.0177866794055642
"d1","Sub2","CocoFlour","C",0.158379489033507,0.67344941521134,0,0.00850245780358165,0.0267966486501539,0.00736588385648465,0.106166631884563,0,0,0,0,0.34185438172564,0,0.0244712136386812
"d2","Sub2","CocoFlour","A",0.104309322467216,0.70342634853062,0,0.00710348728930565,0.0290448547931587,0.00514551751121695,0.0729553583370935,0,0,0,0,0.361582769858977,0,0.0140931706279392
"d2","Sub2","CocoFlour","B",0.0879753170386495,0.559604081792705,0,0.0065293046753798,0.0250381328671781,0.00470609978591568,0.059476174808223,0,0,0,0,0.334160622509529,0,0.00931642765770375
"d2","Sub2","CocoFlour","C",0.088114454917132,0.392938385531405,0,0.00462340710062472,0.0160008683238203,0.00422809290986592,0.0606114793990395,0,0,0.00215277454239513,0,0.213601886748366,0,0.0114607859413024
"d3","Sub2","CocoFlour","A",0.095726462673411,0.462792907946146,0,0.00451455759443837,0.0197647217116277,0.00487235749619997,0.07240414459515,0,0,0.00275329473475573,0,0.229094727226696,0,0.01582274681545
"d3","Sub2","CocoFlour","B",0.100926604290906,0.627190191552615,0,0.00752737811483865,0.0275355569731929,0.00485542780745772,0.0734819979997245,0,0,0.00245021981241194,0,0.355705953345048,0,0.0129312973444662
"d3","Sub2","CocoFlour","C",0.113027543684165,0.860497152174815,0,0.00707694985395645,0.0395755150921979,0.00542679545470375,0.082422304660308,0,0,0,0,0.552724394793545,0,0.0130858248494547
"d0","Sub3","CocoFlour","A",0.470789023192381,0.94454477128395,0.0205242421769076,0.0098268718702112,0.0645219426178855,0.00842428617973975,0.050604514608433,0,0,0,0,0.404976621960989,0,0.079134702869918
"d0","Sub3","CocoFlour","B",0.455718485251293,1.14035600622368,0.0190596519862778,0.0097823725284655,0.0724584236608675,0.0073884492427871,0.0430066629213822,0,0,0,0,0.682837755109295,0,0.066730222373027
"d0","Sub3","CocoFlour","C",0.563239284657405,1.05011769358617,0.0237036846041115,0.0106773838652334,0.0673081637435185,0.00875702025526305,0.053021664068071,0,0,0,0,0.359245173796952,0,0.0908068602331345
"d1","Sub3","CocoFlour","A",0.192512546223421,0.703517357849115,0.00743932849044875,0.0164060885998139,0.0401052380859912,0.0092513465212331,0.0633045207255125,0,0,0,0,0.303592323020182,0,0.0258354812784603
"d1","Sub3","CocoFlour","B",0.0832564104716875,0.383876892200449,0,0.0063272719288954,0.0202958808663685,0.0103353197641327,0.0598733984514895,0,0,0,0,0.139294229369486,0,0.0234508814725158
"d1","Sub3","CocoFlour","C",0.190859175436157,0.947610703520805,0,0.0122058754586903,0.0465157165492275,0.0143176429157294,0.0970072558371565,0,0,0,0,0.390446722479574,0,0.0396977896020188
"d2","Sub3","CocoFlour","A",0.089691102778141,0.461552929198223,0,0.00537891477842125,0.020078819605214,0.00651653174239945,0.0416635981072561,0,0,0,0,0.189243624772131,0,0.0129392997558394
"d2","Sub3","CocoFlour","B",0.127691112482637,0.706221974421915,0,0.00932040429859635,0.0344596394799567,0.00934673062165935,0.0527905439670195,0,0,0,0,0.399048328852855,0,0.0171290011071427
"d2","Sub3","CocoFlour","C",0.144241327393746,0.67919546231795,0,0.0095047748161169,0.0317940816281542,0.0126595132732084,0.0774501168668605,0,0,0,0,0.293811673152729,0,0.0235572355602189
"d3","Sub3","CocoFlour","A",0.099159269296611,0.383176059582752,0,0.00564620277399405,0.0164055432023864,0.0088093482835027,0.050751588848134,0,0,0,0,0.110157017620447,0,0.0148294185182955
"d3","Sub3","CocoFlour","B",0.119968229397225,0.485723381158199,0,0.0062247020644614,0.0189728744592024,0.0098206879160245,0.052297505325763,0,0,0,0,0.196436160682174,0,0.0157304821009487
"d3","Sub3","CocoFlour","C",0.153800241322367,1.00047127629094,0,0.0095536662049303,0.0453028415698684,0.010748163289635,0.0747481669512235,0,0,0,0,0.600295110100195,0,0.0189666948509874
"d0","Sub4","CocoFlour","A",0.576960034691775,0.96138686761995,0.0186484564605452,0.0111924324627893,0.0599169739919305,0.0071479618167395,0.0553314028102385,0,0,0,0,0.302234870982082,0,0.089927741702335
"d0","Sub4","CocoFlour","B",0.492304319708012,0.94052935625141,0.0375242193388753,0.0127108943077514,0.0567490076460285,0.0052939877895976,0.0422541193196683,0,0,0,0,0.497871644958933,0,0.0569537449711165
"d0","Sub4","CocoFlour","C",0.476332779852485,1.22612973492439,0.0184576267023298,0.01516646821822,0.0798064876869005,0.00685520499604345,0.06010798882977,0,0,0,0,0.720751948940845,0,0.078392551084333
"d1","Sub4","CocoFlour","A",0.13311798174834,0.489246280924928,0,0.0114137091254312,0.0256297108778137,0.005112841886056,0.135784514967059,0,0,0,0.000255170322011242,0.341195177803683,0,0.0361310796539155
"d1","Sub4","CocoFlour","B",0.112561664632347,0.771716209211995,0,0.0135601813482726,0.03625969827175,0.00593777650625055,0.099549995129955,0,0,0,0,0.399275314162853,0,0.0206428997338317
"d1","Sub4","CocoFlour","C",0.100767978730671,0.472186582917569,0,0.0114133081504414,0.0203581915090574,0.00598317550385345,0.095531991708231,0,0,0,0,0.131167990581186,0,0.0202632587848365
"d2","Sub4","CocoFlour","A",0.110372726906731,0.596923639393085,0,0.0102272872141604,0.0238152158112296,0.00453127518161385,0.101236780132398,0,0,0,0,0.216366219413954,0,0.0132458327288541
"d2","Sub4","CocoFlour","B",0.111243193287837,0.68260829219492,0,0.0128656807212109,0.0336543793006191,0.0052342731925303,0.106187736066071,0,0,0,0,0.326834129986898,0,0.0149068285725406
"d2","Sub4","CocoFlour","C",0.098448784245659,0.678987298217225,0.00393031793042614,0.00904920037235305,0.035483669683792,0.00399029421403338,0.0873983934694475,0,0,0.00236972766691829,0,0.362215819542183,0,0.0123591436950206
"d3","Sub4","CocoFlour","A",0.118767153135693,0.769704460051675,0,0.0108239038398362,0.0342337118288781,0.00479113967084574,0.106768895836913,0,0,0,0,0.452476726082717,0,0.0107137170324248
"d3","Sub4","CocoFlour","B",0.121434958525998,0.898062642895335,0,0.0126931241843164,0.0451674956983101,0.00453681809876004,0.127982194664732,0,0,0.000405235873031252,0,0.515119654374165,0,0.012151175338204
"d3","Sub4","CocoFlour","C",0.108042763768716,0.703459268759825,0,0.00893879154749515,0.0336477430278925,0.00408793754058308,0.117783299868568,0,0,0.00297311775098738,0,0.374638955364018,0,0.012341213486929
"d0","Sub5","CocoFlour","A",0.557138999236615,1.13969655944754,0.0196781804522373,0.00998825663563835,0.071613744000428,0.0109672848007401,0.086428881105575,0,0,0,0,0.382350885490426,0,0.0866957736046845
"d0","Sub5","CocoFlour","B",0.467835395618449,1.25009983385644,0.0182826558145774,0.00898987052478335,0.0778256308906025,0.0088629163253806,0.0717078394731655,0,0,0,0.000243937998494293,0.684061103973705,0,0.0757803111786435
"d0","Sub5","CocoFlour","C",0.499454377694297,1.32064462130605,0.022004987138779,0.0135761071135925,0.081077163768429,0.0111394960337166,0.102029124650943,0,0,0,0,0.58977332864157,0,0.0943709501835625
"d1","Sub5","CocoFlour","A",0.0964363198611955,0.67989306184493,0,0.00727713941978055,0.0289149396493715,0.0072725955240648,0.09797874781068,0,0,0,0,0.286824587243811,0,0.0278455612535339
"d1","Sub5","CocoFlour","B",0.108245003201794,0.600742579378095,0,0.0048682335497484,0.0236525137395455,0.0092918686960565,0.097840245472393,0,0,0,0,0.199329189990131,0,0.0271999417162496
"d1","Sub5","CocoFlour","C",0.115963175188094,0.5860560183196,0,0.00495828737594845,0.0208035181094285,0.00996982159385915,0.115699255548831,0,0,0,0,0.165510724671868,0,0.0320377082142651
"d2","Sub5","CocoFlour","A",0.14171773717606,0.91891195398594,0,0.0126022433630832,0.043080150197081,0.00925535040984395,0.157309628887914,0,0,0.00349933055910587,0,0.317233238212028,0,0.0430965230760497
"d2","Sub5","CocoFlour","B",0.127161879524647,0.60194510872366,0,0.00730676468341265,0.0235409785260615,0.0084680159528634,0.103493319019428,0,0,0.00347122984004428,0,0.145145653830376,0,0.0316834401833576
"d2","Sub5","CocoFlour","C",0.128670216994024,0.901148742218655,0,0.0103152153793688,0.0416675521888278,0.0088960770284745,0.11555756771361,0,0,0.00257534373400263,0,0.417170808283684,0,0.0291759651491802
"d3","Sub5","CocoFlour","A",0.133966379634121,1.09942424742313,0,0.012066605280621,0.0560208314327995,0.00785641932630595,0.128595408281639,0,0,0.00399904178912792,0,0.591876327432875,0,0.0300604251227251
"d3","Sub5","CocoFlour","B",0.158786660505058,1.30364641620616,0,0.0142511948771265,0.0722253567003725,0.0091571187216317,0.131114683499284,0,0,0.00332302760806955,0,0.687636627915065,0,0.0334503372209408
"d3","Sub5","CocoFlour","C",0.161180812195317,1.23680339747967,0.0138794854332456,0.012170987859432,0.0584987142978065,0.0109889479387303,0.141892478037939,0,0,0.00343447137904141,0,0.597286651131135,0,0.037081283306619
"d0","NoSub","ctl-m","A",0.0111780003774065,0.0071134552863945,0,0.00179830546432998,0.00476812665164992,0.00144101388305048,0.00079327043817831,0,0.000584606067183195,0.000855616193983375,0.000410783564312109,0.00282800821812296,0,0.0038105740385139
"d0","NoSub","ctl-m","B",0.0134651542273418,0.0074899435272339,0,0.00167858626287088,0.00222600191143727,0.00165176316773957,0.000462106204829107,0,0.000253874650180752,0,0.000278041411290127,0.00181352745658854,0,0.00361664071032564
"d0","NoSub","ctl-m","C",0.00892779564202335,0.00741815460223885,0,0.0019094234319886,0.00152514115144989,0.0014764736689281,0.00028807239674253,0,0.000139170907086092,0.000242790178420892,0,0.0008892672218705,0,0.00317604409641198
"d1","NoSub","ctl-m","A",0.00552833634363255,0.0111603604771284,0,0.0032838117258801,0.00274598358005457,0.00220214324119257,0.000457329281354426,0,0.000355345345125418,0.0010197505733878,0.00027891577367214,0.00132255898718982,0,0.0050752416413649
"d1","NoSub","ctl-m","B",0.0057806654674348,0.0102638467975322,0,0.00370444515888725,0.00190214486717558,0.00130312261143375,0.000310495070655335,0,0.000291785288545098,0.000716529233592515,0.000402678977592295,0.00188233402555717,0,0.0035344345802617
"d1","NoSub","ctl-m","C",0.00129188434891615,0.00152171812067079,0,0.000689416716653505,0.000423315157316012,0.000275067244364847,9.30985104465315e-05,0,0,0,0,0.00124601711177082,0,0.00107439821663537
"d2","NoSub","ctl-m","A",0.0187001829268329,0.0126320497464345,0,0.00430755722784847,0.00730741684801825,0.00211843083297686,0.00052372796083566,0,0.000230462554781446,0.00085874960678251,0,0.00173393108529853,0,0.00452097734712449
"d2","NoSub","ctl-m","B",0.0273149058010889,0.0124025663608832,0.0078164655358646,0.00738617642513595,0.00991917300923945,0.00234182377881648,0.00129530698871599,0,0.00087133169241234,0.00059537513647754,0.000399442778642319,0.00187694846262344,0,0.00420104798500116
"d2","NoSub","ctl-m","C",0.0838987836234855,0.0167473620900079,0,0.00576760365646375,0.0061554479064403,0.00248704451214042,0.000893970164254055,0,0.000317251281141885,0.000845986180881305,0.000376453615317405,0.00233729578034051,0,0.00442774821923054
"d3","NoSub","ctl-m","A",0.0094405854225749,0.0115833076704478,0,0.00355470749531476,0.00523256735642545,0.00350185924475831,0.00245754152060813,0,0.00089017397007825,0.00237200178481369,0.00274375212673007,0.00469965930111619,0,0.0052680716255058
"d3","NoSub","ctl-m","B",0.0107231144156567,0.0102453343867529,0,0.0043393700793826,0.00505252707051935,0.00405187439188197,0.00238196950113954,0,0.00136105740367735,0.00187010020530229,0.00192271258151361,0.00455040154700303,0,0.00551738447069615
"d3","NoSub","ctl-m","C",0.0093271967541642,0.0108423593248005,0,0.00250526735103844,0.00427869817871895,0.00305781288308142,0.00093090624619503,0,0.000162355935225251,0.00073044377783312,0.00025597173268696,0.0081002215102894,0,0.00504943192142975
"d0","NoSub","13Bean","A",1.71950070235458,0.7401029350375,0.0234757386036933,0.134566055529277,0.73881995916168,0.0402601930883831,0.0244647041089666,0.0108663647426365,0.0168980688809789,0.0063572689035722,0,0.120766300311599,0,0.176996713169191
"d0","NoSub","13Bean","B",3.05670088321024,1.09487426862369,0.028668738602311,0.52478851370207,1.77460895341329,0.072854982865539,0.052656704838492,0.0107863529383316,0.0371199210083479,0.0076609898985788,0.000518974459339535,0.102515801454751,0,0.19996286971249
"d0","NoSub","13Bean","C",3.04607561711874,1.02774139482545,0.0331023117151025,0.368061451728402,1.53734275393159,0.0771620262287115,0.0435814352757745,0.0121621950096882,0.026548722051927,0.0084345424140729,0.00074224391153427,0.119864887528969,0,0.241075578530066
"d1","NoSub","13Bean","A",3.58970482182143,0.98998980454272,0.0232794820146676,0.449172439794969,2.02393605188381,0.0717382586844785,0.055112184024567,0.0147626732890982,0.0459808395554449,0.00632765173964005,0.000506924938941865,0.104883555791504,0,0.158106142188897
"d1","NoSub","13Bean","B",3.4157426266733,1.10131619031347,0.0281845235603915,0.435705468958872,1.94455904076244,0.0825175385966195,0.051469620105448,0.0115498163019175,0.0324285270850219,0.00834966599260625,0.000304862886702261,0.122508530145521,0,0.212833643699788
"d1","NoSub","13Bean","C",4.93536273034303,1.33331956171216,0.0376128795926923,0.69062853305261,2.87810385539724,0.104476851817689,0.0652134305959915,0.020859461215711,0.0470959216395671,0.0114836053590392,0.0011331568404045,0.118054688536268,0,0.214767048864944
"d2","NoSub","13Bean","A",3.92801656907038,1.27356151238529,0.0371725533484537,0.479558728802455,2.64682962007116,0.10508191470045,0.057956387989504,0.0171492070461415,0.0342465428759387,0.0114207910167704,0.000439184131601294,0.113765869214361,0,0.253554812091065
"d2","NoSub","13Bean","B",5.0814063549587,1.52829363827125,0.041409010977911,0.763765506543595,3.12151721014058,0.126101689875334,0.076758322197963,0.0200985613713306,0.0456516980175924,0.0139089264012282,0.00094404484579449,0.11271211274069,0,0.261715064735104
"d2","NoSub","13Bean","C",4.39833592736947,1.44170346627946,0.0373725744742706,0.57749378539459,3.1742815669199,0.114859437965491,0.0648540730006855,0.0124197472769142,0.0311596090529016,0.0129645103806301,0.00021061511131007,0.114484304260031,0,0.25445192173953
"d3","NoSub","13Bean","A",4.04324089286832,1.34196997293509,0.0403673209753606,0.604721929269865,2.50880559815706,0.102885730442309,0.0560759606872915,0.0106845562618993,0.0282858051801841,0.0118374982501785,0.0010174611385819,0.107126775274016,0,0.216107123089191
"d3","NoSub","13Bean","B",4.60206502403071,1.41121716751619,0.0408064209440711,0.6551073995005,2.89944657012283,0.113436646707258,0.0637239268614185,0.0194594163815805,0.0416487300036613,0.0135528285629285,0.00119891428947719,0.115158076375158,0,0.225426363350984
"d3","NoSub","13Bean","C",4.39158626030988,1.28181597139177,0.0391285838661271,0.769077907940745,2.90219977210595,0.109871379922774,0.062439038546381,0.00822109057092965,0.0354915134789454,0.0107661700325649,0.000283728072516108,0.0947768815765155,0,0.220767412662389
"d0","Sub1","13Bean","A",3.74570291619683,1.08926658361909,0.0257024832403958,0.689162555843785,2.07846181273944,0.0988897521276085,0.078508907704023,0.0141221327576772,0.059185237790478,0.00926467179088985,0.000405165031748014,0.105984340628133,0,0.239840758798319
"d0","Sub1","13Bean","B",2.64862647905217,0.86315440753339,0.0218754887269554,0.357077989061755,1.40896256744249,0.0667870918861655,0.0490284534174977,0.011245704749033,0.0408638028760169,0.00539114278090125,0.000156985530755013,0.079987343234153,0,0.18020208276231
"d0","Sub1","13Bean","C",2.51002434423919,0.8317661731568,0.0220639000641111,0.348070444221348,1.29568723506576,0.063306023230628,0.0489273219510332,0.00914769587936645,0.0478776238487852,0.0072119865678269,0.000313698902764415,0.0771849143505395,0,0.176799819287883
"d1","Sub1","13Bean","A",1.86108132042294,0.480580382387315,0.00476448217929774,0.806139034696575,1.53408778840668,0.0821046856926535,0.08493655385856,0.0067189803465265,0.0505612098913395,0.0078015129284625,0,0.099252931324427,0,0.0798492425417165
"d1","Sub1","13Bean","B",2.36781134468809,0.593458091702525,0.0228498382766244,0.800336181531045,1.97993207880189,0.095242949296114,0.0886934272008155,0.00729314653387245,0.0607068929517955,0.00785398056007035,0.000567922253963695,0.095821259317743,0,0.092004087091295
"d1","Sub1","13Bean","C",1.69126534861677,0.382767411065939,0,0.361202548956086,1.12184391733485,0.0773681933186845,0.068539352098581,0.00507740903825415,0.0383661184241628,0.00921753213411625,0.000652583608132375,0.07155859884771,0,0.078345029311934
"d2","Sub1","13Bean","A",1.97737208342436,0.56006919713676,0.0082210338870456,0.537522674053125,1.40091440507782,0.0776171333536555,0.0876164419242875,0.00626500707760605,0.0721716733441245,0.00702733347039795,0.000693996957274435,0.115812199686628,0,0.089689392510355
"d2","Sub1","13Bean","B",2.10199610493344,0.47531092815591,0.0084140230281585,0.421952025964935,1.24799538006587,0.081619524941074,0.080643408736438,0,0.0598858149669395,0.0076087625878137,0.000188125711050021,0.111565034088,0,0.0894334527810965
"d2","Sub1","13Bean","C",2.07890227506903,0.499645211461622,0.0075781664710748,0.395365526126339,1.59147139059704,0.078104219676586,0.079808033042784,0,0.057344275802013,0.0088520663522793,0,0.100539824348116,0,0.0870227189336505
"d3","Sub1","13Bean","A",2.143810048826,0.584991683665105,0.0083319820951631,0.568775687858095,1.7433036571453,0.0991185581064975,0.0910119771908675,0,0.0681255050802925,0.0110512350693801,0.000600342091244695,0.090144998960454,0,0.094662023791184
"d3","Sub1","13Bean","B",1.95514618644642,0.49870484760042,0.0071812737145992,0.422104691476264,1.52252633923788,0.083731397705275,0.081583997736147,0,0.0486359738715955,0.0107331764241379,0.00102125635098718,0.096733454633241,0,0.0866619658793835
"d3","Sub1","13Bean","C",2.0935487807795,0.54947043050858,0.0081757706332814,0.533173427305395,1.72382114718775,0.102627287976228,0.0957661627014785,0,0.0592803798472195,0.012332787085706,0.00028235511149254,0.110786807458287,0,0.111979781887119
"d0","Sub2","13Bean","A",4.75306424689043,1.35237665623762,0.031714344194037,0.671957690117595,2.36215029130103,0.104752714583144,0.1055458837562,0.0149213373754726,0.05657116667243,0.0112533934106455,0.000421735056011576,0.116065079285158,0,0.273926135830755
"d0","Sub2","13Bean","B",0.623542097015435,0.205957453732279,0.00611189169141355,0.092486787713036,0.388754427263059,0.016037015801982,0.0240663909791124,0.00414228038676118,0.0119647124187002,0.0012135242855087,0,0.0426626510967151,0,0.062934127589144
"d0","Sub2","13Bean","C",3.05255143731429,1.01438738596661,0.0304728652396494,0.480787539345689,1.7261876856735,0.0836557049201435,0.0824763916330105,0.0105194570051856,0.0405817818957757,0.0107085775558404,0.000279863318556518,0.102839160150295,0,0.234148437290958
"d1","Sub2","13Bean","A",0.360114964125986,0.255484317422447,0,0.428335863928553,0.240072092140757,0.0382610434539898,0.0967474511349605,0.00223419403690789,0.0092303749238754,0.0063038678469505,0.00059159885677411,0.0148559755169826,0,0.074853391496331
"d1","Sub2","13Bean","B",0.28988642137254,0.214037430156564,0,0.150464258622165,0.133138687202774,0.0319672772186833,0.085177146472958,0.00159940859154,0.0068248341877258,0.0063822773139427,0.000505077222505625,0.0128657116194156,0,0.0687075154438235
"d1","Sub2","13Bean","C",0.330305123345576,0.26390896739204,0,0.200685779284731,0.187671683907837,0.0387315644187661,0.0929264372208035,0.00104445501606167,0.00896479567842705,0.00661960703648375,0.000142862405636426,0.0136199165147092,0,0.0718987081302615
"d2","Sub2","13Bean","A",0.197739984745185,0.17527640499899,0,0.396269045119456,0.113069903147719,0.0240236962898837,0.0899304919970925,0,0.0067543875125843,0.0074872249820578,0,0.020391875447124,0,0.0491417454057865
"d2","Sub2","13Bean","B",0.291199985177452,0.250358647028644,0,0.289209636582266,0.155068370594304,0.0403728570563391,0.102134552740967,0,0.0171970803281343,0.0074314472023782,0.00115305436225889,0.018108946908066,0,0.0684261819640185
"d2","Sub2","13Bean","C",0.206353541874392,0.208777299370856,0,0.294012981681116,0.10475551111488,0.0282368298224127,0.108559721800502,0,0.0064878868110276,0.009242015422286,0,0.016338532755084,0,0.049642178485551
"d3","Sub2","13Bean","A",0.163726605393398,0.185655209340269,0.0114154490566719,0.206945919435467,0.072777099597031,0.0363868480817032,0.10618118933037,0.0162800141849062,0.0126445369316371,0.0152636866580198,0.0106910794499198,0.0335530878199073,0,0.052174465060043
"d3","Sub2","13Bean","B",0.166458677776721,0.182504361520116,0.00498224758616092,0.242842816249905,0.069177294407189,0.0342492359350467,0.089710843720566,0.0137468128515471,0.0243711198174975,0.0104937005180635,0.00609277081189175,0.0241594039363165,0,0.0544456436140195
"d3","Sub2","13Bean","C",0.180135029068225,0.187148465627336,0.00774758167813135,0.216068204547702,0.058956013980401,0.0287824628444999,0.100479770216543,0.01144978713989,0.0151817049987429,0.0101357739083245,0.00445205319840789,0.0249081735750481,0,0.0483697620766195
"d0","Sub3","13Bean","A",2.70526021193413,0.969502823292435,0.0213414629649476,0.366760610582022,1.25993909013574,0.0657537759231065,0.052144514419976,0.016245595544015,0.0445273175977739,0.0092116196194705,0.000585336261417545,0.13660850522691,0,0.212668479088216
"d0","Sub3","13Bean","B",3.79788392219645,1.17139595405399,0.0281755254385081,0.53772760424714,1.9686239267537,0.0855422127635735,0.065690730604515,0.0209795214290698,0.057019858105164,0.00883050713618505,0.00112493534573019,0.120281195462873,0,0.226765169383546
"d0","Sub3","13Bean","C",2.45435146480644,0.73819593269635,0.0208069353123337,0.277536423286494,1.16535187965201,0.05618025060408,0.0438417430954721,0.0103482396505529,0.0342538986891725,0.00731911333962075,0,0.0843217449604535,0,0.164456901721659
"d1","Sub3","13Bean","A",1.09429434796388,0.441402806487149,0,0.346497100512733,1.15701499309129,0.0494861449068135,0.0553190349568985,0.00401143131771898,0.020474880482252,0.00472801623445273,0.000366133689435907,0.017506265490514,0,0.0722894986540475
"d1","Sub3","13Bean","B",1.07637744452529,0.456610812676187,0.00303856806989412,0.435110411310984,1.2079140001231,0.0492536365526675,0.058163420487207,0.00378321408436084,0.0166673346210641,0.00601227265238365,0.000442568169214282,0.0184849844058268,0,0.0789828350856965
"d1","Sub3","13Bean","C",0.732443999955155,0.382053761017651,0,0.303412471868299,1.08119019515335,0.0415493212058393,0.0500294334698225,0.00472917717483624,0.0136892400169642,0.00412268214623986,0,0.0143955756340443,0,0.074942849492876
"d2","Sub3","13Bean","A",0.668579931631665,0.367220376215981,0,0.278374987881373,0.668877118156015,0.0421964341297446,0.0552956967582445,0,0.0325247531620725,0.00468851861347097,0.000333836712559561,0.016529813264438,0,0.061085810833541
"d2","Sub3","13Bean","B",0.616775707892715,0.433320453997184,0,0.43063116351439,0.774569248619595,0.0502822512322275,0.0726839172545225,0,0.037147284808748,0.0053442183839207,0,0.0187897676022728,0,0.066015992368043
"d2","Sub3","13Bean","C",0.342259084735449,0.40141655075669,0,0.318603137854265,0.78767385512933,0.04334011020818,0.0561721007012945,0,0.0166472711440428,0.00469167453459742,0,0.0176832862902684,0,0.069045756431487
"d3","Sub3","13Bean","A",0.352466145738748,0.274024453425281,0.0086271932246011,0.228488773834641,0.436114235647504,0.0403087560814785,0.0553108286323025,0.0128225712755379,0.0341956079685367,0.0076150652341383,0.0080658106391911,0.0242632944716189,0,0.0578333071764095
"d3","Sub3","13Bean","B",0.437881099272624,0.416353311902746,0.0108476012019311,0.394341513722672,0.60664889182019,0.051290408281167,0.076541173531824,0.0128444260651285,0.053636372036075,0.0126465416770587,0.0100320417615953,0.0287146219121106,0,0.070066072034312
"d3","Sub3","13Bean","C",0.244769625281615,0.382784085465874,0.00575652340583085,0.34744949642591,0.52675241044276,0.051399237092581,0.069154310948207,0,0.0358703847346192,0.0091211368354145,0.0098745375646823,0.0268297262242065,0,0.0672904491886195
"d0","Sub4","13Bean","A",2.18860205355411,0.93389223826789,0.0391145272287051,0.255433197566096,0.979065424191265,0.058015240280704,0.0487459435086859,0.0101344994473317,0.036625459536258,0.0107492922783174,0.000195557227486652,0.117837910996984,0,0.218069854149336
"d0","Sub4","13Bean","B",0.69885999238567,0.220392784329714,0.0085803204148686,0.05579244559906,0.340872301640694,0.0157305868650201,0.0172654616354334,0.00526293705601635,0.0103428384014603,0.00296971014813965,0.000234221503748282,0.0416834787763054,0,0.068550686656998
"d0","Sub4","13Bean","C",3.58597763001598,1.17993255499876,0.0305467714076481,0.489712450256552,1.93712180616386,0.091900574144327,0.067158662879504,0.0145238563614824,0.04913472335857,0.0136115607276548,0.001085643093082,0.0971982677706975,0,0.238890226648579
"d1","Sub4","13Bean","A",0.557115765158925,0.290373521590369,0,0.43414980918708,1.16435289999783,0.0371153298732849,0.0832412073262805,0.0056100303268087,0.0269661690429829,0.0041231181890378,0.000197022942401229,0.0268988718261183,0,0.0948951428803735
"d1","Sub4","13Bean","B",0.323727179200391,0.318076586379559,0,0.240504015055874,0.628882445751025,0.0273250563944943,0.059592373425684,0.00453722066236547,0.0148079561525876,0.00515238320725105,0.000372608829896226,0.0189108243117034,0,0.0734970966037885
"d1","Sub4","13Bean","C",0.427707797628945,0.453143631981876,0,0.49349907725321,1.20885257699332,0.0432472355701261,0.0793693296629565,0.0059617545511019,0.020870470608789,0.0080476131122702,0.000481093976076254,0.0191336522669473,0,0.0841496316909545
"d2","Sub4","13Bean","A",0.191574240709023,0.360396066767527,0,0.383982758355012,0.752206457348765,0.0394331509376284,0.0900126966243355,0,0.0303041960373335,0.0068242890538648,0.00112497404006983,0.0198896537251739,0,0.080997966993809
"d2","Sub4","13Bean","B",0.184050988128161,0.378509754179579,0,0.313443071774669,0.589044797960875,0.0410670581324354,0.091275877944327,0,0.0319789025719774,0.0072964348770579,0,0.0187322061441615,0,0.087123081515363
"d2","Sub4","13Bean","C",0.194376347828272,0.38148646828317,0,0.371462478248731,0.738047823174425,0.0413372231445562,0.09503338911586,0,0.0315397600711086,0.0080321471290056,0.000195988936056707,0.0213663267244493,0,0.099296386328316
"d3","Sub4","13Bean","A",0.16815884139052,0.347459445619765,0,0.385336719419704,0.5331244929889,0.0428855983203759,0.0882355717225955,0,0.0504276986378605,0.0106011067486739,0.0020245333435077,0.0192092319628221,0,0.0801710871115625
"d3","Sub4","13Bean","B",0.189283694825281,0.344106439936403,0.0054504386370798,0.424898306181081,0.52588036327465,0.0535810354456975,0.109105770794776,0.0119912600016306,0.0499388144273977,0.0072225601486674,0.00288999377031831,0.0237450560755246,0,0.101485746110037
"d3","Sub4","13Bean","C",0.181003430412315,0.460083355710923,0,0.607098147913815,0.69630978266499,0.052171617349748,0.1159599183403,0,0.0507601474342195,0.007697999093662,0.00109292675512073,0.026083951528774,0,0.113988415660887
"d0","Sub5","13Bean","A",3.29382109253184,1.0671501534764,0.0261120216030323,0.457710557978304,1.86008586027061,0.0876003657450215,0.076828321545581,0.0146074573349658,0.0393790689840711,0.0116775236999601,0.000234866313840326,0.0969677191084795,0,0.229107134332647
"d0","Sub5","13Bean","B",3.69159391749802,1.13363650761778,0.0296731027814063,0.431523596488553,2.18704385639968,0.100228199503238,0.083522154086751,0.0193730798941972,0.0434199498367765,0.0117627567671198,0.00066254062021462,0.0923803517372755,0,0.226025681049758
"d0","Sub5","13Bean","C",4.62915623114304,1.35933509399531,0.0318206559222057,0.6781067924813,2.58300390703423,0.111325102532858,0.0991338137875685,0.0161192527441851,0.0498919102643911,0.0137471111017025,0.000246800481011268,0.114334439471592,0,0.248497203794018
"d1","Sub5","13Bean","A",3.34860646975061,0.839693164558385,0.0121892197210784,0.512882583162895,1.87937569643794,0.0959997607086105,0.107181451768164,0.0165433809022362,0.0470093918382685,0.00911290210751455,0.000189655391817351,0.0884163215857315,0,0.108025611568315
"d1","Sub5","13Bean","B",2.65851244766058,0.766778846758065,0.00937958392785825,0.537115655275195,1.54802671010987,0.0988073127653125,0.104204408820011,0.0135345078066096,0.051782548006109,0.0091043641642671,0.000396896028009367,0.067692482946816,0,0.0893579665291145
"d1","Sub5","13Bean","C",2.96241225187351,0.72895722188842,0.0115159871335181,0.488177014231394,1.53192272754093,0.100105985361187,0.112085554569172,0.0103257038292118,0.0452886794770028,0.00888259617601445,0.000373725706628681,0.06593756864737,0,0.109837063807651
"d2","Sub5","13Bean","A",3.30566381043079,0.795102739786365,0.0152123059415438,0.67652259406331,1.85685281642579,0.098499197534815,0.132976509490272,0.0179361000382967,0.067112368113357,0.0079537725228795,0.0056071282521458,0.104114898749444,0,0.114912313045685
"d2","Sub5","13Bean","B",3.1247778706306,0.786853207870415,0.0131245280294186,0.460390845732545,1.73447460018229,0.090330512806786,0.117602409231645,0.0142495261553251,0.061939513654073,0.0100876892676718,0.00366462696801009,0.083022689897031,0,0.098556288142376
"d2","Sub5","13Bean","C",2.49252626100049,0.72385561757353,0.0100375681396734,0.474111900689826,1.39254564104717,0.088024423581402,0.098635157052385,0.0124045554664236,0.0461886201251666,0.0112607696257603,0.000426341373350915,0.072724038392317,0,0.0986002355736175
"d3","Sub5","13Bean","A",2.50246979101993,0.744083036908105,0.0102596013475933,0.41158201687059,1.67421162936791,0.0897303726251935,0.105911390678706,0,0.0462836562115862,0.00769103697434615,0.00117046997819854,0.0721782287972375,0,0.118220880950467
"d3","Sub5","13Bean","B",2.49009485416408,0.69909029764485,0.008945966187391,0.459555203771471,1.45249757076238,0.094899391610437,0.109457399759735,0,0.0431552251745335,0.0101292978377102,0.00129937018279304,0.0749101912681805,0,0.110952841200915
"d3","Sub5","13Bean","C",2.77494823456348,0.728026744850065,0.0170250645567489,0.447255758272485,1.56203686726807,0.0897043486868725,0.115249829012309,0,0.0405301528934061,0.00880996587627915,0.000727349363522965,0.0736282420373645,0,0.131135090994334
"d0","NoSub","ctl-m","A",0.0077455916349643,0.0111951249839875,0,0.00495189645464698,0.00215839834006597,0.00170398827407681,0.00071798403590917,0,0.000145021873095408,0.00066946723970903,0,0.00212944188950885,0,0.00465237625778042
"d0","NoSub","ctl-m","B",0.0143098861133496,0.0116422559677534,0,0.00589262881478445,0.00333674695136824,0.00243046703086859,0.000521143666318855,0,0.00111268968748875,0.00084297117301822,0,0.00238476652104836,0,0.00480126919403642
"d0","NoSub","ctl-m","C",0.00636672421532895,0.0092181162801296,0,0.00326907961646993,0.00198049439636867,0.00132675060239949,0.00053794545263417,0,0.000354962334851961,0.000501648933079945,0,0.00151581387709007,0,0.00357059966116771
"d1","NoSub","ctl-m","A",0.0182005513025169,0.0098997288615357,0,0,0.00585570285403385,0.00206192721614448,0.000399593136751906,0,0.00059805936997615,0.00104944491500895,0,0.00144283219693723,0,0.005314300671822
"d1","NoSub","ctl-m","B",0.194465466147316,0.0107593145656364,0.358779333998615,0,0.0078852702255872,0.00211241151608012,0.000142333125018398,0,0.000349291256525171,0,0,0.0558353443216335,0,0.00530380626568315
"d1","NoSub","ctl-m","C",0.0125576473056452,0.0095791444809458,0,0,0.00323750370051474,0.00205228234468172,0.000405768537170628,0,0.000280623607031667,0.00075263336082314,0,0.00280396820672874,0,0.0054513283415156
"d2","NoSub","ctl-m","A",0.0112580774582144,0.010729609194333,0,0,0.00397026202390906,0.00173501703421573,0.00053007238722234,0,0.000713068593271775,0,0,0.00214777573322986,0,0.0037368180597462
"d2","NoSub","ctl-m","B",0.0150898367896257,0.0136620604351007,0,0,0.0053889820803204,0.00179117483918471,0.000745848164420825,0,0.000695398980551545,0.000447306593241691,0,0.00212296078667202,0,0.00479602293445946
"d2","NoSub","ctl-m","C",0.0216042196263143,0.0149762209091962,0,0,0.00609045256142955,0.00220541273745371,0.00087272222254669,0,0.00088045307189678,0.00129244996457224,0,0.00220775751732088,0,0.0044623691478892
"d3","NoSub","ctl-m","A",0.0076409832067037,0.0110909578296079,0,0.00336094716403184,0.00343868952537387,0.00250803717749077,0.00149933576601785,0,0.000966843567651285,0.00211613497873242,0,0.00236364344387575,0,0.00482374592972906
"d3","NoSub","ctl-m","B",0.0248955192868195,0.00970856879842615,0,0.00287682171996329,0.00362110386886634,0.00207979020589127,0.000888444774028395,0,0.00029727338208455,0.00155647961194386,0,0.00256426584597984,0,0.00481401648146154
"d3","NoSub","ctl-m","C",0.0104964180927822,0.0096349160046899,0,0.00242618297010547,0.00401422200232246,0.00150049749207408,0.00090923876761075,0,0.000503749169387155,0.000330847965066242,0,0.00207354988991439,0,0.0039627231655698
"d0","NoSub","Flax","A",0.955735456188715,1.71848448349914,0.0205147744741899,1.71511616453329,0.89311795099927,0.131388655210041,0.249011167728032,0,0.208537184981205,0.0079677746077579,0,0.0630657455328535,0,0.208781358179421
"d0","NoSub","Flax","B",1.29930258579403,2.51999066077715,0.033355393441844,2.57051581142221,1.24169514510637,0.195029607434251,0.401888905949072,0,0.323214070275897,0.00989254730879845,0,0.0878120540348395,0,0.364421728793916
"d0","NoSub","Flax","C",1.07217556375346,2.13651467573686,0.0253067834534556,2.10520819293421,1.04998169192639,0.139106394846464,0.324624593205462,0,0.267528093851078,0.00878663910572605,0,0.0807370390277565,0,0.265097279302498
"d1","NoSub","Flax","A",0.877205920582015,2.02249470374317,0.0419366563033401,1.99821455494825,1.03162875389736,0.173313119789821,0.199911662784965,0,0.140841598791058,0.0165810792425226,0,0.067121327147337,0,0.277063520388466
"d1","NoSub","Flax","B",0.578150752260395,1.25113508285613,0.029425409641132,1.41005493519145,0.713454084502285,0.102072237124828,0.117795612535398,0,0.0968486866280705,0.0082873560463402,0,0.0389132768446303,0,0.151024046429338
"d1","NoSub","Flax","C",1.0183508281603,2.21800311583809,0.0335975112556548,2.37432066734198,1.19830736684476,0.172634128700522,0.266189597513033,0,0.19697334798516,0.0132913917026037,0,0.069763079541404,0,0.262022128400233
"d2","NoSub","Flax","A",0.75744998778478,1.78769704809822,0.0427088744981917,1.85406569880754,0.974019452281005,0.117072412618401,0.148903694940603,0,0.119509336642278,0.0108203867774734,0,0.05733990095857,0,0.204447397761425
"d2","NoSub","Flax","B",0.98912041657653,2.20223696442696,0.0530059273565485,2.30476118529936,1.37879325100609,0.160953626515181,0.193371157636435,0,0.140796852027903,0.0179761267021353,0,0.073757158343302,0,0.281925396736926
"d2","NoSub","Flax","C",0.98019139023768,2.33714208941103,0.0436174595875034,2.49952463696239,1.30132048196785,0.160575641200813,0.210956868701225,0,0.152929682119859,0.0148515566166908,0,0.080436214008116,0,0.322431765514509
"d3","NoSub","Flax","A",0.78613599451822,1.74734639699502,0.0427990411791692,1.46618330349348,0.81271789074111,0.104975968216326,0.157123832265547,0,0.115236693929602,0.0083677847312844,0,0.053615635841306,0,0.17495147964456
"d3","NoSub","Flax","B",0.86917796978663,1.9181608050102,0.0456532151260536,1.53658769002835,1.0647190366402,0.113353868329881,0.143399029709903,0,0.111792418810048,0.00967436794261505,0,0.052794371960163,0,0.172109208876383
"d3","NoSub","Flax","C",1.36033150314023,3.31491682599022,0.0888520758701955,2.88483962687712,1.76688979932933,0.213680115436715,0.240095068823096,0,0.166096396104023,0.0231716536869855,0,0.105821424425,0,0.387646358270389
"d0","Sub1","Flax","A",0.55326102999143,0.77940720668077,0.0116581228461489,0.835032021329275,0.422227243831939,0.0658812358179705,0.115382114154978,0,0.105393048692816,0.00331141953039856,0,0.0301782589930392,0,0.104802792503715
"d0","Sub1","Flax","B",1.16050866514449,1.987837127587,0.0253675024034114,1.94936523588597,1.10299157102997,0.117569866497554,0.246744026492166,0,0.2076221986482,0.0071210044933423,0,0.0650946526776415,0,0.247901316384743
"d0","Sub1","Flax","C",1.08785828137442,1.94937165120724,0.0204594511965122,2.02980138858402,1.12057505402454,0.122307304480743,0.264351742338312,0,0.246641798451187,0.00894560214923085,0,0.0803036437159035,0,0.272204163778875
"d1","Sub1","Flax","A",1.04849226255957,2.11024510400014,0,2.71565353106092,1.32893635205529,0.163847794489429,0.357708396328612,0,0.250861979184108,0.0080536931566914,0,0.0402477614698518,0,0.104434985921185
"d1","Sub1","Flax","B",0.690813501254105,1.61955531356945,0,1.8995065389851,1.0137984494395,0.124397243798066,0.263565703396895,0,0.194108199977408,0.00552028004257455,0,0.0322688038193738,0,0.074671817686951
"d1","Sub1","Flax","C",0.82327186639485,1.79847553233617,0,2.09426098476755,0.936044405379475,0.1395485748759,0.279191416633754,0,0.232168442508874,0.0084299559323486,0,0.0373657623216404,0,0.075010561353282
"d2","Sub1","Flax","A",0.490046227341584,1.72236939023685,0,2.11434312007011,0.82223649352386,0.164012746221251,0.264323262585651,0,0.135963627950536,0.006637904021282,0,0.0279872235457514,0,0.0888756105618615
"d2","Sub1","Flax","B",0.4846827111472,1.25399470667316,0,1.87291452324738,0.838624828949155,0.124524146973094,0.287252103731957,0,0.226849791843432,0.0061191305135008,0,0.0305746619459542,0,0.0745515460361185
"d2","Sub1","Flax","C",0.782625403212235,1.74774191389967,0,2.19794159094193,1.1271629752217,0.136096244280783,0.301539788208071,0,0.177272539936991,0.0055063436620099,0,0.0345807105068611,0,0.059904015633128
"d3","Sub1","Flax","A",0.283417831454311,1.45107551906922,0,1.56925940532144,0.82314894190603,0.113269010392884,0.139918513254406,0,0.085262797334944,0.00471961710844988,0,0.0175074358060855,0,0.0605083288408685
"d3","Sub1","Flax","B",0.251102207051916,0.841132904835115,0,1.00083473468187,0.421256480418997,0.0845897467314085,0.161547015865531,0,0.103196567510652,0.00426875517828468,0,0.0194340379602564,0,0.044213555106339
"d3","Sub1","Flax","C",0.61765713399912,1.69085147655011,0,2.12149720056338,0.819733391625265,0.125271229805711,0.222570485040116,0,0.133645622806564,0.00919235921479205,0,0.0306672253729323,0,0.0585055103763975
"d0","Sub2","Flax","A",0.95819548751382,2.00065904618606,0.0280931210547706,1.9463835662393,1.1487599094715,0.121196861759563,0.254555150300663,0,0.199381776200164,0.0100892346703,0,0.079492095460498,0,0.265750548734053
"d0","Sub2","Flax","B",0.85869467764154,1.93549472314913,0.0274121566968761,1.77681141390831,0.803134094190545,0.125597833022716,0.223018594936508,0,0.180311782118871,0.0122716342364737,0,0.0761208506932845,0,0.285766758668489
"d0","Sub2","Flax","C",0.80996626089636,1.76426107033873,0.0291044887589005,1.52865484848032,0.764258702285165,0.117644000302612,0.216892716895572,0,0.159226253957083,0.0093482630950053,0,0.0764761252555955,0,0.269794352608063
"d1","Sub2","Flax","A",0.380079699901432,1.41520367771187,0,1.73830660595223,0.68589132538892,0.127373380550963,0.189722936251713,0,0.144473797051585,0.00566202449278985,0,0.0183545157521375,0,0.077762712255882
"d1","Sub2","Flax","B",0.60259809417071,1.46027857013146,0,1.82483005643593,0.84613349205514,0.108757252301169,0.128912046472857,0,0.098895926592877,0.0055857256914232,0,0.0182969813314917,0,0.058079964390225
"d1","Sub2","Flax","C",0.38498400104818,1.75407192086198,0,2.10057174481462,0.87536985968874,0.163063368205656,0.216864468333719,0,0.149622673467606,0.00602074710942145,0,0.0218879072737111,0,0.107702621603278
"d2","Sub2","Flax","A",0.21513222805531,1.25225609027231,0,1.45283648838431,0.667496680237685,0.108640839093148,0.16697598147894,0,0.0918886492460025,0.00433299823357007,0,0.0181857687204863,0,0.054858404822702
"d2","Sub2","Flax","B",0.164999756437235,1.04539593633681,0,1.18864575006905,0.448584695515627,0.103300663203591,0.166280347601578,0,0.0937323627553845,0.00460049957789293,0,0.0150475445678867,0,0.061392350462845
"d2","Sub2","Flax","C",0.206335813708903,1.05593453138847,0,1.3178380718277,0.55108784766633,0.102541384153133,0.158713942090162,0,0.099564226896407,0.00452597332136235,0,0.0151089077705505,0,0.0545876037287605
"d3","Sub2","Flax","A",0.207701440914331,1.28836442284265,0,1.52414999215957,0.64957600803415,0.112367159625352,0.187003428060351,0,0.105988355217028,0.00846340685940745,0,0.018779516758731,0,0.059415696149968
"d3","Sub2","Flax","B",0.158683239604044,1.21958242956941,0,1.40244423693987,0.68347558362305,0.107953348125939,0.169161827082181,0,0.0868281085797035,0.00822803871608545,0,0.0207829646391109,0,0.072991815600277
"d3","Sub2","Flax","C",0.199854729074768,1.32338483123935,0,1.53431089516577,0.767941437787925,0.11988954574837,0.171416034306848,0,0.0979402111056185,0.0097237008746382,0,0.0163402047230418,0,0.0588470927468955
"d0","Sub3","Flax","A",1.23635841784044,2.70379844168144,0.035822533863815,2.94297422866858,1.71597112709695,0.18949592253203,0.268685571861423,0,0.209974720237757,0.0170569816664154,0,0.102250109941574,0,0.342335334788311
"d0","Sub3","Flax","B",1.21750692799759,2.3922596497743,0.0358444125914301,2.27920005726827,1.07152779461665,0.17352720436139,0.292534932654837,0,0.249540823180476,0.0121571458254075,0,0.103204871413256,0,0.315185159391302
"d0","Sub3","Flax","C",1.31022288770661,2.27506238336791,0.0329870641259682,2.42650019019209,1.25555866679701,0.144787843650268,0.271121221788221,0,0.218632774196701,0.0113755419542481,0,0.0911793588150705,0,0.272101805066963
"d1","Sub3","Flax","A",0.48725434305969,1.45966662182048,0,1.8020722693085,0.8808700043218,0.141797604938645,0.150551090579952,0,0.08911752927903,0.00580841845876685,0,0.0316534869192565,0,0.115701500709651
"d1","Sub3","Flax","B",0.421243936304523,1.57267168502221,0,1.82741689015082,0.77560319056314,0.139933467254392,0.146471614609614,0,0.103436752369489,0.0063345361384696,0,0.0283407518718945,0,0.113612145115579
"d1","Sub3","Flax","C",0.594922207282405,1.70879814081703,0,2.1853265977572,0.99932050194135,0.157004619777858,0.196914169723814,0,0.12512063848895,0.00660982795879355,0,0.0407374919644206,0,0.136928930704817
"d2","Sub3","Flax","A",0.318361818299852,1.39857944971661,0,1.43316973170047,0.61431169205981,0.134527830057259,0.165591979648338,0,0.117930464856138,0.00238128562270867,0,0.022505889490409,0,0.08130640149562
"d2","Sub3","Flax","B",0.255921913845309,1.25257104686702,0,1.33617691428299,0.5186475656107,0.126884731800237,0.145826387417454,0,0.098153128510976,0.00398647008872104,0,0.0236870781708028,0,0.072996774918413
"d2","Sub3","Flax","C",0.281473204385185,1.212995129139,0,1.25826191354011,0.560041038795755,0.114429119788988,0.143916791997083,0,0.0992686719382955,0.00331338748091342,0,0.0245027615027288,0,0.0756705229631065
"d3","Sub3","Flax","A",0.227387525149726,1.22342355902322,0.0085121212192261,1.40776245462317,0.6181523033895,0.128938361619448,0.122378500631592,0,0.078056443857731,0.0072751182497482,0,0.0261811044648546,0,0.07286086657446
"d3","Sub3","Flax","B",0.244945259597142,1.21460571489363,0,1.40666520067094,0.612475798869675,0.118530509221072,0.116153385775619,0,0.0718212750634495,0.0089183889323429,0,0.0256876605228462,0,0.065512196707604
"d3","Sub3","Flax","C",0.229035356329836,1.19723389137076,0,1.37979233823673,0.552650834225475,0.123822298189926,0.126385283406467,0,0.07264059739453,0.0083170115594658,0,0.0265309120701619,0,0.059460773029676
"d0","Sub4","Flax","A",1.72131064265774,2.99150720550141,0.0394689180891422,3.47941840698733,1.93914571391081,0.193584004094266,0.391653505265588,0,0.326709910963955,0.0145168454939631,0,0.114973016711671,0,0.357358538423826
"d0","Sub4","Flax","B",0.87047715882071,1.69059399506328,0.0434410670736056,1.55789950919365,0.71675310557732,0.138937048298716,0.267328852948233,0,0.212375368997899,0.0138111793819788,0,0.0857216972407115,0,0.30970246159369
"d0","Sub4","Flax","C",1.13750694636082,1.91992577889956,0.0438712121485751,2.01165156305911,0.89638771485843,0.156837989739971,0.314878198008715,0,0.262579936353825,0.0137184850125509,0,0.106194375094184,0,0.356672262537797
"d1","Sub4","Flax","A",0.350507931486569,1.45527086430838,0,1.95799776792886,0.8856106437692,0.148534278714151,0.212428638140377,0,0.106954230700092,0.0062864567481019,0,0.0167044752095981,0,0.102189980703287
"d1","Sub4","Flax","B",0.411904125128065,1.63416133619038,0,2.09546359147987,0.88741288188944,0.151745331529179,0.23338673010643,0,0.114076834063506,0.0084809279933183,0,0.0216637863374982,0,0.10161627583213
"d1","Sub4","Flax","C",0.29198919874279,1.22281849775479,0,1.49321030562445,0.52930138417281,0.120821541094979,0.174951648534771,0,0.0881752122224585,0.0053372864602108,0,0.00957117244258005,0,0.07688469255339
"d2","Sub4","Flax","A",0.227309190881279,1.06889734072945,0,1.28641026909787,0.731756306942155,0.0747119129040315,0.161131629255858,0,0.086070637405735,0.00484120682314186,0,0.0138762733483949,0,0.0539785410402595
"d2","Sub4","Flax","B",0.234456078192478,1.07375969450895,0,1.36221854277601,0.64459315651564,0.08784014548052,0.176844462823342,0,0.0862839613731745,0.0061771742519691,0,0.0162546698183772,0,0.0708392901015365
"d2","Sub4","Flax","C",0.289103682651382,1.1637162496268,0,1.49578384109077,0.77459786991679,0.0920357881431735,0.178525172290614,0,0.0809644682737715,0.00430539306350861,0,0.014867242019421,0,0.061118619653515
"d3","Sub4","Flax","A",0.178295060358351,1.08542190173719,0,1.48170733712733,0.68156974199824,0.068577917029821,0.157537375293628,0,0.0722970553227665,0.00478915122392001,0,0.0174012374495903,0,0.0462284210331138
"d3","Sub4","Flax","B",0.160135821420831,0.870713269489275,0.00297289140612073,1.13457999746713,0.520855400811185,0.057800730536308,0.122041433556605,0.00288855536965487,0.053385414802942,0.00498870406767043,0,0.011964933927617,0,0.038366330246663
"d3","Sub4","Flax","C",0.164030850677391,0.95629474559619,0,1.26263043843956,0.55341899861636,0.0670900983980535,0.152414731617809,0.00283251291055466,0.0611996017017155,0.00346341925294431,0,0.0109956051426015,0,0.0488430098090532
"d0","Sub5","Flax","A",0.81254069760002,1.81350677556846,0.0607807549011525,1.57963127060964,0.79457135344836,0.132214639897554,0.189308071489895,0,0.15483774709097,0.011212976014034,0,0.061782453050096,0,0.219074449723834
"d0","Sub5","Flax","B",1.15296958679254,1.4999203355199,0.0334155311544718,1.72996402198609,0.991669065906355,0.102317707784492,0.164410201150482,0,0.108930981127134,0.0084843119445309,0,0.0451087794967094,0,0.179725953323162
"d0","Sub5","Flax","C",0.964052985135185,2.23133515536798,0.0418205471077454,2.09695400688446,1.00074149866909,0.161075478192907,0.271085758694228,0,0.220142762649343,0.0152756064775313,0,0.095981791015777,0,0.358021323954384
"d1","Sub5","Flax","A",0.657280616093115,1.61857712474254,0,2.02798817373084,0.94169367530561,0.124686057617146,0.256118833649475,0,0.158650546886454,0.00553106617702795,0,0.0208229347367505,0,0.070121407090606
"d1","Sub5","Flax","B",0.730351322930405,1.71554330760279,0,1.95362584397007,0.89846604598948,0.142796607688833,0.303696593276296,0,0.198157828692673,0.0063856088307369,0,0.0303452672918411,0,0.0842150152067315
"d1","Sub5","Flax","C",0.52583739187049,1.2893300679101,0,1.47945237223532,0.69479569996238,0.114959848941524,0.226108517250543,0,0.127356897258366,0.00581064070007,0,0.0217520784642712,0,0.0700687755267735
"d2","Sub5","Flax","A",0.358708744958926,1.52622030833335,0,1.76573193206807,0.9750122675474,0.140535140056322,0.236423621490803,0,0.13965991306662,0.00579795219701125,0,0.014357886018734,0,0.070539425638566
"d2","Sub5","Flax","B",0.621740943166325,1.53651694477742,0,1.76735606222918,0.748817160651015,0.126836887552786,0.26055327121255,0,0.149521682906241,0.0069943698658535,0,0.0249763338769147,0,0.0632419810785225
"d2","Sub5","Flax","C",0.456175825897879,1.55177781226704,0.00190414348824165,1.92468139747964,0.87208546543579,0.15248119957632,0.309261407634172,0,0.16405468550428,0.0077201891270749,0,0.0294698581728314,0,0.069141779481312
"d3","Sub5","Flax","A",0.217239851200917,1.30562973943699,0.00264363115953949,1.53215739442677,0.72852160953294,0.117950424128906,0.167608266202578,0,0.0982630370759055,0.0049105564173109,0,0.0136553922189769,0,0.06233694750616
"d3","Sub5","Flax","B",0.395687278380129,1.20765910707082,0,1.57310671672504,0.637667872978755,0.116261745989789,0.234624958916617,0,0.135319857575557,0.00529557985829,0,0.0190399422717874,0,0.0500253431078275
"d3","Sub5","Flax","C",0.34304150398384,1.24648513186333,0,1.71782939912312,0.781353096133215,0.112165259593483,0.264937152730453,0,0.129734322349519,0.006332522689653,0,0.0209953363686164,0,0.060409308936475
"d0","NoSub","ctl-m","A",0.0074891021644514,0.00920111306043785,0,0.00152744824087418,0.000602005418133445,0.00880005362063065,3.4731871612458e-05,0,0.00073321255430251,0.00074737682332807,0,0.00243594911676966,0,0.00510569810923545
"d0","NoSub","ctl-m","B",0.0070636128085865,0.0092956931054923,0,0.00148832875241466,0.00048356761479992,0.0070237907061635,0.000384144125716146,0.000388453117803855,0.000848778353444305,0.00072094353759439,0,0.00271305812493787,0,0.0055967624231626
"d0","NoSub","ctl-m","C",0.0082850577981338,0.0080824938757087,0,0.00167514280188948,0.000969505845608735,0.0070146031154357,2.28252357689823e-05,0.000557402995112085,0.000433129095554533,0.000544077314700005,0,0.0026459447952445,0,0.00474515914689622
"d1","NoSub","ctl-m","A",0.0158828900001565,0.00798809421453605,0,0.000485443954765516,0.000212596014861627,0.00487269516979994,9.4059070721323e-05,0,0,0.00114195838119977,0,0.00226644459272485,0,0.00464043669144032
"d1","NoSub","ctl-m","B",0.0088855386217508,0.00903305720867105,0,0.00033913718668535,0.000256687454128384,0.00480638624276349,0.000225104272275978,0,0.000328823933540938,0.00075195107469894,0,0.00192352191880873,0,0.00477552904481508
"d1","NoSub","ctl-m","C",0.00754954828629885,0.00813575470069635,0,8.0046977110063e-05,0.000156246998173509,0.00509640525078245,8.2427655275105e-05,0,0,0.000639416591088505,0,0.00236460256323842,0,0.00509296381949375
"d2","NoSub","ctl-m","A",0.0131880727686985,0.00289432112139199,0,0.000917842583699475,0.000648065157891275,0.00236617720006904,0.000243872378319525,0,0,0.000356095543798807,0,0.00026160393257463,0,0.0019990094426696
"d2","NoSub","ctl-m","B",0.0462524540420026,0.0111073418133433,0,0.00306164201381941,0.00127985221890127,0.00749199818300625,0.000701414942438795,0.000443257396773382,0.00074907625615251,0.000850061057577475,0,0.00317344543088828,0,0.00706257233706145
"d2","NoSub","ctl-m","C",0.066003169983269,0.0116025987552487,0,0.00344510624464595,0.00287660422804683,0.00672591877623535,0.00083301959443033,0.000417555240580473,0.00163889305750048,0.00125614258029141,0,0.0037583332089444,0,0.0070301745893472
"d3","NoSub","ctl-m","A",0.0147638252878635,0.0128697338380668,0,0.00385583445328425,0.00252963453654893,0.0082944302036634,0.00178313913707121,0.00196930700013566,0.00156894919273205,0.00097483642553979,0,0.00332560812071711,0,0.00627475003822015
"d3","NoSub","ctl-m","B",0.0188591791084969,0.0116648020474493,0,0.00364017291700302,0.00170655508932894,0.00828649627682815,0.00194245192107741,0.00180924561401033,0.000541572080164225,0.00144284493253397,0,0.00341251673644711,0,0.0063480356440489
"d3","NoSub","ctl-m","C",0.0160568849464772,0.0094185281774169,0,0.001983853441944,0.000782872033262315,0.00461157143130359,0.000727010078173785,0.00055392548536969,0.00135137604891351,0.000651536877855275,0,0.00236086703962844,0,0.00486223544768444
"d0","NoSub","Kale","A",0.229584198587459,0.628683883531995,0,0.148529476074535,0.356277955405372,0.083830249299961,0.064245172808023,0.00921914148059635,0.0936145305120355,0.00493250632567009,0,0.089419399869009,0,0.252453399598503
"d0","NoSub","Kale","B",0.251881415064813,0.736153240836945,0,0.238553353919344,0.486227265445106,0.122280834338582,0.091392878442417,0.0101761466562407,0.124232727292733,0.00501936458916435,0,0.101114324001294,0,0.320974718476232
"d0","NoSub","Kale","C",0.259401291245154,0.59705579343399,0,0.111667552651773,0.376813277163047,0.0854788131836425,0.065159608429224,0.0127050747336356,0.113666204645388,0.00564551932679935,0,0.09763430888001,0,0.287647840528762
"d1","NoSub","Kale","A",0.289743198193224,0.91425108598594,0,0.273487950706913,0.702385910339715,0.138455579166945,0.0795538075327225,0.0057948052991829,0.0735958672303785,0.0140812376061694,0,0.116102393947535,0,0.452539946928574
"d1","NoSub","Kale","B",0.283704064643945,0.914812645362435,0,0.349768751547268,0.6741456236148,0.143066753513203,0.0907101674910685,0.010791493618537,0.097801958803336,0.00908689937794645,0,0.100730731098802,0,0.385049571585063
"d1","NoSub","Kale","C",0.329066918846157,1.01547293125066,0,0.328656947023698,0.68205892982164,0.155334574306216,0.10491857245929,0.0104328401217531,0.115270711103436,0.009952389993713,0,0.121556751521027,0,0.425550559595844
"d2","NoSub","Kale","A",0.327161688481935,0.987202580094335,0,0.445522246086387,0.69559436095306,0.164620265585592,0.0971760623219335,0.0089720181705561,0.0915165248004295,0.010624035083907,0,0.108789969343126,0,0.364046402500793
"d2","NoSub","Kale","B",0.315688613961271,0.91378166243842,0,0.426505314665361,0.78378824733333,0.163228271126548,0.0843795563750305,0.00956753078925165,0.0814251706541365,0.0114805085197761,0,0.101747338452573,0,0.351052553424663
"d2","NoSub","Kale","C",0.263264483612011,0.78809231119757,0,0.343587211705685,0.68465828907398,0.141373675106546,0.076498779254279,0.0093790214166857,0.0653906196913105,0.0086751963207717,0,0.087097446375557,0,0.337969386394219
"d3","NoSub","Kale","A",0.298822273054928,1.02459574772927,0,0.464947026634868,0.76827504905962,0.169036150065134,0.109353669021935,0.0130153268019165,0.108346464961747,0.0054143625019146,0,0.109432927500791,0,0.354451651281911
"d3","NoSub","Kale","B",0.0914424801930965,0.271240402305045,0,0.147848860640069,0.228201166839997,0.070612701891408,0.0443873731708969,0.00168787274587968,0.0300615226223764,0.0021989687509755,0,0.030205018613084,0,0.154119557576013
"d3","NoSub","Kale","C",0.283956746420148,0.86026456787325,0,0.355395031614511,0.652215078466435,0.142016009888832,0.097825427174888,0.0107905710919507,0.10007677458533,0.00871927635215705,0,0.1093361700168,0,0.341762365518931
"d0","Sub1","Kale","A",0.356860579908595,0.62780023246697,0,0.0981464809154995,0.337760095630105,0.088527649621912,0.0756684099474045,0.00930710542919375,0.238674546481044,0.00531168742044855,0,0.0888064162223165,0,0.287604137981243
"d0","Sub1","Kale","B",0.443174362915864,0.85705865436525,0,0.232117974083615,0.52582735864104,0.131881722846917,0.108199372263604,0.0115738359726871,0.299031087414472,0.0057950450736461,0,0.114504844805953,0,0.416820161869082
"d0","Sub1","Kale","C",0.366882717018922,0.66159949232918,0,0.107755307188495,0.391424453833493,0.0880690070926785,0.0839232689098345,0.0134442319128589,0.269073086433419,0.0057034527206573,0,0.109992402203587,0,0.337265981140689
"d1","Sub1","Kale","A",0.136179103408487,0.403518339880416,0,0.284566084605558,0.208082962722337,0.111191389690146,0.13199914096321,0.00359140915341365,0.084389571014879,0.00306245940958541,0,0.0433262415098384,0,0.149954429912326
"d1","Sub1","Kale","B",0.186920952602905,0.51167988381399,0,0.328439281910314,0.220981176194446,0.135621637680868,0.141295243014669,0.00468625539595333,0.183044548567732,0.00495814637573808,0,0.0648737740118435,0,0.140882522208797
"d1","Sub1","Kale","C",0.0265976048753097,0.0447165834250535,0,0.051138147737619,0.0328992691005597,0.0478496770902263,0.054631440264128,0.00057387203471466,0.00688244317495075,0.000422609257831284,0,0.00597756209844335,0,0.042531437152996
"d2","Sub1","Kale","A",0.183847057785881,0.5271088535899,0,0.347683041060255,0.272636558831235,0.142337627339626,0.15740719407529,0.00540128579871525,0.116848283965787,0.0076218057151408,0,0.061294194362302,0,0.195213233131527
"d2","Sub1","Kale","B",0.180812381160093,0.480847351640899,0,0.275985938659616,0.207004300011457,0.126279402911569,0.140562016013213,0.0069855093834705,0.165318273116556,0.0050931265739865,0,0.0582265729961535,0,0.214761928566533
"d2","Sub1","Kale","C",0.229628473810078,0.465335696214485,0,0.328305384178245,0.223085451737891,0.125378597698165,0.160594122042137,0.00837507899408405,0.120883561065241,0.00602044902802745,0,0.0628345472552765,0,0.160031066223946
"d3","Sub1","Kale","A",0.195862330325424,0.395713747539439,0,0.267225408623376,0.204023681071085,0.109877893429273,0.140153253945812,0.00443500170283061,0.109763105487486,0.00486126471867902,0,0.051085350335998,0,0.145013402648271
"d3","Sub1","Kale","B",0.186431926938527,0.473503647646489,0,0.262016027729424,0.220647085351748,0.109037540706572,0.141846372426872,0.00312942068042895,0.192779459979747,0.0055880597915211,0,0.0625073812082295,0,0.145354837273136
"d3","Sub1","Kale","C",0.212157613316362,0.502008616753975,0,0.271032058637891,0.234348811897746,0.118371300943393,0.153692560615055,0.0083898355649364,0.114105479211952,0.00704900782893955,0,0.059785887856839,0,0.176650445626033
"d0","Sub2","Kale","A",0.326488198938435,0.749950654725735,0,0.238690993368943,0.5306008818091,0.121726698676335,0.131142259373049,0.00624933627045725,0.302610661897415,0.0048117458452677,0,0.107303756863624,0,0.364108359877725
"d0","Sub2","Kale","B",0.313330788928255,0.72917836545502,0,0.199348395184642,0.48265377285241,0.113807919896961,0.116517536881895,0.00681999406870015,0.273031352932069,0.00644128923458355,0,0.104662809851949,0,0.356902168709748
"d0","Sub2","Kale","C",0.348020068377761,0.897830439659095,0,0.230553611032502,0.623281510264035,0.123452352649316,0.131352396809793,0.0110731695161613,0.316323316601084,0.0105607789230952,0,0.113178340343966,0,0.40264487655699
"d1","Sub2","Kale","A",0.175238954473635,0.314464213977994,0,0.346749549823771,0.0615639506075325,0.0953007011511095,0.0646697044272415,0,0.0177909398688902,0.00466397437625375,0,0.0383603867017518,0,0.109787929974138
"d1","Sub2","Kale","B",0.179293809124486,0.336020552984198,0,0.329356191199765,0.0665258418112225,0.097842658340826,0.0659476262444055,0.00546424624889505,0.0213766611755086,0.0043516913787982,0,0.0371759002714923,0,0.121855352088318
"d1","Sub2","Kale","C",0.145495440460031,0.316840470839862,0,0.297282164372199,0.062626772774382,0.083874844683368,0.058642346211198,0.00199939152800827,0.0161436922807482,0.00498693374210103,0,0.0329831582894573,0,0.110519911065204
"d2","Sub2","Kale","A",0.103801500335619,0.182071377668931,0,0.195452120196903,0.0359583385234128,0.055731352833232,0.0435774268152448,0.00232750014785001,0.0101714283952882,0.00294482087584522,0,0.022052291221947,0,0.057321021781264
"d2","Sub2","Kale","B",0.165092764619742,0.292128316077211,0,0.315569703861996,0.06158838550672,0.0872728397253625,0.061118598422041,0.00318993362951395,0.0159278931274941,0.0045645963380386,0,0.0376120192677765,0,0.081136705937911
"d2","Sub2","Kale","C",0.148341690709339,0.269122041346917,0,0.3200199715749,0.0527782807146805,0.0808596237819685,0.0612713251842205,0.00293576973053201,0.0183539571928449,0.00457996087838061,0,0.0326338873747995,0,0.0822555512054425
"d3","Sub2","Kale","A",0.152091878125634,0.310498215572481,0.0092237154472501,0.34320612160941,0.102023248997595,0.146111848516593,0.09492158969317,0.0469386406782751,0.0315879841657854,0.0290293892163329,0,0.0584531582051955,0,0.113314477599822
"d3","Sub2","Kale","B",0.161099289601016,0.293492006404527,0.00998744440264355,0.328670980844203,0.0814634118909735,0.120421852940608,0.0882183755280915,0.0342440648008297,0.0306789136724561,0.0256084741741292,0,0.050242192811444,0,0.106609293551719
"d3","Sub2","Kale","C",0.140673203105286,0.276500731806138,0.00939679574961125,0.265988901782239,0.0755773293545425,0.117851998830576,0.082820773003786,0.0330215052665006,0.0280896709492677,0.024755110616081,0,0.0441113044736715,0,0.093628974708488
"d0","Sub3","Kale","A",0.25441181372606,0.56556002591285,0,0.184056324371158,0.393163601812792,0.0929122745700545,0.069253722560734,0.0103206397869141,0.107678055235178,0.0078858907951879,0,0.076929696536235,0,0.288596195546717
"d0","Sub3","Kale","B",0.308031287319591,0.762246275709415,0,0.205718494752655,0.459002282882507,0.120698726761282,0.090165590901973,0.0117514604630366,0.159247126498006,0.0086849610479443,0,0.101312693968472,0,0.350275270776269
"d0","Sub3","Kale","C",0.326170081327641,0.727532431107685,0,0.163384480253226,0.445298142652747,0.100835341531976,0.079266921066856,0.011148121202372,0.159637248302068,0.0104087205879406,0,0.102490517918411,0,0.378670706474825
"d1","Sub3","Kale","A",0.0275362875614215,0.059058541026226,0,0.069322794098265,0.0274538926903099,0.0373075901507778,0.0153929390930538,0,0.00399680728416451,0,0,0.00552395236554565,0,0.044529671194358
"d1","Sub3","Kale","B",0.190744145749108,0.51646104277747,0,0.349505521710378,0.174883675064419,0.12881621644263,0.0607698711719825,0.0059734986606232,0.0577008220876285,0.00302851189105397,0,0.0423500037275905,0,0.16292266535427
"d1","Sub3","Kale","C",0.18896994317718,0.451284339344015,0,0.471881260108943,0.165357123890228,0.124743925423176,0.0546312083683785,0.00663268998874055,0.0355522095944478,0.00489899461742766,0,0.0433591924357465,0,0.162720014806014
"d2","Sub3","Kale","A",0.167541401646277,0.299455765526113,0,0.312665018295147,0.085854177809512,0.107604014044051,0.0369437326483077,0.0028027840869343,0.0234707320766526,0.00229276627251243,0,0.0346982687211402,0,0.0839214621961135
"d2","Sub3","Kale","B",0.192311512237415,0.316570768159058,0,0.271700056651024,0.0839308008601635,0.102991181579716,0.0481296926442064,0.00493638214707183,0.0614288904386205,0.00269582250114603,0,0.0349469256938483,0,0.112740429279987
"d2","Sub3","Kale","C",0.188198798860423,0.301571057388599,0,0.216236898585573,0.057544582119328,0.08664466372329,0.0427983578131235,0.0051509351394488,0.0231570656823271,0.00412557113020454,0,0.0384494517784622,0,0.117439852944277
"d3","Sub3","Kale","A",0.164505027915697,0.31326597383465,0.0070613700592903,0.330559777030069,0.079063637495275,0.131985220769109,0.05157368089138,0.0261589482142009,0.0275325703246305,0.0147113666937728,0,0.050784477563444,0,0.120335550881345
"d3","Sub3","Kale","B",0.168993515987049,0.304553651827406,0.0109087687315498,0.31847256939345,0.093133252847655,0.136396788835193,0.0660514899634295,0.0303260104466761,0.0320628923679007,0.0195299576911894,0,0.0495030100454543,0,0.116451899565546
"d3","Sub3","Kale","C",0.154827647733523,0.27621962599659,0.0035386552677823,0.345850159084258,0.0662878911851835,0.106726518008147,0.0417384708275883,0.0131893577478526,0.0231385166168085,0.0081938882144604,0,0.0420392071670265,0,0.097395542503582
"d0","Sub4","Kale","A",0.261730689117178,0.572731039322995,0,0.183154311644409,0.407727823593021,0.0994616011171725,0.085633423024388,0.0103372047966885,0.214811149606192,0.0068183499953466,0,0.075163339478948,0,0.279860430069372
"d0","Sub4","Kale","B",0.304144044831579,0.671373875640645,0,0.212765736906718,0.434781422247518,0.107458326266843,0.100261833174334,0.0122272219095867,0.227497532036985,0.00686509130074795,0,0.095892284984283,0,0.351618707025899
"d0","Sub4","Kale","C",0.27192349365741,0.515773308645,0,0.135889859917164,0.299030597891713,0.0758879738419465,0.0741817346617215,0.00891976066687575,0.198412131033497,0.0056004557883772,0,0.0759416701336525,0,0.247272321051595
"d1","Sub4","Kale","A",0.136200422354295,0.328346396357528,0,0.206045919642205,0.0684103220986405,0.0749537551331745,0.056640674367815,0.00435083773002706,0.019667139773988,0.00685384003203045,0,0.0340464334049995,0,0.135776307918348
"d1","Sub4","Kale","B",0.13849165336974,0.330538616404538,0,0.272689586598499,0.0660645938744585,0.0783528534308175,0.057261187034676,0.00355484995310003,0.0198586397235356,0.005676943046311,0,0.0348297805345205,0,0.133894494766226
"d1","Sub4","Kale","C",0.150921876259955,0.298095727073049,0,0.242297378468983,0.057616426106266,0.071075995204608,0.058533700903341,0.00476375900497369,0.0184168650944565,0.00555996857516585,0,0.0353119849673053,0,0.11730432458759
"d2","Sub4","Kale","A",0.188168949510858,0.297975496891305,0,0.342850131575671,0.0645024056447005,0.095236911904583,0.054315942784665,0.00466118405385923,0.0244125077717539,0.00499883053103178,0,0.0372399332491078,0,0.103425299450281
"d2","Sub4","Kale","B",0.157422552832462,0.258101985832804,0,0.218192823160239,0.0573478802008495,0.0739619360058465,0.0502690622930565,0.00323237317313258,0.0159793688768062,0.00487801045670979,0,0.028877842380313,0,0.080887652651185
"d2","Sub4","Kale","C",0.16304221205319,0.339098191143161,0,0.750905531351355,0.0823734449038555,0.101441037318664,0.064463611618186,0.00256551234776542,0.0205932662420097,0.0058343167164969,0,0.0393279395436716,0,0.1560379186493
"d3","Sub4","Kale","A",0.14360710424367,0.291840720754447,0.00643111496919845,0.329223590051789,0.075764157500087,0.107064030382861,0.070071858179022,0.0226196942754611,0.0297370500952897,0.01327122903637,0,0.0468988425124828,0,0.105948378263963
"d3","Sub4","Kale","B",0.121743149740613,0.267321274184456,0.00415327190382035,0.283609327000063,0.050050315132351,0.0875544562767255,0.057160731403592,0.0132227395683383,0.0234969969319337,0.0090683725076478,0,0.0385717592812476,0,0.0799628719068665
"d3","Sub4","Kale","C",0.115088263477121,0.289278935713885,0.00268568263124715,0.247680000571393,0.0632183789767515,0.07961488333976,0.056161278065212,0.00449570456845593,0.0158025723669904,0.0064242520354766,0,0.0368973124744958,0,0.07947708561899
"d0","Sub5","Kale","A",0.265284818741358,0.595096169417365,0,0.149336920058109,0.336328888715463,0.0916339352334915,0.0834122940148635,0.0095196908264427,0.174841632183471,0.00688445741279145,0,0.083662243164372,0,0.288127732629651
"d0","Sub5","Kale","B",0.286092730588965,0.609536243699625,0,0.0841280536034735,0.342301749467452,0.0881323392397515,0.0863403625007675,0.00684714332449275,0.204597111245372,0.0088392986126146,0,0.0950641650614535,0,0.307304256357116
"d0","Sub5","Kale","C",0.256129599630047,0.582491505439795,0,0.159151142403186,0.363956097544975,0.0955561505752095,0.08901321521679,0.0072936921407967,0.18858801668767,0.0071037173562219,0,0.0899723513964515,0,0.299104025637935
"d1","Sub5","Kale","A",0.218926619799763,0.626431714491475,0,0.335439190698442,0.316142806273153,0.161928762475211,0.169035057333101,0.00764630246129595,0.19322481182296,0.00677716877771395,0,0.0620058256558795,0,0.190134245429837
"d1","Sub5","Kale","B",0.21239368589074,0.52305310246105,0,0.29496670035171,0.29448447300299,0.149562482963077,0.14855014924992,0.0072185581923256,0.124430854622134,0.0055286119612643,0,0.05812470101979,0,0.138843841819453
"d1","Sub5","Kale","C",0.181739628526847,0.485012400592536,0,0.261628140319576,0.283827483621809,0.138411746615143,0.125870363122913,0.00381507910904078,0.117840341833035,0.00394098443522059,0,0.050034313277422,0,0.120844036100412
"d2","Sub5","Kale","A",0.203213522620205,0.594359444853595,0,0.32447107141459,0.337875494213988,0.172408459448027,0.169283214966758,0.0160320638298491,0.163589035421141,0.0128691264217288,0,0.063298226190614,0,0.198956632606817
"d2","Sub5","Kale","B",0.17697463923146,0.493655669134774,0,0.338158631980997,0.284262719120269,0.134226461013497,0.130160652276038,0.00866847433523,0.107909172634679,0.0075457525218541,0,0.0485649225930661,0,0.121735422583853
"d2","Sub5","Kale","C",0.176441271268091,0.459316638219585,0,0.238995581045442,0.23605524018494,0.117092358678799,0.134469946239298,0.00778568365616535,0.114933582287485,0.00479726946634818,0,0.0501579511971475,0,0.152299561665363
"d3","Sub5","Kale","A",0.215008110772838,0.629201039902885,0.00253842746530559,0.312325494420879,0.334632001880293,0.145844269919585,0.157381775837217,0.0087028598683025,0.16581507667591,0.00606146939111665,0,0.058851029695689,0,0.175760859285829
"d3","Sub5","Kale","B",0.278118793612156,0.623813518405975,0.00246831000337842,0.34342347998007,0.328790459529828,0.15322000069511,0.179477818204929,0.00367204304417782,0.147359732661653,0.00617946435629985,0,0.0668315618937005,0,0.177671789599151
"d3","Sub5","Kale","C",0.22709588221888,0.65976841240545,0.000721746792381855,0.38033737229223,0.386681029992973,0.165778818768411,0.16094748852614,0.0059564954758425,0.150704889215424,0.0063565415810566,0,0.0676512895380265,0,0.180950029771383
"d0","NoSub","ctl-m","A",0.0728318336236105,0.0117090361854301,0.0109726205202603,0.0052248633440723,0.0051351078784779,0.00507670266442975,0.00102733402201448,0.00108732662078461,0.000216948138212157,0.00134977333157234,0,0.0053073102233231,0,0.0086987308587155
"d0","NoSub","ctl-m","B",0.0156157312516456,0.00745238210694185,0,0.00180776678155081,0.001473544957166,0.00334811277387684,0.000297833360246078,0,0,0,0,0.00253293011248457,0,0.00499552165795238
"d0","NoSub","ctl-m","C",0.0107398827598158,0.00712229061669985,0,0.00146402426610174,0.0011278606771537,0.00292572044445905,0.000474964151181523,0,0.000444861217687401,0.000585033870179355,0,0.00176497943743084,0,0.00426438287561243
"d1","NoSub","ctl-m","A",0.00371205257628767,0.0063182889230225,0,0.00106843057054079,0.00131381099535875,0.00242997701854863,0.000423579429630643,0,0,0.00063637474364593,0,0.00145271629018703,0,0.0040049261826812
"d1","NoSub","ctl-m","B",0.00291148097870372,0.0065798482457766,0,0.000795217844320315,0.00075449419496795,0.00271873853217676,0.000240156701822917,0.000795331861448795,0,0.000320422902483629,0,0.00156010334585533,0,0.00398842059231937
"d1","NoSub","ctl-m","C",0.00298577054350976,0.0064017384820006,0,0.0006606080533389,0.000483183359338628,0.00290414965644842,0.00027302986648915,0,0,0.000622702792176795,0,0.00086483385350661,0,0.00384421730258134
"d2","NoSub","ctl-m","A",0.0079341498760309,0.00671118501221665,0,0.00207503664748432,0.00087627119618935,0.00261135025701411,0.000658929215593515,0,0,0.000436415674199513,0.000344468123500996,0.00092063954315925,0,0.00388927814506314
"d2","NoSub","ctl-m","B",0.0184555936608918,0.00850380240032545,0,0.0234757020075751,0.00369469800971274,0.00310285812393233,0.00059970335166304,0,0,0.000785439399006855,0,0.00261116928612989,0,0.00477550750027071
"d2","NoSub","ctl-m","C",0.00947036862173835,0.00794277308306795,0,0.00305195531820383,0.00241458436991423,0.00325134827990491,0.00122718614302623,0,0,0,0,0.00440679153771332,0,0.00539738693213595
"d3","NoSub","ctl-m","A",0.0102016080229045,0.00958160869198385,0,0.00442570344829137,0.00535187587782395,0.00561457433942675,0.00274444723273009,0.00186033271672626,0.00149311897221479,0.00201672109831292,0.00236839595838738,0.00254620530326417,0,0.00603778539017065
"d3","NoSub","ctl-m","B",0.0120880469339586,0.0113334141558497,0,0.0065482710203678,0.0047155370393788,0.00588009466051505,0.00268455193846181,0.00122943054622476,0.00161374522552878,0.00182372318834935,0.00152239629765904,0.00280897433083326,0,0.00688694669231075
"d3","NoSub","ctl-m","C",0.0101853427840799,0.0110941325184242,0,0.0051476197141858,0.00194828937199257,0.00570251594325435,0.0026615403562492,0.00170825447244722,0.0009243845091588,0.00169548298445371,0.00130865021700332,0.0038350146890808,0,0.0073770681765272
"d0","NoSub","Banana","A",3.99346966278372,0.383770713318362,0,0.226800363664265,0.23807967097009,0.0464134818207986,0.0148704143553644,0.0057267520461419,0.0057419566854776,0.0161204485818572,0.00124147368489978,0.204551115172081,0,0.220759068170873
"d0","NoSub","Banana","B",3.40656421054754,0.37629204747665,0,0.206424777796306,0.217825751251373,0.0523373121292665,0.0151858500883886,0,0.0066153874395139,0.020904075611876,0,0.224806748578467,0,0.254151150312679
"d0","NoSub","Banana","C",5.2018797207919,0.396227528383685,0.0177756301988057,0.289805377476977,0.308975630519374,0.0762601670470885,0.0305269154160282,0.0247665644376909,0.0155942460450859,0.0261301955450752,0.0146540817704703,0.251932790523338,0,0.263011519203328
"d1","NoSub","Banana","A",4.1530905265364,0.382216056728882,0,0.237946703072748,0.220202022551689,0.050227899752141,0.0175329356293256,0.0079911434412812,0.00963979907875895,0.0147894367631643,0.0015796412456844,0.20585065353038,0,0.225380085270244
"d1","NoSub","Banana","B",3.9788790849111,0.342582573200175,0,0.277062691229352,0.259916247734218,0.05344172307084,0.0207794150903706,0.0092170355656108,0.0117119922038825,0.0177205952329769,0,0.22649206655561,0,0.225202315644142
"d1","NoSub","Banana","C",2.03281616155575,0.256392255163969,0,0.133230161288603,0.154652329316471,0.0468765367026782,0.0117271197102618,0,0.00518245617770175,0.0182996853117186,0,0.218089480120881,0,0.218471091262037
"d2","NoSub","Banana","A",4.13409474997735,0.332129814926831,0,0.263129386081112,0.290490654218958,0.0539368386998365,0.0185381120173093,0.0111224330804234,0.0106861740912877,0.016712229629978,0.00164060798272324,0.215828101335701,0,0.22943174728529
"d2","NoSub","Banana","B",4.8965554385747,0.44362450113822,0.0106362286497223,0.291046663678896,0.271906966625949,0.053848652579015,0.0209628875320329,0.0107243723035864,0.011539192749154,0.0147824488666444,0.00110258699078029,0.23509212489385,0,0.243205115439947
"d2","NoSub","Banana","C",5.209990371513,0.415486996066683,0.0143050159003109,0.318299667129675,0.299259232532645,0.0592527859136005,0.0256969857460633,0.0085324323234528,0.00812499357127425,0.0167232525584111,0.00171247661293634,0.237488500214846,0,0.256211551875884
"d3","NoSub","Banana","A",4.06477050792034,0.335418385103521,0,0.218037444652836,0.21957106618612,0.0462571372978276,0.0155577113544729,0.00492426720059176,0.00485132550471744,0.0220359291326983,0.00149866022143911,0.193178297267013,0,0.21275448109248
"d3","NoSub","Banana","B",4.23298341962899,0.336546603612474,0,0.254292410316905,0.259121389201693,0.053758011930563,0.0174330875746627,0.0055625257300592,0.00617902264033365,0.020676365171763,0,0.219961226249645,0,0.228676081000968
"d3","NoSub","Banana","C",4.23686247688434,0.339953339235956,0.0117962494860384,0.225932451827184,0.233319545349366,0.0475005310337721,0.0172215824019369,0,0.0065085365673866,0.0186181044539914,0.00182257662541834,0.222322024938054,0,0.247644351367095
"d0","Sub1","Banana","A",5.50908578414785,0.419012787354141,0.0108422143274322,0.275765080991036,0.257913857288763,0.059787617305002,0.0333301424356642,0,0.0321429439901427,0.0169637035574949,0.00161968152479958,0.215901584270742,0,0.278587194130519
"d0","Sub1","Banana","B",5.21386621234595,0.453958555646419,0.0124500872888879,0.278048811401314,0.289209119815822,0.0634174240472425,0.0327077662476276,0.00941239201509875,0.0289815368493072,0.0186018369033475,0,0.209750807200776,0,0.312628499690973
"d0","Sub1","Banana","C",6.4113724277408,0.450607898943684,0.0159380638884423,0.314518793996028,0.321380451707131,0.068690439857861,0.0368808110993699,0.010617452546854,0.0341653591749535,0.023031643435921,0.00158306205132502,0.266878170389067,0,0.339048444430815
"d1","Sub1","Banana","A",2.38648809671942,0.167483069453531,0,0.172564336439376,0.164757140776846,0.0491062223083751,0.0315852394556031,0.00570161996048835,0.045471280161378,0.0101676034335157,0.000380320656331906,0.050910067887068,0,0.126290404537649
"d1","Sub1","Banana","B",2.2767196916515,0.258584744315802,0,0.21968487619636,0.222560483202648,0.058772915854831,0.0374354080685799,0.00757134886637955,0,0.0133076125709751,0.00126263327047716,0.0576853991788705,0,0.136687418948959
"d1","Sub1","Banana","C",2.42310709288023,0.246064638834755,0,0.225455533207665,0.224699712134231,0.0627274367888605,0.0395623352943888,0.00675316893234335,0,0.0146247839879501,0.000718475102436285,0.0635527369526105,0,0.152382390365289
"d2","Sub1","Banana","A",2.72690502242985,0.205184074173756,0,0.200453539791642,0.182817648764994,0.0615313130990235,0.0413763349395947,0.0053612185669421,0.052850967277605,0.0113946386764107,0.000461535547491196,0.073874486556728,0,0.155882176441874
"d2","Sub1","Banana","B",1.38201425686877,0.17176771319293,0,0.193893154057534,0.18120771524381,0.055266968895382,0.0351362167658825,0,0.0263793905802206,0.0112824442448229,0,0.0650213871255575,0,0.115889199783609
"d2","Sub1","Banana","C",0.86295002848091,0.17633497871676,0,0.191565048462433,0.185495134573856,0.0580663064377455,0.0374415097994835,0.00700372961700495,0.0544795371682655,0.011333038589316,0.00174981633687302,0.060716621254728,0,0.098694797561341
"d3","Sub1","Banana","A",0.202817174271632,0.180767857800346,0,0.200295112171392,0.169435257727993,0.0565697291684085,0.0390277842614566,0.00231953941693431,0.0272737588604043,0.0111459465592924,0.00115034760771292,0.0498309474749529,0,0.0918106520629195
"d3","Sub1","Banana","B",0.133796267987911,0.172681490890806,0,0.181222872300676,0.15225151135293,0.0482314392525697,0.0354251270488578,0.00803200159316395,0.0331145811864886,0.0088354542120156,0.00164880046454337,0.0509431237746335,0,0.103656353037317
"d3","Sub1","Banana","C",0.160161601376161,0.201880005823172,0,0.230095845180209,0.182551995355146,0.061351324448305,0.0476849757914479,0.0107100185229776,0.0827192705027785,0.010723351446335,0,0.0635007346236505,0,0.121540284563938
"d0","Sub2","Banana","A",4.59646419442107,0.456435649777507,0.0106612603587644,0.250821016184813,0.246370097339216,0.057599193835697,0.0457536165179463,0.0079621323166106,0.0242532634878843,0.0190508251587511,0.00146726233259655,0.202893975532716,0,0.269170917439048
"d0","Sub2","Banana","B",4.44732462515558,0.396975116277986,0.0133799596687469,0.254214062399557,0.238142849522204,0.0496620458335357,0.0386683514659748,0,0.0241021720643573,0.0148976323578247,0.00120939617138759,0.18932476208533,0,0.236918038555139
"d0","Sub2","Banana","C",4.56215434509667,0.441632724206833,0.00866467166720145,0.25223749168526,0.23357364127309,0.0573899023533625,0.0474903167482563,0.0048671263354459,0.025982588828816,0.0137946476954471,0.00208462168490755,0.251378315385993,0,0.299627163192052
"d1","Sub2","Banana","A",0.100786843922831,0.167318842144542,0,0.158257966776339,0.116592527283039,0.0321720248052111,0.075992149972647,0.00373737177205071,0.0123414741889316,0.0055732148043743,0.000380104877947043,0.014568616507482,0,0.107408473243063
"d1","Sub2","Banana","B",0.105781501865836,0.177052469064302,0,0.14538697557527,0.109208500593092,0.0351147680033219,0.097666069527967,0.00349640945702375,0.00456907958748292,0.00611233927071415,0,0.0157459749176086,0,0.119574321061312
"d1","Sub2","Banana","C",0.0754801821922845,0.130449895601417,0,0.106424517765009,0.0779874468666145,0.027393129578262,0.069767652321181,0.0020655167724898,0.00459244041239774,0.0053596638562278,0.000318205308626331,0.0130555962608142,0,0.103386337925143
"d2","Sub2","Banana","A",0.060508678062233,0.087720837891586,0,0.0594943634829325,0.043178358638089,0.0184989148777164,0.058285848819153,0.00267620226982385,0.00241329890819709,0.00370132198135627,0,0.00986242338649765,0,0.0674071034847875
"d2","Sub2","Banana","B",0.0711234653610405,0.115626368052786,0,0.0770969502920825,0.0531058373353355,0.0245812237900031,0.0779393278773825,0.00158928766174517,0.00299371215171414,0.00695530608015195,0,0.012791036704777,0,0.089968022998364
"d2","Sub2","Banana","C",0.082152644303287,0.137241170987276,0,0.0924745830721825,0.0670663218854545,0.0289147610179602,0.084424932670814,0,0.00436953541443797,0.0098860522970529,0.00181360799561498,0.0150577313789027,0,0.0984787063743845
"d3","Sub2","Banana","A",0.094351985403829,0.1490857065785,0.0119045523659353,0.103317810498565,0.0742845518976205,0.0488336069946116,0.103206422291951,0.0240832604679518,0.0146571370575834,0.0255346631844461,0.019012276103088,0.0306854635894749,0,0.117560180000686
"d3","Sub2","Banana","B",0.0858587673205805,0.150240599321034,0,0.0947931743320645,0.0779472336966115,0.0473938563771759,0.096597319540329,0.0211250216436639,0.0127715122659743,0.0181382755245437,0.0131756102380756,0.0251039119529383,0,0.114764632202463
"d3","Sub2","Banana","C",0.090925599089111,0.129073290035492,0,0.0863916736171435,0.0645569478612415,0.0473401823943509,0.095532578761434,0.0206156729501303,0.0135190125517709,0.0212229035947468,0.0213059951776384,0.0259322274383956,0,0.102901719990339
"d0","Sub3","Banana","A",4.72837680919134,0.457770337959585,0.0125365454955752,0.242078420267308,0.22723842864169,0.0595497892825655,0.0318064737596944,0,0.0229314683608591,0.0130768028133716,0.00136932031255185,0.218858391820976,0,0.263766824085679
"d0","Sub3","Banana","B",4.18524865565487,0.340595139942383,0,0.24093741026301,0.210874876686109,0.0512012061831535,0.0293417639235124,0.0086142164773518,0.0194156374454457,0.0167164021351972,0.00080459148523242,0.174357355376987,0,0.225660252175359
"d0","Sub3","Banana","C",5.0046655879401,0.42160578610688,0,0.291071695130088,0.289572065577175,0.0641948153570695,0.0352597673626606,0.00996400500884055,0.0218834274498198,0.018213819512137,0.000609399037440655,0.231525903768505,0,0.272826656375518
"d1","Sub3","Banana","A",0.128579692935469,0.250118547513979,0,0.170935231496492,0.142228177016193,0.0377771493193902,0.026734508063813,0.00259992130487739,0.025508350758723,0.00680245473015865,0,0.0240586942792806,0,0.130425704795807
"d1","Sub3","Banana","B",2.74475909811447,0.271070784556491,0,0.250276126099759,0.228299492870319,0.0510966418310135,0.0385212043163659,0.005256635870678,0.0180171180647252,0.0059725624053055,0.0005757096542384,0.0252795372617754,0,0.141994832675222
"d1","Sub3","Banana","C",0.65334943085581,0.284444560592719,0,0.18379245490835,0.160077849282453,0.0347884108709849,0.0303724878393372,0.00517834006821625,0.007768641011633,0.00461726700007244,0,0.0201004993845109,0,0.134945125224825
"d2","Sub3","Banana","A",0.0957343161499225,0.207378283917541,0,0.138043009884511,0.124318073067581,0.0180115486131157,0.0238910653903311,0,0.00483047990000506,0.00408043760500579,0.000491535628879008,0.0155271401377554,0,0.103149917664189
"d2","Sub3","Banana","B",1.20331642758349,0.19744953348944,0,0.185587824837507,0.178148753700222,0.0398662111680747,0.0291889060937967,0.00337106581482872,0.0168732251507335,0.00473910530650532,0,0.0195399619598015,0,0.100222411819358
"d2","Sub3","Banana","C",0.103500184328575,0.212665374973821,0,0.139772985983534,0.120689016426603,0.028208033569757,0.0285420627074991,0.0059389414868469,0.0058719313012758,0.00484383908709251,0,0.0172881618038648,0,0.0977134923485635
"d3","Sub3","Banana","A",0.091951500764405,0.224734101213971,0,0.152797481583505,0.131202649359319,0.0485948120890429,0.0390825068981705,0.0176775431481442,0.0141021602171776,0.0172481919270103,0.0179048812949062,0.026796502021597,0,0.114307207695147
"d3","Sub3","Banana","B",0.650704469159985,0.287729709826837,0.0150736452322175,0.245502620894884,0.203701934971128,0.083881532957661,0.0649645002147185,0.0340097618765468,0.0449513905917634,0.0298194623998624,0.0282883513194416,0.0405459245317718,0,0.158475606314266
"d3","Sub3","Banana","C",0.093439972382448,0.236426981631908,0,0.143249588594225,0.124167244699349,0.0467381242573802,0.04318216107965,0.021992888071131,0.0139441103102704,0.020582302519245,0.0142850821563637,0.023202283298364,0,0.113164336787004
"d0","Sub4","Banana","A",2.09016497870048,0.259317933506577,0,0.119580069378798,0.111613419081308,0.0352118841255293,0.0269258226064494,0,0.0170782350374026,0.0117836168633466,0.00140695380677403,0.109881241292926,0,0.198779470398811
"d0","Sub4","Banana","B",4.08219619242708,0.33866446538698,0,0.231533993045473,0.230084860253776,0.0545027571071575,0.0336685886146435,0,0.031497642695791,0.0155665633728015,0.00163943746955041,0.192874029651898,0,0.237167672837613
"d0","Sub4","Banana","C",5.06992038944965,0.417368179954804,0,0.26968816596711,0.252527438972865,0.0587775132734425,0.0352576748027232,0.0114688781073681,0.029939784279718,0.0215142343387318,0.00105567548828896,0.209215417722797,0,0.286967540466197
"d1","Sub4","Banana","A",0.205052556857465,0.279211146550253,0,0.24727122797379,0.215771479463649,0.0239601480188428,0.0556589592809435,0,0.0067363151767884,0.00890107095336395,0.000548540613789545,0.0239013014296515,0,0.169533383394133
"d1","Sub4","Banana","B",0.199913419538403,0.244299066476706,0,0.213962810410316,0.200303743006173,0.0217542286177938,0.051950783992437,0,0.0075757490555572,0.0084588655099281,0.000448195222664458,0.0202464298053896,0,0.131847243561431
"d1","Sub4","Banana","C",0.122501220599072,0.242030686129559,0,0.190267240318288,0.165913664544213,0.0214376794192177,0.0457469935309148,0.0050068602660168,0.00690660143717815,0.0066876022356688,0,0.0221599587644339,0,0.145770041989925
"d2","Sub4","Banana","A",0.075845378311169,0.205341206876927,0,0.161250397136235,0.149492315933701,0.0183608544222903,0.0417584060734567,0.00509829155040205,0.00392992956142617,0.0056412247541778,0,0.0174572513508258,0,0.120713611368583
"d2","Sub4","Banana","B",0.079660803741044,0.236438052960892,0,0.19632263700407,0.178802197381159,0.0199839299774909,0.054393351837026,0.00554367271005085,0.00684491061537185,0.0078760357079979,0,0.0212026234769602,0,0.13136396282095
"d2","Sub4","Banana","C",0.0971395971271455,0.252692942339173,0,0.202917454486302,0.181691782860033,0.0222928372012318,0.052788583762668,0.0065413460750421,0.00615348988097365,0.007630967985583,0.00110029296016889,0.021867709846672,0,0.143768717492119
"d3","Sub4","Banana","A",0.088880883406313,0.221211060695273,0,0.189305422958289,0.168743274694825,0.053589543630856,0.069813974059806,0.0192560238451567,0.015695456086797,0.0171354206422035,0.0170936146823013,0.0294524117817415,0,0.147411695957736
"d3","Sub4","Banana","B",0.080597765318401,0.206634611631163,0,0.190519376761535,0.168311586434434,0.0244144836290963,0.0518425027617025,0.0071080250325755,0.0117078901020896,0.00710847674125585,0.0042426770282975,0.0225469449336839,0,0.125792887882053
"d3","Sub4","Banana","C",0.0796487850280615,0.224096260930479,0.0131754273312968,0.178462721444638,0.150766798992969,0.0212851494715553,0.0493266482264299,0.00821543867915945,0.0096741270195958,0.0059254337766742,0.00155196113500967,0.0204003461201368,0,0.131544056034738
"d0","Sub5","Banana","A",5.38955243313305,0.461364308639362,0.0137705574486394,0.278023035349943,0.269150199999791,0.0669964024491525,0.0431895254074752,0.007975430446489,0.0237857783395335,0.0207951016683353,0.000880831563245105,0.243200569475225,0,0.297009983083577
"d0","Sub5","Banana","B",3.18289413712267,0.303497638963683,0,0.175307617253012,0.182737087746817,0.051888572017057,0.0333650738756087,0,0.0128894248440758,0.0175779606574317,0.00286963154797992,0.190238754802998,0,0.24289125328385
"d0","Sub5","Banana","C",4.12046749828618,0.323114895817856,0,0.201358759987297,0.192518135356178,0.051565697687117,0.0369908560821252,0.0108241282110087,0.0147615489383165,0.0135915296983858,0.00066841613930386,0.182814189110939,0,0.227552308281436
"d1","Sub5","Banana","A",0.354147212831874,0.238569155841942,0,0.154480419840874,0.126020346517711,0.0472626338388495,0.0482270358145461,0.00409285159033396,0.0318975619251414,0.00739761131379355,0.0010764925240219,0.0440084614809843,0,0.133622982483935
"d1","Sub5","Banana","B",0.99415501557101,0.194865803168539,0,0.0932530708691615,0.086457944255567,0.0343807024957572,0.0460164142907235,0.002613380788703,0.0058134252395887,0.00667529049116215,0,0.0162341027538558,0,0.137252706721001
"d1","Sub5","Banana","C",2.33296567876197,0.236405883014559,0,0.176452444021713,0.151981871675981,0.0531195607848015,0.050615865724605,0.0071387894785378,0.0343963073450514,0.0089070177222913,0.0022257115634831,0.0762714008679735,0,0.140816154219866
"d2","Sub5","Banana","A",0.171651090338367,0.249620978935852,0.0108762026689986,0.202223361564462,0.159120497195595,0.060636691072335,0.058160518246551,0.0098231188677793,0.0449465488684641,0.010952297540679,0.00698736197658595,0.066191821274095,0,0.152044504751842
"d2","Sub5","Banana","B",0.112737414908042,0.164898484506992,0,0.10795133430554,0.072365603654149,0.0351898317045788,0.0404202439765305,0.00459736749323922,0.011635128272803,0.0065972217995911,0.00335974263851584,0.0146202973909201,0,0.101025690704401
"d2","Sub5","Banana","C",2.02505356207499,0.190548984456347,0,0.175509580504413,0.142392663964482,0.058488598511525,0.053754709796533,0.00408409621088902,0,0.0096646178286414,0.00177180300546821,0.0943042213728695,0,0.152904312026184
"d3","Sub5","Banana","A",0.14783970539065,0.23790691034404,0,0.198483138869523,0.162549852185281,0.055156420828555,0.055007393530791,0.00266198515860906,0.0596753644187425,0.00776919025570225,0.00154258780182044,0.0616720395031245,0,0.1510344500949
"d3","Sub5","Banana","B",0.107218539487603,0.209988521242208,0,0.129914837183053,0.0927022913663045,0.0225107330653152,0.0474817935837964,0.00311024303599577,0.0164815006744723,0.00528244964084335,0.000359041966682619,0.0186930732685877,0,0.133237330028041
"d3","Sub5","Banana","C",0.250945804754585,0.225557013620487,0,0.174789655609987,0.143566505996689,0.054548915640218,0.058121074881916,0.00693452234213325,0.058943736163924,0.00619141549698145,0,0.075716085794136,0,0.140862536841539
